-- phpMyAdmin SQL Dump
-- version 5.0.2
-- https://www.phpmyadmin.net/
--
-- Host: 127.0.0.1:3306
-- Creato il: Apr 01, 2021 alle 17:58
-- Versione del server: 8.0.18
-- Versione PHP: 7.4.5

SET SQL_MODE = "NO_AUTO_VALUE_ON_ZERO";
START TRANSACTION;
SET time_zone = "+00:00";


/*!40101 SET @OLD_CHARACTER_SET_CLIENT=@@CHARACTER_SET_CLIENT */;
/*!40101 SET @OLD_CHARACTER_SET_RESULTS=@@CHARACTER_SET_RESULTS */;
/*!40101 SET @OLD_COLLATION_CONNECTION=@@COLLATION_CONNECTION */;
/*!40101 SET NAMES utf8mb4 */;

--
-- Database: `parco`
--

-- --------------------------------------------------------

--
-- Struttura della tabella `amministratore`
--

CREATE TABLE `amministratore` (
  `IdAmministratore` int(11) NOT NULL,
  `Nome` varchar(25) NOT NULL,
  `Cognome` varchar(25) NOT NULL,
  `Email` varchar(50) NOT NULL,
  `Password` varchar(50) NOT NULL
) ENGINE=InnoDB DEFAULT CHARSET=utf8;

--
-- Dump dei dati per la tabella `amministratore`
--

INSERT INTO `amministratore` (`IdAmministratore`, `Nome`, `Cognome`, `Email`, `Password`) VALUES
(1, 'Paolo', 'Rossi', 'paolo.rossi@ambiente.it', 'password1'),
(2, 'Giovanni', 'Bianchi', 'giovanni.bianchi@ambiente.it', 'password2'),
(3, 'Simone', 'Neri', 'simone.neri@ambiente.it', 'password3');

-- --------------------------------------------------------

--
-- Struttura della tabella `categoria`
--

CREATE TABLE `categoria` (
  `IdCategoria` int(11) NOT NULL,
  `OrdineAppartenenza` varchar(25) NOT NULL,
  `Specie` varchar(25) NOT NULL
) ENGINE=InnoDB DEFAULT CHARSET=utf8;

--
-- Dump dei dati per la tabella `categoria`
--

INSERT INTO `categoria` (`IdCategoria`, `OrdineAppartenenza`, `Specie`) VALUES
(1, 'Gopherus agassizii', 'Tortoise '),
(2, 'Alopex lagopus', 'Blue fox'),
(3, 'Ictalurus furcatus', 'Blue catf'),
(4, 'Francolinus coqui', 'Partridge '),
(5, 'Tragelaphus strepsiceros', 'Kud'),
(6, 'Funambulus pennati', 'Squirrel '),
(7, 'Phascogale calura', 'Red-tailed'),
(8, 'Falco mexicanus', 'Prairie falc'),
(9, 'Macaca mulatta', 'Monkey rhesus'),
(10, 'Francolinus coqui', 'Francolin'),
(11, 'Streptopelia decipiens', 'Dove'),
(12, 'Eubalaena australis', 'Whale b'),
(13, 'Larus sp.', 'Gulls (unidentifi'),
(14, 'Parus atricapillus', 'Chickade'),
(15, 'Mephitis mephitis', 'Striped s'),
(16, 'Perameles nasuta', 'Bandicoot '),
(17, 'Cervus duvauceli', 'Swamp deer'),
(18, 'Francolinus leucoscepus', 'Yel'),
(19, 'Macaca radiata', 'Bonnet macaq'),
(20, 'Ciconia episcopus', 'Stork whi'),
(21, 'Stercorarius longicausus', 'Lo'),
(22, 'Amblyrhynchus cristatus', 'Mar'),
(23, 'Ardea cinerea', 'Grey heron'),
(24, 'Oxybelis fulgidus', 'Green vin'),
(25, 'Nannopterum harrisi', 'Cormora'),
(26, 'Anas platyrhynchos', 'Mallard'),
(27, 'Odocoileus hemionus', 'Mule de'),
(28, 'Isoodon obesulus', 'Short-nose'),
(29, 'Carduelis pinus', 'Siskin pine'),
(30, 'Phoenicopterus chilensis', 'Fl');

-- --------------------------------------------------------

--
-- Struttura della tabella `fauna`
--

CREATE TABLE `fauna` (
  `IdFauna` int(11) NOT NULL,
  `IsAdult` tinyint(1) NOT NULL,
  `Sesso` varchar(25) NOT NULL,
  `Salute` varchar(100) CHARACTER SET utf8 COLLATE utf8_general_ci NOT NULL,
  `path_immagine` varchar(100) NOT NULL,
  `fk_IdCategoria` int(11) NOT NULL,
  `fk_IdParco` int(11) NOT NULL
) ENGINE=InnoDB DEFAULT CHARSET=utf8;

--
-- Dump dei dati per la tabella `fauna`
--

INSERT INTO `fauna` (`IdFauna`, `IsAdult`, `Sesso`, `Salute`, `path_immagine`, `fk_IdCategoria`, `fk_IdParco`) VALUES
(1, 0, 'Male', 'Endosc destruc anus les', 'CSS/img_fauna/zebra.jpg', 12, 27),
(2, 1, 'Female', 'Excision of shoulder NEC', 'CSS/img_fauna/scimmia.jpg', 15, 49),
(3, 1, 'Female', 'Cath base invasv ep test', 'CSS/img_fauna/orso.jpg', 7, 34),
(5, 0, 'Female', 'Abdominal wall biopsy', 'CSS/img_fauna/koala.jpg', 28, 7),
(6, 0, 'Female', 'Applic ext fix-humerus', 'CSS/img_fauna/zebra.jpg', 21, 19),
(7, 0, 'Male', 'Percutan aspiration gb', 'CSS/img_fauna/fenicottero.jpg', 19, 10),
(8, 1, 'Male', 'Keratoprosthesis', 'CSS/img_fauna/koala.jpg', 25, 35),
(9, 0, 'Male', 'Vein inject-scleros agnt', 'CSS/img_fauna/ippopotamo.jpg', 24, 43),
(10, 1, 'Female', 'Suture of vessel NOS', 'CSS/img_fauna/koala.jpg', 26, 47),
(11, 1, 'Female', 'Local excis sm bowel NEC', 'CSS/img_fauna/fenicottero.jpg', 23, 29),
(12, 0, 'Female', 'Testicular repair NEC', 'CSS/img_fauna/scimmia.jpg', 25, 48),
(13, 1, 'Female', 'Ocular thermography', 'CSS/img_fauna/tigre.jpg', 26, 2),
(14, 1, 'Male', 'Pterygium excision NEC', 'CSS/img_fauna/ippopotamo.jpg', 27, 12),
(15, 0, 'Female', 'Omental repair NEC', 'CSS/img_fauna/zebra.jpg', 27, 14),
(16, 1, 'Female', 'Auto bone mt w purging', 'CSS/img_fauna/leone.jpg', 11, 37),
(17, 0, 'Female', 'Salivary repair NEC', 'CSS/img_fauna/pappagallo.jpg', 1, 12),
(18, 1, 'Male', 'Remove imp dev-metat/tar', 'CSS/img_fauna/pappagallo.jpg', 29, 29),
(19, 1, 'Male', 'Wound irrigation NEC', 'CSS/img_fauna/koala.jpg', 2, 40),
(20, 1, 'Male', 'Renal scan/isotope funct', 'CSS/img_fauna/pappagallo.jpg', 21, 21),
(21, 1, 'Female', 'Tendon advancement', 'CSS/img_fauna/fenicottero.jpg', 22, 27),
(22, 1, 'Female', 'Intrcran vent shunt/anas', 'CSS/img_fauna/scimmia.jpg', 7, 40),
(23, 0, 'Male', 'Assisted pool exercise', 'CSS/img_fauna/panda.jpg', 15, 15),
(24, 1, 'Male', 'Endocar cushion rep NEC', 'CSS/img_fauna/panda.jpg', 13, 36),
(25, 0, 'Male', 'Inject/infuse NEC', 'CSS/img_fauna/ippopotamo.jpg', 9, 29),
(26, 0, 'Male', 'Intravas msmt periph art', 'CSS/img_fauna/leone.jpg', 17, 10),
(27, 0, 'Female', 'Cholecystectomy', 'CSS/img_fauna/leone.jpg', 2, 5),
(28, 1, 'Male', 'Ureth stricture release', 'CSS/img_fauna/orso.jpg', 10, 28),
(29, 1, 'Female', 'Corneal incision', 'CSS/img_fauna/fenicottero.jpg', 25, 24),
(30, 1, 'Female', 'Omt with hi-vel,lo-ampli', 'CSS/img_fauna/panda.jpg', 16, 13),
(32, 0, 'Male', 'Pharyngeal dilation', 'CSS/img_fauna/zebra.jpg', 19, 40),
(33, 0, 'Female', 'D & C NEC', 'CSS/img_fauna/zebra.jpg', 23, 24),
(34, 0, 'Male', 'Remove tracheostomy tube', 'CSS/img_fauna/tigre.jpg', 7, 30),
(35, 0, 'Male', 'Oth totl shouldr replace', 'CSS/img_fauna/pappagallo.jpg', 20, 35),
(36, 0, 'Male', 'High gastric bypass', 'CSS/img_fauna/tigre.jpg', 11, 50),
(37, 1, 'Male', 'Toxicology-op wound', 'CSS/img_fauna/orso.jpg', 5, 11),
(38, 1, 'Female', 'Cl osteoplasty mand rami', 'CSS/img_fauna/koala.jpg', 16, 2),
(39, 0, 'Female', 'Renal injection NEC', 'CSS/img_fauna/zebra.jpg', 13, 5),
(40, 1, 'Female', 'Thoracic tomography NEC', 'CSS/img_fauna/leone.jpg', 16, 24),
(41, 1, 'Male', 'Ureteroscopy', 'CSS/img_fauna/koala.jpg', 29, 39),
(42, 0, 'Male', 'Destruc uter support NEC', 'CSS/img_fauna/pappagallo.jpg', 9, 23),
(43, 0, 'Male', 'Goniotomy', 'CSS/img_fauna/orso.jpg', 18, 6),
(44, 0, 'Male', 'Goniopuncture', 'CSS/img_fauna/fenicottero.jpg', 26, 35),
(45, 0, 'Female', 'Remov gastrostomy tube', 'CSS/img_fauna/panda.jpg', 12, 27),
(46, 1, 'Female', 'Carporadial fusion', 'CSS/img_fauna/fenicottero.jpg', 19, 25),
(47, 0, 'Female', 'Transplant spermat cord', 'CSS/img_fauna/koala.jpg', 3, 9),
(48, 0, 'Male', 'Eyebal/orbit dx proc NEC', 'CSS/img_fauna/scimmia.jpg', 9, 46),
(49, 0, 'Female', 'Open ureteral biopsy', 'CSS/img_fauna/scimmia.jpg', 20, 49),
(50, 1, 'Male', 'Lap umbilical hernia NEC', 'CSS/img_fauna/fenicottero.jpg', 23, 21),
(51, 0, 'Female', 'Ankle structure division', 'CSS/img_fauna/tigre.jpg', 11, 32),
(52, 0, 'Female', 'Breast xerography', 'CSS/img_fauna/koala.jpg', 29, 26),
(53, 1, 'Female', 'Brain/skull contrst xray', 'CSS/img_fauna/pappagallo.jpg', 24, 43),
(54, 1, 'Female', 'Destruc hepatic les NEC', 'CSS/img_fauna/koala.jpg', 21, 45),
(55, 1, 'Female', 'Cde for calculus remov', 'CSS/img_fauna/scimmia.jpg', 8, 44),
(56, 1, 'Female', 'Remove both fallop tubes', 'CSS/img_fauna/panda.jpg', 30, 42),
(57, 1, 'Male', 'Clipping of aneurysm', 'CSS/img_fauna/koala.jpg', 22, 5),
(58, 1, 'Male', 'Thorac sm bowel interpos', 'CSS/img_fauna/pappagallo.jpg', 1, 49),
(59, 0, 'Female', 'Op red-int fix metac/car', 'CSS/img_fauna/scimmia.jpg', 8, 23),
(60, 1, 'Female', 'Cyclophotocoagulation', 'CSS/img_fauna/ippopotamo.jpg', 20, 37),
(61, 1, 'Female', 'Wedge osteotomy NOS', 'CSS/img_fauna/tigre.jpg', 29, 50),
(62, 1, 'Male', 'Implt/repl carddefib tot', 'CSS/img_fauna/pappagallo.jpg', 10, 18),
(63, 0, 'Male', 'Psychia commitment eval', 'CSS/img_fauna/scimmia.jpg', 24, 25),
(64, 0, 'Male', 'Infundibulectomy', 'CSS/img_fauna/koala.jpg', 29, 8),
(65, 0, 'Male', 'Oth arthrotomy-hand/fngr', 'CSS/img_fauna/pappagallo.jpg', 11, 7),
(66, 0, 'Female', 'Replace bladder stimulat', 'CSS/img_fauna/ippopotamo.jpg', 8, 29),
(67, 1, 'Female', 'Opn/oth rep mtrl vlv-tis', 'CSS/img_fauna/zebra.jpg', 19, 46),
(68, 1, 'Male', 'Salivary repair NEC', 'CSS/img_fauna/leone.jpg', 17, 48),
(69, 0, 'Male', 'Behavior therapy', 'CSS/img_fauna/orso.jpg', 15, 40),
(70, 1, 'Male', 'C & s NEC', 'CSS/img_fauna/zebra.jpg', 30, 25),
(71, 0, 'Male', 'Perc ather extracran vsl', 'CSS/img_fauna/tigre.jpg', 21, 18),
(72, 0, 'Female', 'Hip surface, metal/metal', 'CSS/img_fauna/koala.jpg', 4, 10),
(73, 1, 'Male', 'Hip synovectomy', 'CSS/img_fauna/tigre.jpg', 5, 45),
(74, 1, 'Female', 'Varicose v lig-strip NOS', 'CSS/img_fauna/zebra.jpg', 10, 3),
(75, 0, 'Female', 'Bone scan', 'CSS/img_fauna/ippopotamo.jpg', 18, 30),
(76, 0, 'Female', 'Skull flap formation', 'CSS/img_fauna/orso.jpg', 2, 17),
(77, 0, 'Male', 'Opn ind ing hern-gft NEC', 'CSS/img_fauna/leone.jpg', 25, 33),
(78, 1, 'Female', 'Salpingo-salpingostomy', 'CSS/img_fauna/scimmia.jpg', 22, 5),
(79, 1, 'Male', 'Fit below knee prosthes', 'CSS/img_fauna/pappagallo.jpg', 3, 12),
(80, 1, 'Male', 'Metatar/tar wedg osteot', 'CSS/img_fauna/fenicottero.jpg', 7, 31),
(83, 1, 'Male', 'Trnsplnt live rel donor', 'CSS/img_fauna/orso.jpg', 19, 10),
(84, 0, 'Male', 'Endotracheal bronchogram', 'CSS/img_fauna/leone.jpg', 14, 34),
(85, 1, 'Male', 'Opn mitral valvuloplasty', 'CSS/img_fauna/tigre.jpg', 17, 27),
(86, 0, 'Female', 'Parasitology-female gen', 'CSS/img_fauna/zebra.jpg', 25, 20),
(87, 1, 'Female', 'Allo hem stem ct w purg', 'CSS/img_fauna/scimmia.jpg', 25, 23),
(89, 1, 'Female', 'Incis to remov tonsil FB', 'CSS/img_fauna/panda.jpg', 22, 34),
(90, 1, 'Female', 'Extracorpor hepat Assis', 'CSS/img_fauna/scimmia.jpg', 17, 28),
(91, 1, 'Male', 'Endosc destruc esoph les', 'CSS/img_fauna/zebra.jpg', 12, 4),
(92, 1, 'Male', 'Skl xray-shoulder/up arm', 'CSS/img_fauna/zebra.jpg', 28, 20),
(93, 1, 'Female', 'Repl pacem w 1-cham, non', 'CSS/img_fauna/fenicottero.jpg', 2, 24),
(94, 0, 'Male', 'Other destru pancrea les', 'CSS/img_fauna/scimmia.jpg', 19, 48),
(95, 0, 'Female', 'Hand & finger arthroscop', 'CSS/img_fauna/ippopotamo.jpg', 26, 29),
(96, 1, 'Male', 'Repl joint of foot, toe', 'CSS/img_fauna/panda.jpg', 28, 35),
(97, 1, 'Male', 'Nonmechan resuscitation', 'CSS/img_fauna/tigre.jpg', 12, 37),
(98, 1, 'Female', 'Insert/repl oth neurost', 'CSS/img_fauna/scimmia.jpg', 27, 8),
(99, 0, 'Male', 'Destruct duoden les NEC', 'CSS/img_fauna/ippopotamo.jpg', 4, 5),
(100, 0, 'Female', 'Family therapy', 'CSS/img_fauna/fenicottero.jpg', 24, 28),
(102, 0, 'Female', 'Infus drotrecogin alfa', 'CSS/img_fauna/panda.jpg', 22, 31),
(103, 0, 'Male', 'Culture NEC', 'CSS/img_fauna/scimmia.jpg', 15, 47),
(104, 0, 'Male', 'Partial glossectomy', 'CSS/img_fauna/pappagallo.jpg', 21, 24),
(106, 0, 'Male', 'Removal FB spinal canal', 'CSS/img_fauna/orso.jpg', 15, 39),
(107, 1, 'Female', 'Repair gb laceration', 'CSS/img_fauna/koala.jpg', 28, 36),
(108, 1, 'Female', 'Unil femor hrn rep-grft', 'CSS/img_fauna/koala.jpg', 22, 50),
(109, 1, 'Male', 'Open reduc-elbow disloc', 'CSS/img_fauna/orso.jpg', 13, 19),
(110, 1, 'Male', 'Radius & ulna sequestrec', 'CSS/img_fauna/zebra.jpg', 14, 50),
(111, 1, 'Female', 'Endo insrt bronc def/sub', 'CSS/img_fauna/tigre.jpg', 12, 2),
(112, 0, 'Male', 'Inj therap subst periton', 'CSS/img_fauna/leone.jpg', 28, 34),
(113, 0, 'Male', 'Micro exam-eye NEC', 'CSS/img_fauna/scimmia.jpg', 4, 20),
(114, 1, 'Female', 'Dilation of rectum', 'CSS/img_fauna/zebra.jpg', 6, 11),
(115, 1, 'Female', 'Aneurysm repair NEC', 'CSS/img_fauna/pappagallo.jpg', 13, 50),
(116, 0, 'Female', 'Intestinal fixation NOS', 'CSS/img_fauna/zebra.jpg', 29, 18),
(117, 0, 'Female', 'Toxicology-lower urinary', 'CSS/img_fauna/leone.jpg', 23, 36),
(119, 1, 'Male', 'Skel xray-elbow/forearm', 'CSS/img_fauna/koala.jpg', 7, 35),
(120, 1, 'Female', 'Revise sm bowel anastom', 'CSS/img_fauna/fenicottero.jpg', 24, 47),
(121, 1, 'Female', 'Pericardiectomy', 'CSS/img_fauna/scimmia.jpg', 12, 2),
(123, 1, 'Female', 'Eyelid repair NEC', 'CSS/img_fauna/leone.jpg', 10, 39),
(124, 1, 'Female', 'Lap rev gast restri proc', 'CSS/img_fauna/scimmia.jpg', 5, 8),
(125, 1, 'Female', 'Gingivoplasty', 'CSS/img_fauna/orso.jpg', 28, 15),
(126, 0, 'Female', 'Excise inguinal node', 'CSS/img_fauna/panda.jpg', 7, 30),
(127, 1, 'Male', 'Loc exc bony palate les', 'CSS/img_fauna/leone.jpg', 26, 4),
(128, 1, 'Male', 'Pancreatic anastomosis', 'CSS/img_fauna/tigre.jpg', 1, 26),
(129, 1, 'Female', 'Remove ureteral ligature', 'CSS/img_fauna/koala.jpg', 8, 45),
(130, 0, 'Female', 'Inject antidote', 'CSS/img_fauna/panda.jpg', 3, 11),
(131, 1, 'Male', 'Total hepatectomy', 'CSS/img_fauna/fenicottero.jpg', 5, 45),
(132, 0, 'Female', 'Ophth counsel & instruct', 'CSS/img_fauna/ippopotamo.jpg', 8, 14),
(133, 0, 'Male', 'Micro exam-ent/laryn NEC', 'CSS/img_fauna/orso.jpg', 15, 1),
(134, 0, 'Male', 'Inject/inf thrombo agent', 'CSS/img_fauna/pappagallo.jpg', 27, 40),
(135, 0, 'Female', 'Ins/repl single pul gen', 'CSS/img_fauna/tigre.jpg', 16, 13),
(136, 0, 'Male', 'Larygnoscopy/tracheoscop', 'CSS/img_fauna/leone.jpg', 29, 13),
(137, 0, 'Male', 'Open bx saliv gland/duct', 'CSS/img_fauna/leone.jpg', 7, 44),
(138, 1, 'Female', 'Excision of pilonid cyst', 'CSS/img_fauna/panda.jpg', 11, 20),
(140, 0, 'Female', 'Comprehensive eye exam', 'CSS/img_fauna/scimmia.jpg', 20, 19),
(141, 1, 'Female', 'Repair of spleen', 'CSS/img_fauna/orso.jpg', 6, 44),
(142, 0, 'Female', 'Opn rt hemicolectomy NEC', 'CSS/img_fauna/orso.jpg', 16, 25),
(143, 1, 'Female', 'Insert bone stim-femur', 'CSS/img_fauna/pappagallo.jpg', 8, 33),
(144, 0, 'Male', 'Alcoholism counselling', 'CSS/img_fauna/orso.jpg', 28, 37),
(145, 0, 'Female', 'Intest stoma revis NOS', 'CSS/img_fauna/zebra.jpg', 13, 48),
(146, 0, 'Female', 'Forcib correct defor NEC', 'CSS/img_fauna/orso.jpg', 28, 11),
(147, 0, 'Female', 'Measles vaccination', 'CSS/img_fauna/fenicottero.jpg', 15, 48),
(148, 1, 'Female', 'Omt with lo-vel,hi-ampli', 'CSS/img_fauna/leone.jpg', 4, 17),
(149, 0, 'Male', 'Extended ophthal work-up', 'CSS/img_fauna/koala.jpg', 4, 43),
(150, 0, 'Male', 'Cl red-int fix tib/fibu', 'CSS/img_fauna/koala.jpg', 7, 45),
(151, 1, 'Male', 'Electro-oculogram', 'CSS/img_fauna/scimmia.jpg', 27, 20),
(152, 0, 'Female', 'Tendon sheath explorat', 'CSS/img_fauna/zebra.jpg', 1, 12),
(153, 1, 'Female', 'Remov gastrostomy tube', 'CSS/img_fauna/tigre.jpg', 23, 12),
(154, 0, 'Male', 'Common duct exploration', 'CSS/img_fauna/tigre.jpg', 28, 33),
(155, 1, 'Male', 'Tetanus antitoxin admini', 'CSS/img_fauna/pappagallo.jpg', 1, 8),
(156, 0, 'Female', 'Sympath nerve division', 'CSS/img_fauna/panda.jpg', 10, 5),
(157, 1, 'Female', 'Pros rep endocar cushion', 'CSS/img_fauna/scimmia.jpg', 15, 12),
(158, 1, 'Female', 'Diagnostic imaging NOS', 'CSS/img_fauna/koala.jpg', 30, 7),
(160, 0, 'Male', 'Percu endosc jejunostomy', 'CSS/img_fauna/orso.jpg', 24, 27),
(161, 0, 'Male', 'Prostatectomy NEC', 'CSS/img_fauna/pappagallo.jpg', 30, 2),
(162, 0, 'Male', 'Chest cage bone biopsy', 'CSS/img_fauna/fenicottero.jpg', 17, 50),
(163, 1, 'Female', 'Allo hem stem ct w/o pur', 'CSS/img_fauna/orso.jpg', 24, 1),
(164, 0, 'Male', 'Narcoanalysis', 'CSS/img_fauna/orso.jpg', 27, 50),
(165, 0, 'Female', 'Pterygium excision NEC', 'CSS/img_fauna/zebra.jpg', 26, 3),
(166, 0, 'Female', 'Unspec op-bone inj NEC', 'CSS/img_fauna/fenicottero.jpg', 30, 14),
(167, 1, 'Male', 'Orthotic device fitting', 'CSS/img_fauna/fenicottero.jpg', 21, 29),
(168, 1, 'Female', 'Thyrogloss duct excision', 'CSS/img_fauna/panda.jpg', 29, 10),
(169, 1, 'Male', 'Psychiatr somatother NEC', 'CSS/img_fauna/koala.jpg', 16, 5),
(170, 0, 'Male', 'Penile repair NEC', 'CSS/img_fauna/fenicottero.jpg', 6, 28),
(171, 1, 'Male', 'High forceps op NEC', 'CSS/img_fauna/tigre.jpg', 14, 33),
(172, 1, 'Male', 'Foot & toe joint biopsy', 'CSS/img_fauna/scimmia.jpg', 24, 45),
(173, 0, 'Male', 'Gastric repair NEC', 'CSS/img_fauna/ippopotamo.jpg', 26, 4),
(174, 1, 'Male', 'Perc ather intracran vsl', 'CSS/img_fauna/leone.jpg', 9, 3),
(175, 1, 'Male', 'Removal head/neck FB', 'CSS/img_fauna/orso.jpg', 3, 19),
(176, 0, 'Female', 'Eyelid repair NEC', 'CSS/img_fauna/koala.jpg', 29, 39),
(177, 1, 'Female', 'Anal biopsy', 'CSS/img_fauna/orso.jpg', 28, 8),
(178, 1, 'Female', 'LITT lesn liver,guidance', 'CSS/img_fauna/panda.jpg', 24, 5),
(179, 0, 'Male', 'Irrigation of nasal pass', 'CSS/img_fauna/pappagallo.jpg', 14, 31),
(180, 0, 'Male', 'Opn thorc diaph hern NEC', 'CSS/img_fauna/orso.jpg', 26, 11),
(181, 0, 'Female', 'Release of chordee', 'CSS/img_fauna/zebra.jpg', 9, 13),
(182, 1, 'Male', 'Remov imp dev-radius/uln', 'CSS/img_fauna/pappagallo.jpg', 5, 47),
(183, 1, 'Female', 'Partial salpingectom NEC', 'CSS/img_fauna/scimmia.jpg', 19, 30),
(184, 0, 'Male', 'Ant segment dx proc NEC', 'CSS/img_fauna/tigre.jpg', 18, 1),
(185, 0, 'Female', 'Rubella vaccination', 'CSS/img_fauna/scimmia.jpg', 19, 20),
(186, 1, 'Female', 'C & s-lower GI', 'CSS/img_fauna/zebra.jpg', 2, 33),
(187, 0, 'Male', 'Insert/replace EVD', 'CSS/img_fauna/fenicottero.jpg', 4, 27),
(188, 1, 'Male', 'Local gastr excision NEC', 'CSS/img_fauna/tigre.jpg', 4, 37),
(189, 1, 'Female', 'Insert colonic stent NEC', 'CSS/img_fauna/pappagallo.jpg', 2, 15),
(190, 1, 'Female', 'Replace bladder stimulat', 'CSS/img_fauna/ippopotamo.jpg', 6, 10),
(191, 0, 'Male', 'Stern esophagoesophagost', 'CSS/img_fauna/scimmia.jpg', 11, 9),
(192, 0, 'Male', 'Paracerv uterine denerv', 'CSS/img_fauna/fenicottero.jpg', 14, 40),
(193, 0, 'Female', 'Spermatic cord/vas biops', 'CSS/img_fauna/ippopotamo.jpg', 22, 1),
(195, 1, 'Male', 'Reopen thyroid field wnd', 'CSS/img_fauna/orso.jpg', 10, 36),
(196, 0, 'Female', 'Surg tooth extract NEC', 'CSS/img_fauna/tigre.jpg', 21, 39),
(197, 1, 'Male', 'Mobilization of spine', 'CSS/img_fauna/koala.jpg', 3, 2),
(198, 0, 'Female', 'Wound catheter irrigat', 'CSS/img_fauna/koala.jpg', 27, 4),
(199, 0, 'Male', 'Opn fx red w int fix NEC', 'CSS/img_fauna/panda.jpg', 18, 43),
(200, 1, 'Female', 'Tibia/fibula div NEC', 'CSS/img_fauna/koala.jpg', 11, 29),
(201, 1, 'Male', 'Tibia/fibula div NEC', 'CSS/img_fauna/orso.jpg', 29, 18),
(202, 0, 'Male', 'Uterine repair NEC', 'CSS/img_fauna/tigre.jpg', 13, 24),
(205, 1, 'Female', 'Impedance phlebogram', 'CSS/img_fauna/leone.jpg', 2, 36),
(206, 0, 'Female', 'Continent ileostomy', 'CSS/img_fauna/koala.jpg', 4, 25),
(207, 0, 'Male', 'Patellar stabilization', 'CSS/img_fauna/orso.jpg', 28, 5),
(208, 0, 'Male', 'Esophageal manometry', 'CSS/img_fauna/fenicottero.jpg', 3, 35),
(209, 1, 'Male', 'Totl reconst breast NEC', 'CSS/img_fauna/pappagallo.jpg', 26, 2),
(210, 1, 'Male', 'Correction fetal defect', 'CSS/img_fauna/tigre.jpg', 27, 30),
(211, 0, 'Male', 'Intracran ves resec-repl', 'CSS/img_fauna/orso.jpg', 22, 28),
(212, 1, 'Male', 'Fitting of hearing aid', 'CSS/img_fauna/koala.jpg', 4, 39),
(213, 0, 'Female', 'Limb shorten proc NEC', 'CSS/img_fauna/scimmia.jpg', 12, 39),
(214, 0, 'Male', 'Mobilization of spine', 'CSS/img_fauna/fenicottero.jpg', 22, 2),
(215, 0, 'Male', 'Other repair of ankle', 'CSS/img_fauna/leone.jpg', 1, 22),
(217, 1, 'Male', 'Close rectal fist NEC', 'CSS/img_fauna/koala.jpg', 22, 18),
(218, 1, 'Female', 'Interposit op uterin lig', 'CSS/img_fauna/zebra.jpg', 28, 22),
(219, 0, 'Female', 'Retropubic prostatectomy', 'CSS/img_fauna/orso.jpg', 24, 6),
(221, 1, 'Female', 'Soft tissue incision NEC', 'CSS/img_fauna/tigre.jpg', 29, 26),
(222, 1, 'Female', 'Whirlpool treatment', 'CSS/img_fauna/zebra.jpg', 7, 11),
(223, 1, 'Female', 'Exc chest cage bone les', 'CSS/img_fauna/tigre.jpg', 14, 3),
(224, 1, 'Female', 'Exploratory thoracotomy', 'CSS/img_fauna/koala.jpg', 25, 46),
(225, 0, 'Female', 'Amputat through malleoli', 'CSS/img_fauna/koala.jpg', 3, 15),
(228, 0, 'Female', 'Endosc inser nasopan tub', 'CSS/img_fauna/tigre.jpg', 13, 42),
(229, 0, 'Male', 'Oth chest cage ostectomy', 'CSS/img_fauna/leone.jpg', 18, 25),
(230, 1, 'Female', 'Cervical spine x-ray NEC', 'CSS/img_fauna/ippopotamo.jpg', 5, 25),
(231, 1, 'Male', 'Surg collaps of lung NEC', 'CSS/img_fauna/pappagallo.jpg', 28, 4),
(232, 0, 'Male', 'Open biopsy soft tissue', 'CSS/img_fauna/pappagallo.jpg', 13, 31),
(233, 0, 'Male', 'Closed valvotomy NOS', 'CSS/img_fauna/ippopotamo.jpg', 23, 49),
(234, 0, 'Male', 'Other isotope function', 'CSS/img_fauna/koala.jpg', 24, 12),
(236, 0, 'Female', 'Manual removal-placenta', 'CSS/img_fauna/tigre.jpg', 12, 18),
(237, 1, 'Male', 'GI ostomy irrigation', 'CSS/img_fauna/pappagallo.jpg', 11, 17),
(238, 1, 'Female', 'Lung repair NEC', 'CSS/img_fauna/koala.jpg', 3, 12),
(239, 1, 'Female', 'Sm bowel stoma closure', 'CSS/img_fauna/panda.jpg', 7, 32),
(240, 0, 'Female', 'Ins/repl single pul gen', 'CSS/img_fauna/tigre.jpg', 28, 30),
(241, 1, 'Male', 'Implant mechanic kidney', 'CSS/img_fauna/pappagallo.jpg', 20, 32),
(242, 1, 'Female', 'Lo limb sft tis xray NEC', 'CSS/img_fauna/panda.jpg', 19, 9),
(243, 1, 'Male', 'Physical therapy NEC', 'CSS/img_fauna/fenicottero.jpg', 4, 39),
(244, 1, 'Male', 'Corneal tattooing', 'CSS/img_fauna/panda.jpg', 17, 47),
(245, 0, 'Male', 'Ligate gastric varices', 'CSS/img_fauna/pappagallo.jpg', 2, 48),
(246, 0, 'Male', 'Pineal biopsy', 'CSS/img_fauna/tigre.jpg', 26, 25),
(247, 1, 'Male', 'Oth seg lung resect NOS', 'CSS/img_fauna/zebra.jpg', 12, 47),
(248, 0, 'Male', 'Sphenoidectomy', 'CSS/img_fauna/leone.jpg', 10, 20),
(249, 1, 'Male', 'Repair staphylom w graft', 'CSS/img_fauna/koala.jpg', 16, 13),
(250, 0, 'Male', 'Destruct joint les NEC', 'CSS/img_fauna/orso.jpg', 17, 4),
(251, 1, 'Female', 'Hyperthermia ca therapy', 'CSS/img_fauna/pappagallo.jpg', 20, 22),
(252, 1, 'Male', 'Sperm collection', 'CSS/img_fauna/koala.jpg', 6, 29),
(253, 0, 'Female', 'Bilateral breast implant', 'CSS/img_fauna/leone.jpg', 8, 26),
(254, 1, 'Male', 'Endovas impln grft aorta', 'CSS/img_fauna/scimmia.jpg', 1, 49),
(256, 0, 'Male', 'Endo insrt bronc def/sub', 'CSS/img_fauna/orso.jpg', 3, 7),
(257, 0, 'Male', 'Bartholin gland marsup', 'CSS/img_fauna/leone.jpg', 27, 32),
(258, 1, 'Male', 'Exc les sft tiss hnd NEC', 'CSS/img_fauna/zebra.jpg', 1, 4),
(259, 1, 'Female', 'Surg tooth extract NEC', 'CSS/img_fauna/orso.jpg', 13, 50),
(260, 1, 'Male', 'Permanent ileostomy NEC', 'CSS/img_fauna/pappagallo.jpg', 19, 11),
(261, 1, 'Male', 'Exc of dental les of jaw', 'CSS/img_fauna/koala.jpg', 19, 37),
(262, 0, 'Female', 'Bronchial dilation', 'CSS/img_fauna/koala.jpg', 22, 18),
(263, 1, 'Male', 'Hemorrhoid ligation', 'CSS/img_fauna/tigre.jpg', 10, 25),
(264, 0, 'Female', 'Cl fx reduc-metacar/car', 'CSS/img_fauna/tigre.jpg', 3, 11),
(265, 0, 'Male', 'Imp/rep schan coch pros', 'CSS/img_fauna/leone.jpg', 15, 42),
(266, 0, 'Male', 'Drug detoxification', 'CSS/img_fauna/panda.jpg', 14, 33),
(267, 0, 'Male', 'Spine tract w skull dev', 'CSS/img_fauna/panda.jpg', 22, 4),
(268, 1, 'Female', 'Lg bowel stoma closure', 'CSS/img_fauna/orso.jpg', 24, 13),
(270, 1, 'Male', 'Radical vulvectomy', 'CSS/img_fauna/ippopotamo.jpg', 20, 39),
(271, 0, 'Male', 'Pancreatic dx proc NEC', 'CSS/img_fauna/koala.jpg', 10, 43),
(272, 1, 'Female', 'Bact smear-lower urinary', 'CSS/img_fauna/panda.jpg', 21, 8),
(273, 0, 'Female', 'Manual reduction hernia', 'CSS/img_fauna/leone.jpg', 14, 39),
(274, 0, 'Male', 'Arth/pros rem wo re-foot', 'CSS/img_fauna/tigre.jpg', 4, 46),
(275, 1, 'Male', 'Carotid pulse tracing', 'CSS/img_fauna/ippopotamo.jpg', 28, 37),
(276, 0, 'Male', 'Ext fat for grft/banking', 'CSS/img_fauna/tigre.jpg', 21, 4),
(277, 1, 'Male', 'Rep scler staphyloma NEC', 'CSS/img_fauna/ippopotamo.jpg', 14, 4),
(278, 1, 'Female', 'Fetal pulse oximetry', 'CSS/img_fauna/panda.jpg', 29, 2),
(280, 0, 'Male', 'Reopen craniotomy site', 'CSS/img_fauna/tigre.jpg', 18, 4),
(281, 0, 'Female', 'Forcib correct defor NEC', 'CSS/img_fauna/panda.jpg', 7, 46),
(282, 0, 'Female', 'Elbow joint biopsy', 'CSS/img_fauna/tigre.jpg', 17, 40),
(283, 1, 'Female', 'Vesic fistula repair NEC', 'CSS/img_fauna/panda.jpg', 12, 4),
(284, 0, 'Female', 'Revis exenter cavity NEC', 'CSS/img_fauna/zebra.jpg', 20, 40),
(285, 1, 'Male', 'Oth tu destr pros - rt', 'CSS/img_fauna/tigre.jpg', 26, 47),
(286, 1, 'Male', 'Metatarsophalangeal fus', 'CSS/img_fauna/ippopotamo.jpg', 9, 42),
(287, 0, 'Female', 'Intraop gastric manipul', 'CSS/img_fauna/scimmia.jpg', 26, 17),
(288, 1, 'Female', 'Con inv mec ven-unsp dur', 'CSS/img_fauna/zebra.jpg', 18, 3),
(289, 1, 'Male', 'Lid reconstr w graft NEC', 'CSS/img_fauna/koala.jpg', 1, 32),
(290, 0, 'Female', 'Post sphincterotomy', 'CSS/img_fauna/koala.jpg', 16, 4),
(291, 1, 'Female', 'Head/neck ves resec-repl', 'CSS/img_fauna/zebra.jpg', 21, 11),
(292, 0, 'Female', 'Bilat adrenal explorat', 'CSS/img_fauna/pappagallo.jpg', 15, 25),
(293, 1, 'Male', 'Hypogloss-facial anastom', 'CSS/img_fauna/zebra.jpg', 28, 40),
(294, 1, 'Female', 'Lap umbil hernia-graft', 'CSS/img_fauna/scimmia.jpg', 4, 20),
(295, 1, 'Male', 'CAS w CT/CTA', 'CSS/img_fauna/orso.jpg', 10, 29),
(296, 0, 'Male', 'Ocular prosthetics', 'CSS/img_fauna/scimmia.jpg', 8, 6),
(297, 1, 'Female', 'Lower GI series', 'CSS/img_fauna/scimmia.jpg', 3, 17),
(298, 0, 'Female', 'Urinary system op NEC', 'CSS/img_fauna/pappagallo.jpg', 29, 2),
(299, 0, 'Male', 'Ex cereb meningeal les', 'CSS/img_fauna/panda.jpg', 12, 2),
(300, 0, 'Female', 'Aspiration bursa of hand', 'CSS/img_fauna/koala.jpg', 17, 10),
(301, 0, 'Male', 'Reopen thoracotomy site', 'CSS/img_fauna/tigre.jpg', 16, 4),
(302, 0, 'Male', 'Revision of lead', 'CSS/img_fauna/koala.jpg', 28, 3),
(304, 1, 'Male', 'Music therapy', 'CSS/img_fauna/fenicottero.jpg', 19, 25),
(305, 1, 'Male', 'Stern sm bowel interpos', 'CSS/img_fauna/ippopotamo.jpg', 19, 11),
(306, 0, 'Female', 'Dental operation NEC', 'CSS/img_fauna/tigre.jpg', 1, 47),
(307, 1, 'Female', 'Repl cardiodefib genratr', 'CSS/img_fauna/tigre.jpg', 15, 44),
(309, 0, 'Female', 'Ex chest cage bone-gft', 'CSS/img_fauna/panda.jpg', 18, 30),
(310, 1, 'Male', 'Other soft tissue excis', 'CSS/img_fauna/fenicottero.jpg', 13, 49),
(311, 1, 'Male', 'Urin incontin repair NEC', 'CSS/img_fauna/koala.jpg', 30, 50),
(312, 1, 'Male', 'Lower limb amputat NOS', 'CSS/img_fauna/ippopotamo.jpg', 12, 7),
(313, 0, 'Female', 'Local sm bowel perfusion', 'CSS/img_fauna/tigre.jpg', 12, 32),
(314, 1, 'Female', 'Percutan hrt assist syst', 'CSS/img_fauna/fenicottero.jpg', 20, 8),
(315, 0, 'Male', 'Abd vessel resect/anast', 'CSS/img_fauna/fenicottero.jpg', 29, 35),
(316, 0, 'Female', 'Pharyngeal dx proc NEC', 'CSS/img_fauna/tigre.jpg', 23, 26),
(317, 0, 'Female', 'Contrast phlebogram NOS', 'CSS/img_fauna/tigre.jpg', 21, 34),
(318, 1, 'Male', 'Vaccination NEC', 'CSS/img_fauna/koala.jpg', 24, 25),
(319, 0, 'Male', 'Perianal biopsy', 'CSS/img_fauna/panda.jpg', 27, 3),
(320, 0, 'Male', 'Triad knee repair', 'CSS/img_fauna/fenicottero.jpg', 16, 48),
(321, 1, 'Female', 'Rev/repl epiretinal pros', 'CSS/img_fauna/zebra.jpg', 19, 11),
(322, 0, 'Male', 'Open rep umbil hern NEC', 'CSS/img_fauna/koala.jpg', 24, 9),
(323, 0, 'Male', 'Culture-upper GI', 'CSS/img_fauna/leone.jpg', 12, 22),
(324, 1, 'Male', 'Patellar sequestrectomy', 'CSS/img_fauna/pappagallo.jpg', 30, 49),
(325, 0, 'Female', 'Mediastinoscopy', 'CSS/img_fauna/leone.jpg', 16, 34),
(326, 1, 'Male', 'Ovarian wedge resection', 'CSS/img_fauna/ippopotamo.jpg', 16, 43),
(327, 0, 'Male', 'Intracereb cth-burr hole', 'CSS/img_fauna/scimmia.jpg', 17, 21),
(328, 1, 'Male', 'Debrid opn fx-radius/uln', 'CSS/img_fauna/tigre.jpg', 15, 36),
(329, 1, 'Female', 'Lung laceration closure', 'CSS/img_fauna/scimmia.jpg', 13, 34),
(330, 1, 'Female', 'Parastern hernia repair', 'CSS/img_fauna/scimmia.jpg', 25, 12),
(332, 1, 'Male', 'Intracereb cth-burr hole', 'CSS/img_fauna/koala.jpg', 2, 24),
(333, 1, 'Male', 'Replace nephrostomy tube', 'CSS/img_fauna/tigre.jpg', 9, 11),
(334, 1, 'Male', 'Lid marg lac rx-part th', 'CSS/img_fauna/zebra.jpg', 24, 43),
(335, 0, 'Female', 'Ultrason fragment-stone', 'CSS/img_fauna/leone.jpg', 3, 6),
(336, 1, 'Male', 'Quadricepsplasty', 'CSS/img_fauna/zebra.jpg', 22, 28),
(337, 0, 'Male', 'Total hip replacement', 'CSS/img_fauna/scimmia.jpg', 8, 27),
(338, 0, 'Female', 'Culture-upper GI', 'CSS/img_fauna/tigre.jpg', 7, 25),
(339, 0, 'Male', 'Other appendectomy', 'CSS/img_fauna/panda.jpg', 16, 43),
(340, 1, 'Female', 'Division of penile adhes', 'CSS/img_fauna/zebra.jpg', 12, 3),
(341, 0, 'Male', 'Opn pull-thru res rectum', 'CSS/img_fauna/scimmia.jpg', 12, 34),
(342, 0, 'Male', 'Intra-abd sm bowel manip', 'CSS/img_fauna/panda.jpg', 30, 22),
(343, 1, 'Male', 'Toxicology-lymph system', 'CSS/img_fauna/ippopotamo.jpg', 20, 3),
(344, 1, 'Male', 'CV cath plcmt w guidance', 'CSS/img_fauna/pappagallo.jpg', 19, 21),
(345, 1, 'Male', 'Vaginoscopy', 'CSS/img_fauna/ippopotamo.jpg', 9, 40),
(346, 0, 'Female', 'Drsl/drslumb fus ant/ant', 'CSS/img_fauna/zebra.jpg', 2, 9),
(347, 0, 'Male', 'Perc extrac com duc calc', 'CSS/img_fauna/leone.jpg', 21, 13),
(348, 1, 'Female', 'PlEuroperitoneal shunt', 'CSS/img_fauna/panda.jpg', 28, 20),
(349, 1, 'Female', 'LITT lesn brain,guidance', 'CSS/img_fauna/tigre.jpg', 21, 12),
(350, 1, 'Female', 'Orthotic evaluation', 'CSS/img_fauna/fenicottero.jpg', 6, 10),
(351, 0, 'Female', 'Facial bone/jnt op NEC', 'CSS/img_fauna/zebra.jpg', 18, 35),
(352, 1, 'Male', 'Adrenal lesion excision', 'CSS/img_fauna/fenicottero.jpg', 27, 3),
(353, 0, 'Male', 'Fetal pulse oximetry', 'CSS/img_fauna/panda.jpg', 20, 46),
(354, 1, 'Male', 'Lap radical vaginal hyst', 'CSS/img_fauna/koala.jpg', 1, 30),
(355, 0, 'Male', 'Other patellar incision', 'CSS/img_fauna/tigre.jpg', 19, 21),
(356, 0, 'Male', 'Comprehensive eye exam', 'CSS/img_fauna/fenicottero.jpg', 18, 4),
(357, 0, 'Female', 'Testicular les destruct', 'CSS/img_fauna/fenicottero.jpg', 23, 35),
(358, 1, 'Female', 'Umbilical vein cath', 'CSS/img_fauna/pappagallo.jpg', 17, 14),
(359, 0, 'Female', 'Lower limb artery incis', 'CSS/img_fauna/leone.jpg', 15, 5),
(360, 0, 'Male', 'Lysis of hand adhesions', 'CSS/img_fauna/pappagallo.jpg', 27, 15),
(361, 0, 'Female', 'Choroid plexectomy', 'CSS/img_fauna/scimmia.jpg', 27, 37),
(362, 1, 'Male', 'Int/comb version w extr', 'CSS/img_fauna/panda.jpg', 9, 6),
(363, 1, 'Female', 'Repair ob lac corp uteri', 'CSS/img_fauna/leone.jpg', 5, 20),
(364, 1, 'Male', 'Control anal hemorrhage', 'CSS/img_fauna/pappagallo.jpg', 19, 19),
(365, 1, 'Female', 'Int inser lead in atrium', 'CSS/img_fauna/scimmia.jpg', 10, 10),
(366, 1, 'Male', 'Micro exam-integumen NEC', 'CSS/img_fauna/zebra.jpg', 23, 27),
(367, 0, 'Male', 'Negatve-contr cardiogram', 'CSS/img_fauna/ippopotamo.jpg', 16, 15),
(368, 0, 'Male', 'Chalazion excision', 'CSS/img_fauna/panda.jpg', 24, 27),
(369, 1, 'Male', 'Parasitology-bili/pancr', 'CSS/img_fauna/leone.jpg', 5, 23),
(370, 1, 'Female', 'Excis metacar/car-graft', 'CSS/img_fauna/orso.jpg', 18, 42),
(371, 1, 'Male', 'Biliary tube irrigation', 'CSS/img_fauna/koala.jpg', 20, 32),
(372, 1, 'Male', 'Surg induct labor NEC', 'CSS/img_fauna/fenicottero.jpg', 29, 23),
(373, 1, 'Female', 'Ventri shunt-uninary sys', 'CSS/img_fauna/orso.jpg', 15, 25),
(374, 1, 'Male', 'Mand orthognathic op NEC', 'CSS/img_fauna/pappagallo.jpg', 30, 8),
(375, 0, 'Male', 'Revise hip replacemt NOS', 'CSS/img_fauna/fenicottero.jpg', 29, 26),
(376, 1, 'Female', 'Drsl/dslmb fus post/post', 'CSS/img_fauna/koala.jpg', 11, 50),
(377, 1, 'Female', 'Insert spinal canal cath', 'CSS/img_fauna/zebra.jpg', 20, 11),
(378, 1, 'Male', 'Training in lead dog use', 'CSS/img_fauna/pappagallo.jpg', 29, 13),
(379, 1, 'Male', 'Endarterectomy of aorta', 'CSS/img_fauna/fenicottero.jpg', 12, 42),
(380, 0, 'Female', 'Repl pacem 1-cham, rate', 'CSS/img_fauna/ippopotamo.jpg', 20, 31),
(381, 0, 'Female', 'Open reduc-metat/tars fx', 'CSS/img_fauna/leone.jpg', 16, 8),
(382, 0, 'Male', 'Total parathyroidectomy', 'CSS/img_fauna/koala.jpg', 3, 49),
(383, 1, 'Male', 'Rect/perirect dx op NEC', 'CSS/img_fauna/fenicottero.jpg', 4, 50),
(384, 0, 'Female', 'Cervical lymphangiogram', 'CSS/img_fauna/orso.jpg', 3, 6),
(385, 0, 'Male', 'Toxicology-upper GI', 'CSS/img_fauna/tigre.jpg', 17, 49),
(386, 1, 'Female', 'Control prostate hemorr', 'CSS/img_fauna/panda.jpg', 5, 6),
(387, 1, 'Male', 'Bone graft-radius/ulna', 'CSS/img_fauna/koala.jpg', 24, 42),
(388, 0, 'Male', 'Rep cystocel w grft/pros', 'CSS/img_fauna/leone.jpg', 5, 1),
(389, 1, 'Male', 'Radical maxillary antrot', 'CSS/img_fauna/panda.jpg', 7, 3),
(390, 1, 'Male', 'Lap abdperneal resc rec', 'CSS/img_fauna/pappagallo.jpg', 17, 46),
(391, 0, 'Male', 'Percut vertebral augment', 'CSS/img_fauna/ippopotamo.jpg', 8, 27),
(392, 0, 'Female', 'Oth lo vision aid dispen', 'CSS/img_fauna/tigre.jpg', 27, 1),
(393, 1, 'Female', 'Breast xerography', 'CSS/img_fauna/orso.jpg', 15, 25),
(394, 1, 'Male', 'Multiple sinus incision', 'CSS/img_fauna/leone.jpg', 30, 48),
(395, 1, 'Female', 'Ext fistulizat esoph NEC', 'CSS/img_fauna/koala.jpg', 12, 19),
(396, 0, 'Female', 'Culdoscopy', 'CSS/img_fauna/koala.jpg', 26, 24),
(398, 1, 'Male', 'Gum or alveolar incision', 'CSS/img_fauna/fenicottero.jpg', 13, 45),
(399, 1, 'Male', 'Drug detoxification', 'CSS/img_fauna/pappagallo.jpg', 17, 17),
(400, 1, 'Male', 'Excis external ear NEC', 'CSS/img_fauna/ippopotamo.jpg', 14, 32),
(401, 0, 'Male', 'Free skin graft NEC', 'CSS/img_fauna/panda.jpg', 22, 43),
(402, 0, 'Female', 'Skel xray-upper limb NOS', 'CSS/img_fauna/pappagallo.jpg', 4, 4),
(403, 0, 'Female', 'Rev/repl epiretinal pros', 'CSS/img_fauna/scimmia.jpg', 8, 22),
(404, 0, 'Female', 'Bladder anastomosis NEC', 'CSS/img_fauna/orso.jpg', 1, 26),
(405, 0, 'Female', 'Insert pseudophakos NOS', 'CSS/img_fauna/tigre.jpg', 18, 1),
(406, 0, 'Male', 'Turbinate fracture', 'CSS/img_fauna/koala.jpg', 15, 30),
(407, 0, 'Female', 'Hemorrhoid ligation', 'CSS/img_fauna/fenicottero.jpg', 17, 21),
(408, 1, 'Male', 'Cul-de-sac biopsy', 'CSS/img_fauna/leone.jpg', 18, 14),
(409, 0, 'Male', 'Cell blk/pap-peritoneum', 'CSS/img_fauna/scimmia.jpg', 17, 1),
(410, 0, 'Male', 'Insrt prsr snsr w/o lead', 'CSS/img_fauna/leone.jpg', 22, 24),
(411, 0, 'Male', 'Eyelid operation NEC', 'CSS/img_fauna/panda.jpg', 8, 43),
(412, 0, 'Male', 'Upper limb lymphangiogrm', 'CSS/img_fauna/koala.jpg', 8, 24),
(413, 1, 'Female', 'Spine canal struc op NEC', 'CSS/img_fauna/leone.jpg', 9, 40),
(414, 1, 'Female', 'Nephrotomogram NEC', 'CSS/img_fauna/fenicottero.jpg', 18, 2),
(415, 1, 'Female', 'Alveoloplasty', 'CSS/img_fauna/zebra.jpg', 3, 1),
(416, 0, 'Female', 'CV cath plcmt w guidance', 'CSS/img_fauna/ippopotamo.jpg', 7, 26),
(417, 0, 'Male', 'Endosc destruc lung les', 'CSS/img_fauna/pappagallo.jpg', 19, 8),
(418, 0, 'Female', 'Nasal sept grft-epistax', 'CSS/img_fauna/leone.jpg', 2, 7),
(419, 1, 'Female', 'Part gast w jej transpos', 'CSS/img_fauna/orso.jpg', 9, 47),
(420, 0, 'Female', 'Open liver biopsy', 'CSS/img_fauna/tigre.jpg', 23, 29),
(421, 1, 'Male', 'Extracap lens extrac NEC', 'CSS/img_fauna/fenicottero.jpg', 20, 9),
(422, 1, 'Female', 'Cystourethroplasty', 'CSS/img_fauna/ippopotamo.jpg', 21, 14),
(423, 1, 'Male', 'Suture uterine lacerat', 'CSS/img_fauna/scimmia.jpg', 10, 1),
(424, 1, 'Male', 'Culture-lymph system', 'CSS/img_fauna/leone.jpg', 25, 17),
(426, 0, 'Male', 'Lap dir ing hern-graft', 'CSS/img_fauna/ippopotamo.jpg', 10, 26),
(427, 0, 'Male', 'Partial mandibulectomy', 'CSS/img_fauna/leone.jpg', 2, 44),
(428, 1, 'Female', 'Periph nerv anastom NEC', 'CSS/img_fauna/zebra.jpg', 27, 23),
(429, 1, 'Male', 'Open mediastinal biopsy', 'CSS/img_fauna/fenicottero.jpg', 9, 9),
(430, 0, 'Male', 'Lap remove remain ovary', 'CSS/img_fauna/leone.jpg', 17, 18),
(431, 1, 'Female', 'Removal FB from leg', 'CSS/img_fauna/panda.jpg', 15, 2),
(432, 1, 'Female', 'Other craniectomy', 'CSS/img_fauna/panda.jpg', 5, 9),
(433, 0, 'Male', 'Lacrimal punctum probe', 'CSS/img_fauna/zebra.jpg', 2, 45),
(434, 1, 'Female', 'Fixed bridge insertion', 'CSS/img_fauna/panda.jpg', 24, 26),
(435, 0, 'Male', 'Prosthetic evaluation', 'CSS/img_fauna/ippopotamo.jpg', 29, 26),
(436, 1, 'Male', 'Lymph structure op NEC', 'CSS/img_fauna/pappagallo.jpg', 26, 18),
(437, 0, 'Male', 'Spinal refusion NOS', 'CSS/img_fauna/panda.jpg', 23, 2),
(438, 0, 'Female', 'Urethral biopsy', 'CSS/img_fauna/orso.jpg', 12, 6),
(439, 0, 'Female', 'Unilat fallop tube destr', 'CSS/img_fauna/fenicottero.jpg', 23, 14),
(440, 0, 'Female', 'Lac canaliculi incision', 'CSS/img_fauna/zebra.jpg', 26, 42),
(441, 0, 'Male', 'Uvula and soft palate bx', 'CSS/img_fauna/ippopotamo.jpg', 6, 46),
(442, 0, 'Female', 'Excision of anus', 'CSS/img_fauna/ippopotamo.jpg', 11, 35),
(443, 0, 'Male', 'Contr semin vesiculogram', 'CSS/img_fauna/pappagallo.jpg', 8, 37),
(444, 0, 'Male', 'Arm varicose v lig-strip', 'CSS/img_fauna/scimmia.jpg', 15, 48),
(445, 0, 'Female', 'Rev knee repl-tibia lin', 'CSS/img_fauna/orso.jpg', 25, 18),
(446, 1, 'Male', 'Chest wall biopsy', 'CSS/img_fauna/fenicottero.jpg', 15, 31),
(447, 1, 'Female', 'Other pneumonectomy NOS', 'CSS/img_fauna/fenicottero.jpg', 1, 10),
(448, 0, 'Male', 'Incis lymphatic structur', 'CSS/img_fauna/fenicottero.jpg', 20, 13),
(449, 0, 'Male', 'C.A.T. scan of thorax', 'CSS/img_fauna/koala.jpg', 25, 13),
(450, 0, 'Male', 'Pneumoencephalogram', 'CSS/img_fauna/leone.jpg', 9, 22),
(452, 0, 'Female', 'Irrigation of ear', 'CSS/img_fauna/panda.jpg', 8, 8),
(453, 0, 'Female', 'Remove head/neck sutures', 'CSS/img_fauna/leone.jpg', 23, 5),
(454, 0, 'Female', 'Excise lg intestine les', 'CSS/img_fauna/scimmia.jpg', 5, 1),
(455, 0, 'Female', 'C & s-integument', 'CSS/img_fauna/koala.jpg', 12, 18),
(456, 0, 'Male', 'Nasal lesion excis NOS', 'CSS/img_fauna/leone.jpg', 12, 43),
(457, 1, 'Male', 'Head/neck var v lig-str', 'CSS/img_fauna/orso.jpg', 3, 36),
(458, 0, 'Male', 'Botulism antitoxin admin', 'CSS/img_fauna/fenicottero.jpg', 28, 12),
(459, 1, 'Female', 'Substern thyroidect NOS', 'CSS/img_fauna/scimmia.jpg', 1, 35),
(460, 0, 'Male', 'Esophagectomy NOS', 'CSS/img_fauna/ippopotamo.jpg', 4, 1),
(461, 1, 'Female', 'Biliary tract op NEC', 'CSS/img_fauna/fenicottero.jpg', 6, 33),
(462, 1, 'Male', 'Cardiac biopsy', 'CSS/img_fauna/scimmia.jpg', 2, 35),
(463, 1, 'Female', 'Transpleura thoracoscopy', 'CSS/img_fauna/ippopotamo.jpg', 12, 5),
(464, 1, 'Female', 'Remov ant segmnt FB NOS', 'CSS/img_fauna/panda.jpg', 27, 12),
(465, 0, 'Male', 'Eye fluorescein angiogra', 'CSS/img_fauna/ippopotamo.jpg', 16, 33),
(466, 1, 'Male', 'Transposit hand tend NEC', 'CSS/img_fauna/ippopotamo.jpg', 8, 2),
(467, 1, 'Female', 'External ear incis NEC', 'CSS/img_fauna/orso.jpg', 18, 15),
(468, 1, 'Male', 'Attach pedicle to hand', 'CSS/img_fauna/pappagallo.jpg', 15, 5),
(469, 0, 'Female', 'Parasitology-ent/larynx', 'CSS/img_fauna/orso.jpg', 19, 43),
(470, 0, 'Male', 'App ext fix dev-monoplan', 'CSS/img_fauna/koala.jpg', 29, 4),
(471, 0, 'Male', 'Cystoscopy thru stoma', 'CSS/img_fauna/scimmia.jpg', 21, 45),
(472, 0, 'Female', 'Nephroureterectomy', 'CSS/img_fauna/tigre.jpg', 2, 28),
(473, 0, 'Female', 'Bone graft to chest cage', 'CSS/img_fauna/fenicottero.jpg', 14, 14),
(474, 1, 'Male', 'Fetal blood sample/bx', 'CSS/img_fauna/ippopotamo.jpg', 24, 9),
(475, 0, 'Male', 'Oth chest cage ostectomy', 'CSS/img_fauna/tigre.jpg', 19, 39),
(476, 1, 'Female', 'Tot mandibulec w reconst', 'CSS/img_fauna/scimmia.jpg', 26, 44),
(477, 1, 'Male', 'Thorac esophag anast NEC', 'CSS/img_fauna/tigre.jpg', 4, 6),
(479, 1, 'Male', 'Insert bone stimul NOS', 'CSS/img_fauna/pappagallo.jpg', 1, 20),
(480, 0, 'Male', 'Exchange transfusion', 'CSS/img_fauna/leone.jpg', 19, 36),
(481, 0, 'Male', 'Ureteral anastomosis NEC', 'CSS/img_fauna/zebra.jpg', 28, 8),
(482, 0, 'Female', 'Orchiopexy', 'CSS/img_fauna/ippopotamo.jpg', 18, 11),
(483, 0, 'Male', 'Open small bowel biopsy', 'CSS/img_fauna/orso.jpg', 13, 37),
(484, 0, 'Male', 'Cerebral thermography', 'CSS/img_fauna/scimmia.jpg', 9, 29),
(485, 0, 'Male', 'Uroflowmetry', 'CSS/img_fauna/koala.jpg', 20, 2),
(486, 1, 'Female', 'Corneal transplant NEC', 'CSS/img_fauna/tigre.jpg', 7, 8),
(487, 1, 'Male', 'Diathermy', 'CSS/img_fauna/leone.jpg', 4, 17),
(488, 1, 'Male', 'Therapeu plateltpheresis', 'CSS/img_fauna/panda.jpg', 5, 34),
(489, 1, 'Female', 'Anal incision NEC', 'CSS/img_fauna/leone.jpg', 5, 44),
(490, 0, 'Female', 'Facial rhytidectomy', 'CSS/img_fauna/ippopotamo.jpg', 18, 31),
(491, 0, 'Female', 'Bronchoscopy thru stoma', 'CSS/img_fauna/pappagallo.jpg', 26, 25),
(492, 1, 'Female', 'Neurolyt injec-symp nrv', 'CSS/img_fauna/ippopotamo.jpg', 21, 23),
(493, 1, 'Male', 'Resp tract intubat NEC', 'CSS/img_fauna/panda.jpg', 25, 8),
(494, 1, 'Male', 'Clo endosc bx pancre duc', 'CSS/img_fauna/fenicottero.jpg', 20, 9),
(495, 1, 'Male', 'Skin chemosurgery', 'CSS/img_fauna/koala.jpg', 26, 18),
(496, 0, 'Male', 'Cl reduct facial fx NEC', 'CSS/img_fauna/scimmia.jpg', 30, 5),
(497, 1, 'Female', 'Hair transplant', 'CSS/img_fauna/pappagallo.jpg', 13, 35),
(498, 1, 'Male', 'Exc,destrct,exclus LAA', 'CSS/img_fauna/pappagallo.jpg', 30, 49),
(499, 1, 'Female', 'Other plastic ops fascia', 'CSS/img_fauna/fenicottero.jpg', 4, 13),
(500, 1, 'Female', 'Total pancreatectomy', 'CSS/img_fauna/tigre.jpg', 17, 12);

-- --------------------------------------------------------

--
-- Struttura della tabella `flora`
--

CREATE TABLE `flora` (
  `IdFlora` int(11) NOT NULL,
  `Stagione_fioritura` varchar(25) NOT NULL,
  `path_immagine_albero` varchar(100) CHARACTER SET utf8 COLLATE utf8_general_ci DEFAULT NULL,
  `path_immagine_arbusto` varchar(100) CHARACTER SET utf8 COLLATE utf8_general_ci DEFAULT NULL,
  `path_immagine_PiantaErbacea` varchar(100) CHARACTER SET utf8 COLLATE utf8_general_ci DEFAULT NULL,
  `Categoria` varchar(100) CHARACTER SET utf8 COLLATE utf8_general_ci NOT NULL,
  `GenereAlbero` varchar(100) CHARACTER SET utf8 COLLATE utf8_general_ci DEFAULT NULL,
  `TipoFoglie` varchar(100) CHARACTER SET utf8 COLLATE utf8_general_ci DEFAULT NULL,
  `SpecieArbusto` varchar(100) CHARACTER SET utf8 COLLATE utf8_general_ci DEFAULT NULL,
  `DimensioneArbusto` varchar(100) CHARACTER SET utf8 COLLATE utf8_general_ci DEFAULT NULL,
  `ClassificazionePianteErbacee` varchar(100) CHARACTER SET utf8 COLLATE utf8_general_ci DEFAULT NULL,
  `ColorePianteErbacee` varchar(25) CHARACTER SET utf8 COLLATE utf8_general_ci DEFAULT NULL,
  `fk_IdParco` int(11) NOT NULL
) ENGINE=InnoDB DEFAULT CHARSET=utf8;

--
-- Dump dei dati per la tabella `flora`
--

INSERT INTO `flora` (`IdFlora`, `Stagione_fioritura`, `path_immagine_albero`, `path_immagine_arbusto`, `path_immagine_PiantaErbacea`, `Categoria`, `GenereAlbero`, `TipoFoglie`, `SpecieArbusto`, `DimensioneArbusto`, `ClassificazionePianteErbacee`, `ColorePianteErbacee`, `fk_IdParco`) VALUES
(1, 'Primavera', NULL, NULL, 'CSS/img_flora/PianteErbacee/PiantaErbacea1.jpg', 'Pianta erbacea', NULL, NULL, NULL, NULL, 'Rumex salicifolius Weinm. var. crassus (Rech. f.) J.T. Howell', 'Yellow', 8),
(2, 'Primavera', NULL, NULL, 'CSS/img_flora/PianteErbacee/PiantaErbacea7.jpg', 'Pianta erbacea', NULL, NULL, NULL, NULL, 'Pseudognaphalium sandwicensium (Gaudich.) Anderb. var. sandwicensium', 'Turquoise', 29),
(3, 'Primavera', NULL, NULL, 'CSS/img_flora/PianteErbacee/PiantaErbacea4.jpg', 'Pianta erbacea', NULL, NULL, NULL, NULL, 'Smelowskia C.A. Mey.', 'Turquoise', 3),
(4, 'Estate', NULL, NULL, 'CSS/img_flora/PianteErbacee/PiantaErbacea4.jpg', 'Pianta erbacea', NULL, NULL, NULL, NULL, 'Astragalus microcystis A. Gray', 'Turquoise', 38),
(5, 'Primavera', NULL, 'CSS/img_flora/Arbusti/arbusto1.jpg', NULL, 'Arbusto', NULL, NULL, 'Calamus', '3m', NULL, NULL, 35),
(6, 'Estate', 'CSS/img_flora/Alberi/albero2.jpg', NULL, NULL, 'Albero', 'Rosaceae', 'Crataegus pequotorum Sarg.', NULL, NULL, NULL, NULL, 43),
(7, 'Primavera', NULL, NULL, 'CSS/img_flora/PianteErbacee/PiantaErbacea3.jpg', 'Pianta erbacea', NULL, NULL, NULL, NULL, 'Chaptalia albicans (Sw.) Vent. ex Steud.', 'Mauv', 26),
(8, 'Primavera', NULL, NULL, 'CSS/img_flora/PianteErbacee/PiantaErbacea3.jpg', 'Pianta erbacea', NULL, NULL, NULL, NULL, 'Salvia leucophylla Greene', 'Blue', 27),
(9, 'Primavera', NULL, 'CSS/img_flora/Arbusti/arbusto5.jpg', NULL, 'Arbusto', NULL, NULL, 'Horseeye Bean', '5m', NULL, NULL, 16),
(10, 'Estate', NULL, 'CSS/img_flora/Arbusti/arbusto6.jpg', NULL, 'Arbusto', NULL, NULL, 'Hopue', '5m', NULL, NULL, 22),
(11, 'Inverno', NULL, NULL, 'CSS/img_flora/PianteErbacee/PiantaErbacea6.jpg', 'Pianta erbacea', NULL, NULL, NULL, NULL, 'Madia elegans D. Don ex Lindl. ssp. densifolia (Greene) D.D. Keck', 'Indigo', 41),
(12, 'Autunno', 'CSS/img_flora/Alberi/albero7.jpg', NULL, NULL, 'Albero', 'Poaceae', 'Paspalum coryphaeum Trin.', NULL, NULL, NULL, NULL, 15),
(13, 'Autunno', NULL, NULL, 'CSS/img_flora/PianteErbacee/PiantaErbacea4.jpg', 'Pianta erbacea', NULL, NULL, NULL, NULL, 'Stephanomeria minor (Hook.) Nutt.', 'Blue', 50),
(14, 'Autunno', 'CSS/img_flora/Alberi/albero3.jpg', NULL, NULL, 'Albero', 'Liliaceae', 'Allium amplectens Hook.', NULL, NULL, NULL, NULL, 14),
(15, 'Primavera', 'CSS/img_flora/Alberi/albero2.jpg', NULL, NULL, 'Albero', 'Campanulaceae', 'Campanula divaricata Michx.', NULL, NULL, NULL, NULL, 18),
(17, 'Inverno', NULL, 'CSS/img_flora/Arbusti/arbusto7.jpg', NULL, 'Arbusto', NULL, NULL, 'Littlefoot Nemophila', '4m', NULL, NULL, 46),
(18, 'Autunno', NULL, 'CSS/img_flora/Arbusti/arbusto1.jpg', NULL, 'Arbusto', NULL, NULL, 'Campylopus Moss', '1m', NULL, NULL, 1),
(19, 'Estate', 'CSS/img_flora/Alberi/albero3.jpg', NULL, NULL, 'Albero', 'Cyperaceae', 'Cyperus hypochlorus Hillebr. var. brevior Kük.', NULL, NULL, NULL, NULL, 17),
(21, 'Estate', NULL, 'CSS/img_flora/Arbusti/arbusto3.jpg', NULL, 'Arbusto', NULL, NULL, 'American Tarwort', '1m', NULL, NULL, 35),
(22, 'Autunno', 'CSS/img_flora/Alberi/albero1.jpg', NULL, NULL, 'Albero', 'Lamiaceae', 'Salvia greatae Brandegee', NULL, NULL, NULL, NULL, 39),
(23, 'Estate', NULL, NULL, 'CSS/img_flora/PianteErbacee/PiantaErbacea7.jpg', 'Pianta erbacea', NULL, NULL, NULL, NULL, 'Achnatherum lemmonii (Vasey) Barkworth var. pubescens (Crampton) Barkworth', 'Blue', 12),
(24, 'Primavera', NULL, NULL, 'CSS/img_flora/PianteErbacee/PiantaErbacea7.jpg', 'Pianta erbacea', NULL, NULL, NULL, NULL, 'Hieracium praealtum Vill. ex Gochnat var. praealtum Vill. ex Gochnat [excluded]', 'Orange', 38),
(25, 'Primavera', NULL, NULL, 'CSS/img_flora/PianteErbacee/PiantaErbacea6.jpg', 'Pianta erbacea', NULL, NULL, NULL, NULL, 'Dendromecon rigida Benth. ssp. rigida', 'Crimson', 40),
(26, 'Inverno', NULL, 'CSS/img_flora/Arbusti/arbusto6.jpg', NULL, 'Arbusto', NULL, NULL, 'Sphagnum', '2m', NULL, NULL, 46),
(27, 'Estate', 'CSS/img_flora/Alberi/albero4.jpg', NULL, NULL, 'Albero', 'Convolvulaceae', 'Xenostegia Austin & Staples', NULL, NULL, NULL, NULL, 37),
(28, 'Estate', NULL, NULL, 'CSS/img_flora/PianteErbacee/PiantaErbacea6.jpg', 'Pianta erbacea', NULL, NULL, NULL, NULL, 'Rosa ×rehderiana Blackb.', 'Purple', 10),
(29, 'Autunno', 'CSS/img_flora/Alberi/albero7.jpg', NULL, NULL, 'Albero', 'Malvaceae', 'Kokia Lewt.', NULL, NULL, NULL, NULL, 41),
(30, 'Estate', NULL, 'CSS/img_flora/Arbusti/arbusto1.jpg', NULL, 'Arbusto', NULL, NULL, 'Wood Bluegrass', '3m', NULL, NULL, 14),
(31, 'Primavera', 'CSS/img_flora/Alberi/albero2.jpg', NULL, NULL, 'Albero', 'Meliaceae', 'Toona (Endl.) Roem.', NULL, NULL, NULL, NULL, 41),
(32, 'Primavera', 'CSS/img_flora/Alberi/albero3.jpg', NULL, NULL, 'Albero', 'Myriniaceae', 'Myrinia pulvinata (Wahlenb.) Schimp.', NULL, NULL, NULL, NULL, 13),
(33, 'Estate', 'CSS/img_flora/Alberi/albero3.jpg', NULL, NULL, 'Albero', 'Lamiaceae', 'Ballota nigra L. var. foetida (Hayek) Vis.', NULL, NULL, NULL, NULL, 46),
(34, 'Estate', 'CSS/img_flora/Alberi/albero3.jpg', NULL, NULL, 'Albero', 'Linaceae', 'Linum perenne L. ssp. alpinum (Jacq.) Stoj. & Stef.', NULL, NULL, NULL, NULL, 45),
(35, 'Inverno', NULL, 'CSS/img_flora/Arbusti/arbusto2.jpg', NULL, 'Arbusto', NULL, NULL, 'Orange Lichen', '4m', NULL, NULL, 11),
(36, 'Inverno', NULL, NULL, 'CSS/img_flora/PianteErbacee/PiantaErbacea9.jpg', 'Pianta erbacea', NULL, NULL, NULL, NULL, 'Gaillardia pinnatifida Torr. var. pinnatifida', 'Red', 8),
(38, 'Inverno', 'CSS/img_flora/Alberi/albero3.jpg', NULL, NULL, 'Albero', 'Chenopodiaceae', 'Suaeda conferta (Small) I.M. Johnst.', NULL, NULL, NULL, NULL, 22),
(39, 'Primavera', 'CSS/img_flora/Alberi/albero5.jpg', NULL, NULL, 'Albero', 'Notothyladaceae', 'Notothylas breutelii (Gottsche) Gottsche', NULL, NULL, NULL, NULL, 49),
(40, 'Autunno', NULL, NULL, 'CSS/img_flora/PianteErbacee/PiantaErbacea1.jpg', 'Pianta erbacea', NULL, NULL, NULL, NULL, 'Astrothelium versicolor Müll. Arg.', 'Maroon', 39),
(41, 'Autunno', 'CSS/img_flora/Alberi/albero4.jpg', NULL, NULL, 'Albero', 'Pinaceae', 'Pinus contorta Douglas ex Loudon var. latifolia Engelm. ex S. Watson', NULL, NULL, NULL, NULL, 20),
(42, 'Primavera', NULL, 'CSS/img_flora/Arbusti/arbusto4.jpg', NULL, 'Arbusto', NULL, NULL, 'Trinity Mountain Rockcress', '2m', NULL, NULL, 10),
(43, 'Estate', NULL, NULL, 'CSS/img_flora/PianteErbacee/PiantaErbacea5.jpg', 'Pianta erbacea', NULL, NULL, NULL, NULL, 'Diervilla rivularis Gattinger', 'Crimson', 49),
(44, 'Inverno', 'CSS/img_flora/Alberi/albero2.jpg', NULL, NULL, 'Albero', 'Crossosomataceae', 'Crossosoma californicum Nutt.', NULL, NULL, NULL, NULL, 49),
(45, 'Autunno', 'CSS/img_flora/Alberi/albero1.jpg', NULL, NULL, 'Albero', 'Saxifragaceae', 'Saxifraga nelsoniana D. Don ssp. nelsoniana', NULL, NULL, NULL, NULL, 36),
(46, 'Autunno', NULL, 'CSS/img_flora/Arbusti/arbusto4.jpg', NULL, 'Arbusto', NULL, NULL, 'Nehe', '3m', NULL, NULL, 43),
(47, 'Inverno', NULL, NULL, 'CSS/img_flora/PianteErbacee/PiantaErbacea4.jpg', 'Pianta erbacea', NULL, NULL, NULL, NULL, 'Huperzia funiformis (Cham. ex Spring) Trevis.', 'Crimson', 27),
(48, 'Primavera', 'CSS/img_flora/Alberi/albero3.jpg', NULL, NULL, 'Albero', 'Rutaceae', 'Melicope zahlbruckneri (Rock) T.G. Hartley & B.C. Stone', NULL, NULL, NULL, NULL, 10),
(49, 'Estate', 'CSS/img_flora/Alberi/albero2.jpg', NULL, NULL, 'Albero', 'Ranunculaceae', 'Trollius laxus Salisb. ssp. laxus', NULL, NULL, NULL, NULL, 25),
(50, 'Primavera', 'CSS/img_flora/Alberi/albero1.jpg', NULL, NULL, 'Albero', 'Acarosporaceae', 'Acarospora albomarginata (Herre) Salisb.', NULL, NULL, NULL, NULL, 12),
(51, 'Inverno', NULL, 'CSS/img_flora/Arbusti/arbusto3.jpg', NULL, 'Arbusto', NULL, NULL, 'Twistedstalk', '3m', NULL, NULL, 41),
(52, 'Primavera', NULL, NULL, 'CSS/img_flora/PianteErbacee/PiantaErbacea4.jpg', 'Pianta erbacea', NULL, NULL, NULL, NULL, 'Magnolia kobus DC.', 'Crimson', 31),
(53, 'Primavera', NULL, 'CSS/img_flora/Arbusti/arbusto2.jpg', NULL, 'Arbusto', NULL, NULL, 'Eastern Pasqueflower', '2m', NULL, NULL, 37),
(54, 'Autunno', 'CSS/img_flora/Alberi/albero1.jpg', NULL, NULL, 'Albero', 'Apiaceae', 'Perideridia gairdneri (Hook. & Arn.) Mathias ssp. gairdneri', NULL, NULL, NULL, NULL, 38),
(55, 'Inverno', 'CSS/img_flora/Alberi/albero6.jpg', NULL, NULL, 'Albero', 'Cactaceae', 'Corryocactus Britton & Rose', NULL, NULL, NULL, NULL, 16),
(56, 'Primavera', NULL, NULL, 'CSS/img_flora/PianteErbacee/PiantaErbacea1.jpg', 'Pianta erbacea', NULL, NULL, NULL, NULL, 'Chrysosplenium wrightii Franch. & Savigny var. beringianum (Rose) H. Hara', 'Mauv', 30),
(57, 'Autunno', NULL, NULL, 'CSS/img_flora/PianteErbacee/PiantaErbacea4.jpg', 'Pianta erbacea', NULL, NULL, NULL, NULL, 'Galactia striata (Jacq.) Urb.', 'Green', 27),
(58, 'Primavera', NULL, 'CSS/img_flora/Arbusti/arbusto1.jpg', NULL, 'Arbusto', NULL, NULL, 'Drooping Wattle', '1m', NULL, NULL, 7),
(61, 'Autunno', 'CSS/img_flora/Alberi/albero7.jpg', NULL, NULL, 'Albero', 'Thelotremataceae', 'Asterothyrium Müll. Arg.', NULL, NULL, NULL, NULL, 20),
(62, 'Autunno', NULL, NULL, 'CSS/img_flora/PianteErbacee/PiantaErbacea10.jpg', 'Pianta erbacea', NULL, NULL, NULL, NULL, 'Acer saccharum Marshall var. saccharum', 'Goldenrod', 26),
(63, 'Inverno', NULL, NULL, 'CSS/img_flora/PianteErbacee/PiantaErbacea9.jpg', 'Pianta erbacea', NULL, NULL, NULL, NULL, 'Claytonia perfoliata Donn ex Willd. ssp. perfoliata', 'Goldenrod', 46),
(64, 'Estate', NULL, NULL, 'CSS/img_flora/PianteErbacee/PiantaErbacea3.jpg', 'Pianta erbacea', NULL, NULL, NULL, NULL, 'Pteralyxia K. Schum.', 'Maroon', 11),
(65, 'Estate', 'CSS/img_flora/Alberi/albero2.jpg', NULL, NULL, 'Albero', 'Cyperaceae', 'Carex ×neofilipendula Lepage', NULL, NULL, NULL, NULL, 45),
(66, 'Estate', NULL, NULL, 'CSS/img_flora/PianteErbacee/PiantaErbacea5.jpg', 'Pianta erbacea', NULL, NULL, NULL, NULL, 'Calochortus elegans Pursh var. oreophilus Ownbey', 'Turquoise', 31),
(69, 'Estate', NULL, NULL, 'CSS/img_flora/PianteErbacee/PiantaErbacea6.jpg', 'Pianta erbacea', NULL, NULL, NULL, NULL, 'Bergerocactus emoryi (Engelm.) Britton & Rose', 'Aquamarine', 17),
(70, 'Estate', 'CSS/img_flora/Alberi/albero2.jpg', NULL, NULL, 'Albero', 'Viscaceae', 'Arceuthobium abietinum (Engelm.) Hawksw. & Wiens', NULL, NULL, NULL, NULL, 22),
(71, 'Autunno', NULL, NULL, 'CSS/img_flora/PianteErbacee/PiantaErbacea4.jpg', 'Pianta erbacea', NULL, NULL, NULL, NULL, 'Bauhinia multinervia (Kunth) DC.', 'Violet', 47),
(72, 'Primavera', NULL, 'CSS/img_flora/Arbusti/arbusto1.jpg', NULL, 'Arbusto', NULL, NULL, 'Bushloving Cryptantha', '1m', NULL, NULL, 23),
(73, 'Inverno', NULL, 'CSS/img_flora/Arbusti/arbusto1.jpg', NULL, 'Arbusto', NULL, NULL, 'Leyland Cypress', '1m', NULL, NULL, 28),
(74, 'Autunno', 'CSS/img_flora/Alberi/albero1.jpg', NULL, NULL, 'Albero', 'Brassicaceae', 'Rorippa indica (L.) Hiern. var. apetala Hochr.', NULL, NULL, NULL, NULL, 4),
(75, 'Autunno', NULL, 'CSS/img_flora/Arbusti/arbusto6.jpg', NULL, 'Arbusto', NULL, NULL, 'Sachsia', '1m', NULL, NULL, 18),
(76, 'Autunno', NULL, NULL, 'CSS/img_flora/PianteErbacee/PiantaErbacea1.jpg', 'Pianta erbacea', NULL, NULL, NULL, NULL, 'Thelotrema subtile Tuck.', 'Goldenrod', 41),
(77, 'Autunno', NULL, NULL, 'CSS/img_flora/PianteErbacee/PiantaErbacea9.jpg', 'Pianta erbacea', NULL, NULL, NULL, NULL, 'Hypotrachyna osseoalba (Vain.) Park & Hale', 'Maroon', 29),
(78, 'Primavera', 'CSS/img_flora/Alberi/albero1.jpg', NULL, NULL, 'Albero', 'Liliaceae', 'Fritillaria falcata (Jeps.) D.E. Beetle', NULL, NULL, NULL, NULL, 22),
(79, 'Inverno', NULL, 'CSS/img_flora/Arbusti/arbusto5.jpg', NULL, 'Arbusto', NULL, NULL, 'Entireleaf Western Daisy', '5m', NULL, NULL, 47),
(80, 'Estate', NULL, 'CSS/img_flora/Arbusti/arbusto4.jpg', NULL, 'Arbusto', NULL, NULL, 'Filiform Anomobryum Moss', '5m', NULL, NULL, 48),
(81, 'Estate', 'CSS/img_flora/Alberi/albero7.jpg', NULL, NULL, 'Albero', 'Parmeliaceae', 'Brodoa Goward', NULL, NULL, NULL, NULL, 37),
(82, 'Inverno', NULL, NULL, 'CSS/img_flora/PianteErbacee/PiantaErbacea2.jpg', 'Pianta erbacea', NULL, NULL, NULL, NULL, 'Dermatocarpon luridum (With.) J.R. Laundon', 'Turquoise', 11),
(83, 'Autunno', NULL, 'CSS/img_flora/Arbusti/arbusto2.jpg', NULL, 'Arbusto', NULL, NULL, 'Tropical Signalgrass', '4m', NULL, NULL, 18),
(84, 'Autunno', NULL, 'CSS/img_flora/Arbusti/arbusto1.jpg', NULL, 'Arbusto', NULL, NULL, 'Graceful Buttercup', '4m', NULL, NULL, 5),
(85, 'Inverno', NULL, 'CSS/img_flora/Arbusti/arbusto7.jpg', NULL, 'Arbusto', NULL, NULL, 'Rockspirea', '5m', NULL, NULL, 8),
(86, 'Estate', 'CSS/img_flora/Alberi/albero5.jpg', NULL, NULL, 'Albero', 'Rosaceae', 'Rubus pascuus L.H. Bailey', NULL, NULL, NULL, NULL, 43),
(88, 'Autunno', NULL, 'CSS/img_flora/Arbusti/arbusto5.jpg', NULL, 'Arbusto', NULL, NULL, 'Roundleaf Eyebright', '3m', NULL, NULL, 49),
(89, 'Estate', NULL, 'CSS/img_flora/Arbusti/arbusto5.jpg', NULL, 'Arbusto', NULL, NULL, 'Microsteris', '1m', NULL, NULL, 14),
(90, 'Inverno', 'CSS/img_flora/Alberi/albero5.jpg', NULL, NULL, 'Albero', 'Graphidaceae', 'Phaeographis sericea (Eschw.) Müll. Arg.', NULL, NULL, NULL, NULL, 3),
(91, 'Inverno', NULL, 'CSS/img_flora/Arbusti/arbusto1.jpg', NULL, 'Arbusto', NULL, NULL, 'Bulltongue Arrowhead', '2m', NULL, NULL, 38),
(92, 'Primavera', NULL, NULL, 'CSS/img_flora/PianteErbacee/PiantaErbacea4.jpg', 'Pianta erbacea', NULL, NULL, NULL, NULL, 'Peniocereus striatus (Brandegee) Buxbaum', 'Indigo', 19),
(93, 'Estate', NULL, NULL, 'CSS/img_flora/PianteErbacee/PiantaErbacea7.jpg', 'Pianta erbacea', NULL, NULL, NULL, NULL, 'Pallenis maritima Greuter', 'Maroon', 27),
(95, 'Estate', NULL, 'CSS/img_flora/Arbusti/arbusto5.jpg', NULL, 'Arbusto', NULL, NULL, 'Velvet Leaf Senna', '2m', NULL, NULL, 33),
(96, 'Inverno', NULL, 'CSS/img_flora/Arbusti/arbusto7.jpg', NULL, 'Arbusto', NULL, NULL, 'Angostura', '5m', NULL, NULL, 43),
(97, 'Estate', 'CSS/img_flora/Alberi/albero2.jpg', NULL, NULL, 'Albero', 'Asteraceae', 'Peucephyllum A. Gray', NULL, NULL, NULL, NULL, 27),
(98, 'Inverno', 'CSS/img_flora/Alberi/albero4.jpg', NULL, NULL, 'Albero', 'Rosaceae', 'Rubus philadelphicus Blanch.', NULL, NULL, NULL, NULL, 44),
(99, 'Inverno', 'CSS/img_flora/Alberi/albero6.jpg', NULL, NULL, 'Albero', 'Bignoniaceae', 'Podranea ricasoliana (Tanfani) Sprague', NULL, NULL, NULL, NULL, 32),
(100, 'Inverno', NULL, NULL, 'CSS/img_flora/PianteErbacee/PiantaErbacea8.jpg', 'Pianta erbacea', NULL, NULL, NULL, NULL, 'Amaranthus powellii S. Watson ssp. powellii', 'Maroon', 7),
(101, 'Primavera', NULL, NULL, 'CSS/img_flora/PianteErbacee/PiantaErbacea10.jpg', 'Pianta erbacea', NULL, NULL, NULL, NULL, 'Robinia ×longiloba Ashe (pro sp.)', 'Violet', 7),
(102, 'Primavera', 'CSS/img_flora/Alberi/albero7.jpg', NULL, NULL, 'Albero', 'Apiaceae', 'Pseudocymopterus J.M. Coult. & Rose', NULL, NULL, NULL, NULL, 11),
(103, 'Primavera', NULL, 'CSS/img_flora/Arbusti/arbusto6.jpg', NULL, 'Arbusto', NULL, NULL, 'Southwestern Brickellbush', '1m', NULL, NULL, 33),
(105, 'Autunno', NULL, NULL, 'CSS/img_flora/PianteErbacee/PiantaErbacea4.jpg', 'Pianta erbacea', NULL, NULL, NULL, NULL, 'Heterocodon Nutt.', 'Puce', 24),
(106, 'Primavera', NULL, NULL, 'CSS/img_flora/PianteErbacee/PiantaErbacea3.jpg', 'Pianta erbacea', NULL, NULL, NULL, NULL, 'Lupinus bakeri Greene ssp. bakeri', 'Orange', 16),
(107, 'Estate', NULL, 'CSS/img_flora/Arbusti/arbusto1.jpg', NULL, 'Arbusto', NULL, NULL, 'Chisos Mountain Pricklypear', '2m', NULL, NULL, 28),
(108, 'Autunno', NULL, 'CSS/img_flora/Arbusti/arbusto7.jpg', NULL, 'Arbusto', NULL, NULL, 'Rosette Lichen', '5m', NULL, NULL, 12),
(109, 'Autunno', NULL, 'CSS/img_flora/Arbusti/arbusto3.jpg', NULL, 'Arbusto', NULL, NULL, 'Carolina Dayflower', '4m', NULL, NULL, 12),
(110, 'Estate', NULL, 'CSS/img_flora/Arbusti/arbusto3.jpg', NULL, 'Arbusto', NULL, NULL, 'Woodrush', '4m', NULL, NULL, 34),
(111, 'Autunno', NULL, NULL, 'CSS/img_flora/PianteErbacee/PiantaErbacea1.jpg', 'Pianta erbacea', NULL, NULL, NULL, NULL, 'Hexalectris revoluta Correll', 'Fuscia', 32),
(112, 'Inverno', 'CSS/img_flora/Alberi/albero5.jpg', NULL, NULL, 'Albero', 'Asteraceae', 'Chrysanthemum arcticum L. ssp. polare Hultén', NULL, NULL, NULL, NULL, 49),
(113, 'Estate', NULL, 'CSS/img_flora/Arbusti/arbusto4.jpg', NULL, 'Arbusto', NULL, NULL, 'Labrador Buttercup', '3m', NULL, NULL, 5),
(114, 'Estate', 'CSS/img_flora/Alberi/albero5.jpg', NULL, NULL, 'Albero', 'Poaceae', 'Glyceria maxima (Hartm.) Holmb.', NULL, NULL, NULL, NULL, 3),
(115, 'Primavera', 'CSS/img_flora/Alberi/albero7.jpg', NULL, NULL, 'Albero', 'Burseraceae', 'Canarium schweinfurthii Engl.', NULL, NULL, NULL, NULL, 46),
(116, 'Inverno', 'CSS/img_flora/Alberi/albero5.jpg', NULL, NULL, 'Albero', 'Verbenaceae', 'Gmelina asiatica L.', NULL, NULL, NULL, NULL, 18),
(117, 'Autunno', 'CSS/img_flora/Alberi/albero6.jpg', NULL, NULL, 'Albero', 'Urticaceae', 'Urera chlorocarpa Urb.', NULL, NULL, NULL, NULL, 16),
(118, 'Inverno', NULL, NULL, 'CSS/img_flora/PianteErbacee/PiantaErbacea5.jpg', 'Pianta erbacea', NULL, NULL, NULL, NULL, 'Moenchia Ehrh.', 'Pink', 15),
(119, 'Estate', NULL, NULL, 'CSS/img_flora/PianteErbacee/PiantaErbacea6.jpg', 'Pianta erbacea', NULL, NULL, NULL, NULL, 'Vinca minor L.', 'Teal', 1),
(120, 'Autunno', NULL, NULL, 'CSS/img_flora/PianteErbacee/PiantaErbacea3.jpg', 'Pianta erbacea', NULL, NULL, NULL, NULL, 'Coreopsis pubescens Elliott var. robusta A. Gray ex Eames', 'Indigo', 31),
(121, 'Inverno', NULL, 'CSS/img_flora/Arbusti/arbusto3.jpg', NULL, 'Arbusto', NULL, NULL, 'Gigantochloa', '3m', NULL, NULL, 10),
(122, 'Primavera', NULL, NULL, 'CSS/img_flora/PianteErbacee/PiantaErbacea3.jpg', 'Pianta erbacea', NULL, NULL, NULL, NULL, 'Helianthus eggertii Small', 'Yellow', 20),
(123, 'Estate', 'CSS/img_flora/Alberi/albero5.jpg', NULL, NULL, 'Albero', 'Asteraceae', 'Solidago uliginosa Nutt.', NULL, NULL, NULL, NULL, 18),
(124, 'Autunno', 'CSS/img_flora/Alberi/albero2.jpg', NULL, NULL, 'Albero', 'Onagraceae', 'Oenothera affinis Camb.', NULL, NULL, NULL, NULL, 25),
(125, 'Estate', 'CSS/img_flora/Alberi/albero2.jpg', NULL, NULL, 'Albero', 'Poaceae', 'Munroa squarrosa (Nutt.) Torr.', NULL, NULL, NULL, NULL, 32),
(126, 'Inverno', NULL, NULL, 'CSS/img_flora/PianteErbacee/PiantaErbacea4.jpg', 'Pianta erbacea', NULL, NULL, NULL, NULL, 'Solanum umbelliferum Eschsch. var. glabrescens Torr.', 'Fuscia', 3),
(127, 'Estate', NULL, NULL, 'CSS/img_flora/PianteErbacee/PiantaErbacea4.jpg', 'Pianta erbacea', NULL, NULL, NULL, NULL, 'Catha Forssk. ex Scop.', 'Mauv', 30),
(128, 'Inverno', NULL, NULL, 'CSS/img_flora/PianteErbacee/PiantaErbacea8.jpg', 'Pianta erbacea', NULL, NULL, NULL, NULL, 'Saxifraga caespitosa L.', 'Fuscia', 11),
(129, 'Inverno', NULL, NULL, 'CSS/img_flora/PianteErbacee/PiantaErbacea5.jpg', 'Pianta erbacea', NULL, NULL, NULL, NULL, 'Zephyranthes simpsonii Chapm.', 'Purple', 30),
(130, 'Autunno', 'CSS/img_flora/Alberi/albero5.jpg', NULL, NULL, 'Albero', 'Asteraceae', 'Crepis zacintha (L.) Babc.', NULL, NULL, NULL, NULL, 8),
(131, 'Inverno', 'CSS/img_flora/Alberi/albero3.jpg', NULL, NULL, 'Albero', 'Polygonaceae', 'Rumex altissimus Alph. Wood', NULL, NULL, NULL, NULL, 30),
(132, 'Inverno', NULL, NULL, 'CSS/img_flora/PianteErbacee/PiantaErbacea1.jpg', 'Pianta erbacea', NULL, NULL, NULL, NULL, 'Trimezia martinicensis (Jacq.) Herb.', 'Green', 33),
(133, 'Autunno', 'CSS/img_flora/Alberi/albero6.jpg', NULL, NULL, 'Albero', 'Rosaceae', 'Horkelia fusca Lindl.', NULL, NULL, NULL, NULL, 39),
(134, 'Estate', NULL, 'CSS/img_flora/Arbusti/arbusto2.jpg', NULL, 'Arbusto', NULL, NULL, 'Wartleaf Ceanothus', '4m', NULL, NULL, 21),
(135, 'Inverno', NULL, 'CSS/img_flora/Arbusti/arbusto7.jpg', NULL, 'Arbusto', NULL, NULL, 'Maidenstears', '3m', NULL, NULL, 16),
(136, 'Inverno', NULL, 'CSS/img_flora/Arbusti/arbusto2.jpg', NULL, 'Arbusto', NULL, NULL, 'Coastal Wormwood', '5m', NULL, NULL, 50),
(137, 'Inverno', 'CSS/img_flora/Alberi/albero7.jpg', NULL, NULL, 'Albero', 'Najadaceae', 'Najas guadalupensis (Spreng.) Magnus ssp. guadalupensis', NULL, NULL, NULL, NULL, 32),
(138, 'Inverno', 'CSS/img_flora/Alberi/albero2.jpg', NULL, NULL, 'Albero', 'Elaeagnaceae', 'Elaeagnus umbellata Thunb. var. parvifolia (Wall. ex Royle) C.K. Schneid.', NULL, NULL, NULL, NULL, 48),
(139, 'Inverno', NULL, 'CSS/img_flora/Arbusti/arbusto1.jpg', NULL, 'Arbusto', NULL, NULL, 'Northwestern Indian Paintbrush', '2m', NULL, NULL, 23),
(140, 'Autunno', 'CSS/img_flora/Alberi/albero1.jpg', NULL, NULL, 'Albero', 'Marattiaceae', 'Danaea jenmanii Underw.', NULL, NULL, NULL, NULL, 2),
(141, 'Estate', NULL, 'CSS/img_flora/Arbusti/arbusto2.jpg', NULL, 'Arbusto', NULL, NULL, 'Mountain Oxytrope', '2m', NULL, NULL, 17),
(142, 'Autunno', 'CSS/img_flora/Alberi/albero7.jpg', NULL, NULL, 'Albero', 'Agavaceae', 'Agave utahensis Engelm. var. utahensis', NULL, NULL, NULL, NULL, 36),
(143, 'Primavera', 'CSS/img_flora/Alberi/albero5.jpg', NULL, NULL, 'Albero', 'Tiliaceae', 'Tilia platyphyllos Scop.', NULL, NULL, NULL, NULL, 29),
(144, 'Primavera', NULL, NULL, 'CSS/img_flora/PianteErbacee/PiantaErbacea1.jpg', 'Pianta erbacea', NULL, NULL, NULL, NULL, 'Amelanchier arborea (Michx. f.) Fernald', 'Indigo', 13),
(146, 'Autunno', 'CSS/img_flora/Alberi/albero7.jpg', NULL, NULL, 'Albero', 'Liliaceae', 'Clintonia umbellulata (Michx.) Morong', NULL, NULL, NULL, NULL, 45),
(147, 'Estate', NULL, 'CSS/img_flora/Arbusti/arbusto1.jpg', NULL, 'Arbusto', NULL, NULL, 'Sedge', '5m', NULL, NULL, 26),
(148, 'Estate', 'CSS/img_flora/Alberi/albero3.jpg', NULL, NULL, 'Albero', 'Onagraceae', 'Oenothera caespitosa Nutt. ssp. navajoensis W.L. Wagner, Stockhouse & Klein', NULL, NULL, NULL, NULL, 41),
(149, 'Autunno', 'CSS/img_flora/Alberi/albero2.jpg', NULL, NULL, 'Albero', 'Fabaceae', 'Myrospermum Jacq.', NULL, NULL, NULL, NULL, 42),
(150, 'Primavera', 'CSS/img_flora/Alberi/albero6.jpg', NULL, NULL, 'Albero', 'Araliaceae', 'Cheirodendron trigynum (Gaudich.) A. Heller', NULL, NULL, NULL, NULL, 36),
(151, 'Autunno', NULL, NULL, 'CSS/img_flora/PianteErbacee/PiantaErbacea10.jpg', 'Pianta erbacea', NULL, NULL, NULL, NULL, 'Trachelospermum Lem.', 'Indigo', 29),
(152, 'Primavera', NULL, NULL, 'CSS/img_flora/PianteErbacee/PiantaErbacea4.jpg', 'Pianta erbacea', NULL, NULL, NULL, NULL, 'Verbena urticifolia L.', 'Blue', 12),
(153, 'Autunno', NULL, NULL, 'CSS/img_flora/PianteErbacee/PiantaErbacea4.jpg', 'Pianta erbacea', NULL, NULL, NULL, NULL, 'Corema conradii (Torr.) Torr. ex Loudon', 'Teal', 45),
(154, 'Autunno', 'CSS/img_flora/Alberi/albero3.jpg', NULL, NULL, 'Albero', 'Dryopteridaceae', 'Dryopteris rossii C. Chr.', NULL, NULL, NULL, NULL, 9),
(155, 'Estate', 'CSS/img_flora/Alberi/albero3.jpg', NULL, NULL, 'Albero', 'Cyperaceae', 'Carex hookeriana Dewey', NULL, NULL, NULL, NULL, 12),
(156, 'Primavera', NULL, NULL, 'CSS/img_flora/PianteErbacee/PiantaErbacea10.jpg', 'Pianta erbacea', NULL, NULL, NULL, NULL, 'Lupinus breweri A. Gray var. parvulus C.P. Sm.', 'Khaki', 48),
(157, 'Inverno', NULL, 'CSS/img_flora/Arbusti/arbusto4.jpg', NULL, 'Arbusto', NULL, NULL, 'Orange Lichen', '3m', NULL, NULL, 36),
(158, 'Autunno', 'CSS/img_flora/Alberi/albero6.jpg', NULL, NULL, 'Albero', 'Cyperaceae', 'Rhynchospora rariflora (Michx.) Elliott', NULL, NULL, NULL, NULL, 46),
(159, 'Inverno', NULL, 'CSS/img_flora/Arbusti/arbusto5.jpg', NULL, 'Arbusto', NULL, NULL, 'Snow Willow', '3m', NULL, NULL, 18),
(160, 'Estate', NULL, 'CSS/img_flora/Arbusti/arbusto5.jpg', NULL, 'Arbusto', NULL, NULL, 'Cottongrass', '3m', NULL, NULL, 35),
(161, 'Autunno', 'CSS/img_flora/Alberi/albero6.jpg', NULL, NULL, 'Albero', 'Thelotremataceae', 'Asterothyrium decipiens (Rehm) R. Sant.', NULL, NULL, NULL, NULL, 43),
(162, 'Estate', 'CSS/img_flora/Alberi/albero7.jpg', NULL, NULL, 'Albero', 'Brassicaceae', 'Hesperis L.', NULL, NULL, NULL, NULL, 19),
(163, 'Primavera', NULL, NULL, 'CSS/img_flora/PianteErbacee/PiantaErbacea5.jpg', 'Pianta erbacea', NULL, NULL, NULL, NULL, 'Nolina Michx.', 'Puce', 19),
(164, 'Inverno', 'CSS/img_flora/Alberi/albero7.jpg', NULL, NULL, 'Albero', 'Loganiaceae', 'Spigelia anthelmia L.', NULL, NULL, NULL, NULL, 25),
(165, 'Inverno', NULL, NULL, 'CSS/img_flora/PianteErbacee/PiantaErbacea2.jpg', 'Pianta erbacea', NULL, NULL, NULL, NULL, 'Clematis orientalis L.', 'Pink', 34),
(166, 'Primavera', 'CSS/img_flora/Alberi/albero3.jpg', NULL, NULL, 'Albero', 'Isoetaceae', 'Isoetes ×novae-angliae D.F. Brunt. & D.M. Britton', NULL, NULL, NULL, NULL, 28),
(167, 'Primavera', 'CSS/img_flora/Alberi/albero2.jpg', NULL, NULL, 'Albero', 'Fabaceae', 'Astragalus sparsiflorus A. Gray var. majusculus A. Gray', NULL, NULL, NULL, NULL, 4),
(168, 'Autunno', 'CSS/img_flora/Alberi/albero7.jpg', NULL, NULL, 'Albero', 'Hydrophyllaceae', 'Phacelia beatleyae Reveal & Constance', NULL, NULL, NULL, NULL, 39),
(169, 'Estate', NULL, 'CSS/img_flora/Arbusti/arbusto6.jpg', NULL, 'Arbusto', NULL, NULL, 'Pepper', '3m', NULL, NULL, 40),
(170, 'Inverno', NULL, NULL, 'CSS/img_flora/PianteErbacee/PiantaErbacea1.jpg', 'Pianta erbacea', NULL, NULL, NULL, NULL, 'Delphinium trolliifolium A. Gray', 'Pink', 9),
(171, 'Inverno', NULL, NULL, 'CSS/img_flora/PianteErbacee/PiantaErbacea10.jpg', 'Pianta erbacea', NULL, NULL, NULL, NULL, 'Cephaelis ipecacuanha (Brot.) Tussac', 'Pink', 29),
(172, 'Autunno', NULL, NULL, 'CSS/img_flora/PianteErbacee/PiantaErbacea4.jpg', 'Pianta erbacea', NULL, NULL, NULL, NULL, 'Oenanthe L.', 'Aquamarine', 29),
(173, 'Autunno', NULL, NULL, 'CSS/img_flora/PianteErbacee/PiantaErbacea9.jpg', 'Pianta erbacea', NULL, NULL, NULL, NULL, 'Huperzia somae (Hayata) Ching', 'Fuscia', 46),
(174, 'Estate', NULL, NULL, 'CSS/img_flora/PianteErbacee/PiantaErbacea8.jpg', 'Pianta erbacea', NULL, NULL, NULL, NULL, 'Gomphillus americanus Essl.', 'Red', 27),
(175, 'Inverno', NULL, 'CSS/img_flora/Arbusti/arbusto5.jpg', NULL, 'Arbusto', NULL, NULL, 'Wine-colored Leather Flower', '1m', NULL, NULL, 3),
(176, 'Primavera', 'CSS/img_flora/Alberi/albero6.jpg', NULL, NULL, 'Albero', 'Fabaceae', 'Parkinsonia texana (A. Gray) S. Watson var. macra (I.M. Johnst.) Isely', NULL, NULL, NULL, NULL, 25),
(177, 'Estate', 'CSS/img_flora/Alberi/albero5.jpg', NULL, NULL, 'Albero', 'Onagraceae', 'Clarkia stellata Mosquin', NULL, NULL, NULL, NULL, 16),
(178, 'Inverno', NULL, 'CSS/img_flora/Arbusti/arbusto7.jpg', NULL, 'Arbusto', NULL, NULL, 'Xanthocephalum', '3m', NULL, NULL, 30),
(179, 'Primavera', 'CSS/img_flora/Alberi/albero5.jpg', NULL, NULL, 'Albero', 'Pyrolaceae', 'Chimaphila Pursh', NULL, NULL, NULL, NULL, 2),
(180, 'Inverno', 'CSS/img_flora/Alberi/albero2.jpg', NULL, NULL, 'Albero', 'Euphorbiaceae', 'Chamaesyce lasiocarpa (Klotzsch) Arthur', NULL, NULL, NULL, NULL, 8),
(181, 'Autunno', NULL, 'CSS/img_flora/Arbusti/arbusto7.jpg', NULL, 'Arbusto', NULL, NULL, 'West Indian Shrubverbena', '3m', NULL, NULL, 32),
(182, 'Autunno', NULL, 'CSS/img_flora/Arbusti/arbusto3.jpg', NULL, 'Arbusto', NULL, NULL, 'Sapota', '3m', NULL, NULL, 42),
(183, 'Inverno', NULL, 'CSS/img_flora/Arbusti/arbusto1.jpg', NULL, 'Arbusto', NULL, NULL, 'Leather Oak', '1m', NULL, NULL, 16),
(185, 'Inverno', NULL, 'CSS/img_flora/Arbusti/arbusto3.jpg', NULL, 'Arbusto', NULL, NULL, 'Gray Cryptantha', '5m', NULL, NULL, 45),
(186, 'Primavera', NULL, 'CSS/img_flora/Arbusti/arbusto5.jpg', NULL, 'Arbusto', NULL, NULL, 'Roadside Agrimony', '1m', NULL, NULL, 33),
(187, 'Estate', NULL, 'CSS/img_flora/Arbusti/arbusto1.jpg', NULL, 'Arbusto', NULL, NULL, 'Blueberry', '5m', NULL, NULL, 16),
(188, 'Inverno', NULL, NULL, 'CSS/img_flora/PianteErbacee/PiantaErbacea4.jpg', 'Pianta erbacea', NULL, NULL, NULL, NULL, 'Heterotheca sessiliflora (Nutt.) Shinners ssp. echioides (Benth.) Semple var. echioides', 'Maroon', 10),
(189, 'Autunno', NULL, NULL, 'CSS/img_flora/PianteErbacee/PiantaErbacea3.jpg', 'Pianta erbacea', NULL, NULL, NULL, NULL, 'Alopecurus saccatus Vasey', 'Puce', 43),
(190, 'Primavera', NULL, NULL, 'CSS/img_flora/PianteErbacee/PiantaErbacea10.jpg', 'Pianta erbacea', NULL, NULL, NULL, NULL, 'Limonium ramosissimum (Poir.) Maire ssp. provinciale (Pign.) Pign.', 'Maroon', 3),
(191, 'Primavera', NULL, 'CSS/img_flora/Arbusti/arbusto5.jpg', NULL, 'Arbusto', NULL, NULL, 'Kings River Monkeyflower', '4m', NULL, NULL, 27),
(192, 'Inverno', 'CSS/img_flora/Alberi/albero3.jpg', NULL, NULL, 'Albero', 'Polygonaceae', 'Eriogonum purpusii Brandegee', NULL, NULL, NULL, NULL, 35),
(193, 'Primavera', NULL, NULL, 'CSS/img_flora/PianteErbacee/PiantaErbacea1.jpg', 'Pianta erbacea', NULL, NULL, NULL, NULL, 'Chaetopappa effusa (A. Gray) Shinners', 'Yellow', 36),
(194, 'Autunno', NULL, NULL, 'CSS/img_flora/PianteErbacee/PiantaErbacea9.jpg', 'Pianta erbacea', NULL, NULL, NULL, NULL, 'Chionodoxa Boiss.', 'Aquamarine', 7),
(195, 'Autunno', NULL, NULL, 'CSS/img_flora/PianteErbacee/PiantaErbacea5.jpg', 'Pianta erbacea', NULL, NULL, NULL, NULL, 'Acrocomia Mart.', 'Pink', 16),
(196, 'Inverno', NULL, 'CSS/img_flora/Arbusti/arbusto5.jpg', NULL, 'Arbusto', NULL, NULL, 'Brachythecium Moss', '4m', NULL, NULL, 41),
(197, 'Autunno', 'CSS/img_flora/Alberi/albero2.jpg', NULL, NULL, 'Albero', 'Cyperaceae', 'Carex hostiana DC.', NULL, NULL, NULL, NULL, 22),
(198, 'Primavera', NULL, NULL, 'CSS/img_flora/PianteErbacee/PiantaErbacea9.jpg', 'Pianta erbacea', NULL, NULL, NULL, NULL, 'Leptochloa scabra Nees', 'Maroon', 42),
(199, 'Autunno', NULL, NULL, 'CSS/img_flora/PianteErbacee/PiantaErbacea6.jpg', 'Pianta erbacea', NULL, NULL, NULL, NULL, 'Medusulina nitida (Eschw.) Müll. Arg.', 'Yellow', 32),
(200, 'Inverno', 'CSS/img_flora/Alberi/albero4.jpg', NULL, NULL, 'Albero', 'Anomodontaceae', 'Anomodon minor (Hedw.) Fürnr.', NULL, NULL, NULL, NULL, 12),
(201, 'Inverno', NULL, 'CSS/img_flora/Arbusti/arbusto7.jpg', NULL, 'Arbusto', NULL, NULL, 'Orthotrichum Moss', '5m', NULL, NULL, 36),
(202, 'Estate', 'CSS/img_flora/Alberi/albero3.jpg', NULL, NULL, 'Albero', 'Solanaceae', 'Cyphomandra Mart. ex Sendtn.', NULL, NULL, NULL, NULL, 44),
(203, 'Inverno', 'CSS/img_flora/Alberi/albero7.jpg', NULL, NULL, 'Albero', 'Arecaceae', 'Jubaea chilensis (Molina) Baill.', NULL, NULL, NULL, NULL, 42),
(204, 'Inverno', 'CSS/img_flora/Alberi/albero6.jpg', NULL, NULL, 'Albero', 'Rosaceae', 'Rubus depavitus L.H. Bailey', NULL, NULL, NULL, NULL, 15),
(205, 'Autunno', NULL, NULL, 'CSS/img_flora/PianteErbacee/PiantaErbacea8.jpg', 'Pianta erbacea', NULL, NULL, NULL, NULL, 'Pedicularis contorta Benth. var. contorta', 'Purple', 10),
(206, 'Estate', 'CSS/img_flora/Alberi/albero5.jpg', NULL, NULL, 'Albero', 'Rosaceae', 'Rubus ellipticus Sm.', NULL, NULL, NULL, NULL, 38),
(207, 'Autunno', 'CSS/img_flora/Alberi/albero7.jpg', NULL, NULL, 'Albero', 'Fabaceae', 'Astragalus amphioxys A. Gray', NULL, NULL, NULL, NULL, 28),
(208, 'Primavera', 'CSS/img_flora/Alberi/albero5.jpg', NULL, NULL, 'Albero', 'Magnoliaceae', 'Liriodendron L.', NULL, NULL, NULL, NULL, 4),
(210, 'Estate', NULL, NULL, 'CSS/img_flora/PianteErbacee/PiantaErbacea4.jpg', 'Pianta erbacea', NULL, NULL, NULL, NULL, 'Vernonia gigantea (Walter) Trel. ssp. ovalifolia (Torr. & A. Gray) Urbatsch', 'Turquoise', 46),
(211, 'Inverno', NULL, 'CSS/img_flora/Arbusti/arbusto5.jpg', NULL, 'Arbusto', NULL, NULL, 'Santa Catalina Prairie Clover', '2m', NULL, NULL, 31),
(212, 'Primavera', NULL, NULL, 'CSS/img_flora/PianteErbacee/PiantaErbacea4.jpg', 'Pianta erbacea', NULL, NULL, NULL, NULL, 'Eriogonum mancum Rydb.', 'Turquoise', 17),
(213, 'Inverno', NULL, NULL, 'CSS/img_flora/PianteErbacee/PiantaErbacea4.jpg', 'Pianta erbacea', NULL, NULL, NULL, NULL, 'Senecio integerrimus Nutt. var. exaltatus (Nutt.) Cronquist', 'Purple', 34),
(214, 'Inverno', 'CSS/img_flora/Alberi/albero2.jpg', NULL, NULL, 'Albero', 'Saxifragaceae', 'Saxifraga sibirica L.', NULL, NULL, NULL, NULL, 7),
(216, 'Estate', 'CSS/img_flora/Alberi/albero4.jpg', NULL, NULL, 'Albero', 'Lamiaceae', 'Pycnanthemum setosum Nutt.', NULL, NULL, NULL, NULL, 44),
(217, 'Estate', NULL, 'CSS/img_flora/Arbusti/arbusto2.jpg', NULL, 'Arbusto', NULL, NULL, 'Hearst Ranch Buckbrush', '4m', NULL, NULL, 26),
(218, 'Estate', NULL, NULL, 'CSS/img_flora/PianteErbacee/PiantaErbacea4.jpg', 'Pianta erbacea', NULL, NULL, NULL, NULL, 'Myrcianthes Berg', 'Green', 48),
(219, 'Estate', NULL, NULL, 'CSS/img_flora/PianteErbacee/PiantaErbacea1.jpg', 'Pianta erbacea', NULL, NULL, NULL, NULL, 'Lecanora zosterae (Ach.) Nyl.', 'Indigo', 18),
(220, 'Inverno', NULL, NULL, 'CSS/img_flora/PianteErbacee/PiantaErbacea8.jpg', 'Pianta erbacea', NULL, NULL, NULL, NULL, 'Galium glabrescens (Ehrend.) Dempster & Ehrend. ssp. harticum Dempster & Ehrend.', 'Purple', 31),
(221, 'Estate', NULL, NULL, 'CSS/img_flora/PianteErbacee/PiantaErbacea6.jpg', 'Pianta erbacea', NULL, NULL, NULL, NULL, 'Oxalis debilis Kunth', 'Mauv', 3),
(222, 'Inverno', 'CSS/img_flora/Alberi/albero3.jpg', NULL, NULL, 'Albero', 'Cupressaceae', 'Hesperocyparis pigmaea (Lemmon) Bartel', NULL, NULL, NULL, NULL, 29),
(223, 'Inverno', NULL, 'CSS/img_flora/Arbusti/arbusto7.jpg', NULL, 'Arbusto', NULL, NULL, 'Cascara Annona-leaved Buckthorn', '5m', NULL, NULL, 47),
(224, 'Autunno', NULL, NULL, 'CSS/img_flora/PianteErbacee/PiantaErbacea8.jpg', 'Pianta erbacea', NULL, NULL, NULL, NULL, 'Verbascum ×ramigerum Link ex Schrad.', 'Violet', 20),
(225, 'Autunno', NULL, NULL, 'CSS/img_flora/PianteErbacee/PiantaErbacea4.jpg', 'Pianta erbacea', NULL, NULL, NULL, NULL, 'Warea carteri Small', 'Teal', 11),
(226, 'Inverno', NULL, NULL, 'CSS/img_flora/PianteErbacee/PiantaErbacea9.jpg', 'Pianta erbacea', NULL, NULL, NULL, NULL, 'Grimmia elatior Bruch ex Bals. & De Not.', 'Maroon', 47),
(227, 'Inverno', NULL, NULL, 'CSS/img_flora/PianteErbacee/PiantaErbacea10.jpg', 'Pianta erbacea', NULL, NULL, NULL, NULL, 'Sagittaria calycina Engelm.', 'Orange', 35),
(228, 'Inverno', NULL, 'CSS/img_flora/Arbusti/arbusto5.jpg', NULL, 'Arbusto', NULL, NULL, 'Fuzzyflower Cyrtandra', '1m', NULL, NULL, 8),
(229, 'Estate', 'CSS/img_flora/Alberi/albero6.jpg', NULL, NULL, 'Albero', 'Hymenophyllaceae', 'Trichomanes punctatum Poir. ssp. sphenoides (Kunze) W. Boer', NULL, NULL, NULL, NULL, 6),
(230, 'Inverno', NULL, NULL, 'CSS/img_flora/PianteErbacee/PiantaErbacea10.jpg', 'Pianta erbacea', NULL, NULL, NULL, NULL, 'Xanthoparmelia subramigera (Gyel.) Hale', 'Crimson', 14),
(231, 'Primavera', 'CSS/img_flora/Alberi/albero3.jpg', NULL, NULL, 'Albero', 'Pterobryaceae', 'Pireella Cardot', NULL, NULL, NULL, NULL, 15),
(232, 'Primavera', NULL, 'CSS/img_flora/Arbusti/arbusto6.jpg', NULL, 'Arbusto', NULL, NULL, 'Perplexed Chiodecton Lichen', '5m', NULL, NULL, 47),
(233, 'Inverno', NULL, NULL, 'CSS/img_flora/PianteErbacee/PiantaErbacea7.jpg', 'Pianta erbacea', NULL, NULL, NULL, NULL, 'Sequoiadendron giganteum (Lindl.) J. Buchholz', 'Puce', 25),
(234, 'Inverno', NULL, 'CSS/img_flora/Arbusti/arbusto2.jpg', NULL, 'Arbusto', NULL, NULL, 'Roccellina Lichen', '3m', NULL, NULL, 42),
(235, 'Primavera', NULL, NULL, 'CSS/img_flora/PianteErbacee/PiantaErbacea1.jpg', 'Pianta erbacea', NULL, NULL, NULL, NULL, 'Pseudognaphalium californicum (DC.) Anderb.', 'Teal', 1),
(236, 'Inverno', NULL, NULL, 'CSS/img_flora/PianteErbacee/PiantaErbacea5.jpg', 'Pianta erbacea', NULL, NULL, NULL, NULL, 'Bidens valida Sherff', 'Fuscia', 36),
(237, 'Primavera', 'CSS/img_flora/Alberi/albero4.jpg', NULL, NULL, 'Albero', 'Rosaceae', 'Rubus particeps L.H. Bailey', NULL, NULL, NULL, NULL, 30),
(238, 'Autunno', NULL, NULL, 'CSS/img_flora/PianteErbacee/PiantaErbacea4.jpg', 'Pianta erbacea', NULL, NULL, NULL, NULL, 'Solidago patula Muhl. ex Willd. var. strictula Torr. & A. Gray', 'Red', 34),
(239, 'Inverno', NULL, NULL, 'CSS/img_flora/PianteErbacee/PiantaErbacea10.jpg', 'Pianta erbacea', NULL, NULL, NULL, NULL, 'Callitriche intermedia Hoffm. ssp. hamulata (Kütz. ex W.D.J. Koch) Clapham', 'Crimson', 27),
(240, 'Estate', 'CSS/img_flora/Alberi/albero7.jpg', NULL, NULL, 'Albero', 'Brassicaceae', 'Rorippa ×prostrata (Bergeret) Schinz & Thell. (pro sp.)', NULL, NULL, NULL, NULL, 22),
(241, 'Estate', NULL, NULL, 'CSS/img_flora/PianteErbacee/PiantaErbacea7.jpg', 'Pianta erbacea', NULL, NULL, NULL, NULL, 'Eriophorum vaginatum L. var. vaginatum', 'Indigo', 36),
(242, 'Primavera', NULL, 'CSS/img_flora/Arbusti/arbusto1.jpg', NULL, 'Arbusto', NULL, NULL, 'Desert Cryptantha', '5m', NULL, NULL, 3),
(243, 'Estate', NULL, 'CSS/img_flora/Arbusti/arbusto3.jpg', NULL, 'Arbusto', NULL, NULL, 'Reflexed Gyroweisia Moss', '3m', NULL, NULL, 26),
(245, 'Estate', 'CSS/img_flora/Alberi/albero2.jpg', NULL, NULL, 'Albero', 'Sphagnaceae', 'Sphagnum palustre L.', NULL, NULL, NULL, NULL, 11),
(246, 'Autunno', 'CSS/img_flora/Alberi/albero5.jpg', NULL, NULL, 'Albero', 'Scrophulariaceae', 'Howelliella ovata (Eastw.) Rothm.', NULL, NULL, NULL, NULL, 22),
(247, 'Primavera', NULL, 'CSS/img_flora/Arbusti/arbusto6.jpg', NULL, 'Arbusto', NULL, NULL, 'Japanese Chaff Flower', '4m', NULL, NULL, 1),
(248, 'Primavera', NULL, NULL, 'CSS/img_flora/PianteErbacee/PiantaErbacea1.jpg', 'Pianta erbacea', NULL, NULL, NULL, NULL, 'Pteryxia terebinthina (Hook.) J.M. Coult. & Rose var. terebinthina', 'Aquamarine', 16),
(249, 'Inverno', NULL, NULL, 'CSS/img_flora/PianteErbacee/PiantaErbacea8.jpg', 'Pianta erbacea', NULL, NULL, NULL, NULL, 'Carthamus oxyacanthus M. Bieb.', 'Maroon', 27),
(250, 'Primavera', NULL, 'CSS/img_flora/Arbusti/arbusto2.jpg', NULL, 'Arbusto', NULL, NULL, 'Spleenwort', '1m', NULL, NULL, 37),
(251, 'Inverno', NULL, NULL, 'CSS/img_flora/PianteErbacee/PiantaErbacea9.jpg', 'Pianta erbacea', NULL, NULL, NULL, NULL, 'Isothecium myosuroides Brid.', 'Yellow', 7),
(252, 'Primavera', NULL, 'CSS/img_flora/Arbusti/arbusto7.jpg', NULL, 'Arbusto', NULL, NULL, 'Mucronate Sprangeltop', '3m', NULL, NULL, 32),
(253, 'Autunno', NULL, 'CSS/img_flora/Arbusti/arbusto1.jpg', NULL, 'Arbusto', NULL, NULL, 'Roundleaf Bladderpod', '3m', NULL, NULL, 43),
(254, 'Estate', NULL, 'CSS/img_flora/Arbusti/arbusto7.jpg', NULL, 'Arbusto', NULL, NULL, 'Lathrocasis', '3m', NULL, NULL, 46),
(255, 'Estate', NULL, NULL, 'CSS/img_flora/PianteErbacee/PiantaErbacea3.jpg', 'Pianta erbacea', NULL, NULL, NULL, NULL, 'Rorippa ramosa Rollins', 'Khaki', 15),
(256, 'Autunno', NULL, NULL, 'CSS/img_flora/PianteErbacee/PiantaErbacea10.jpg', 'Pianta erbacea', NULL, NULL, NULL, NULL, 'Woodsia ×gracilis (G. Lawson) Butters', 'Goldenrod', 30),
(257, 'Estate', NULL, 'CSS/img_flora/Arbusti/arbusto6.jpg', NULL, 'Arbusto', NULL, NULL, 'Slender Woollyheads', '3m', NULL, NULL, 14),
(258, 'Inverno', NULL, NULL, 'CSS/img_flora/PianteErbacee/PiantaErbacea10.jpg', 'Pianta erbacea', NULL, NULL, NULL, NULL, 'Anthracothecium varians R.C. Harris', 'Violet', 7),
(259, 'Inverno', 'CSS/img_flora/Alberi/albero5.jpg', NULL, NULL, 'Albero', 'Onagraceae', 'Oenothera macrocarpa Nutt.', NULL, NULL, NULL, NULL, 30),
(260, 'Estate', 'CSS/img_flora/Alberi/albero1.jpg', NULL, NULL, 'Albero', 'Verrucariaceae', 'Thelidium microbolum (Tuck.) Hasse', NULL, NULL, NULL, NULL, 37),
(261, 'Estate', 'CSS/img_flora/Alberi/albero3.jpg', NULL, NULL, 'Albero', 'Fabaceae', 'Astragalus episcopus S. Watson', NULL, NULL, NULL, NULL, 43),
(262, 'Estate', NULL, NULL, 'CSS/img_flora/PianteErbacee/PiantaErbacea6.jpg', 'Pianta erbacea', NULL, NULL, NULL, NULL, 'Carex thunbergii Steud.', 'Crimson', 41),
(263, 'Autunno', 'CSS/img_flora/Alberi/albero5.jpg', NULL, NULL, 'Albero', 'Malvaceae', 'Sphaeralcea janeae (S.L. Welsh) S.L. Welsh', NULL, NULL, NULL, NULL, 22),
(264, 'Autunno', NULL, NULL, 'CSS/img_flora/PianteErbacee/PiantaErbacea2.jpg', 'Pianta erbacea', NULL, NULL, NULL, NULL, 'Elodea Michx.', 'Goldenrod', 9),
(265, 'Autunno', 'CSS/img_flora/Alberi/albero1.jpg', NULL, NULL, 'Albero', 'Asteraceae', 'Viguiera parishii Greene', NULL, NULL, NULL, NULL, 12),
(266, 'Autunno', NULL, 'CSS/img_flora/Arbusti/arbusto3.jpg', NULL, 'Arbusto', NULL, NULL, 'Polytrichum Moss', '4m', NULL, NULL, 46),
(267, 'Inverno', NULL, NULL, 'CSS/img_flora/PianteErbacee/PiantaErbacea8.jpg', 'Pianta erbacea', NULL, NULL, NULL, NULL, 'Encalypta affinis R. Hedw. var. macounii (Austin) H.A. Crum & L.E. Anderson', 'Yellow', 20),
(268, 'Inverno', NULL, 'CSS/img_flora/Arbusti/arbusto3.jpg', NULL, 'Arbusto', NULL, NULL, 'Allegheny Serviceberry', '4m', NULL, NULL, 25),
(269, 'Estate', NULL, 'CSS/img_flora/Arbusti/arbusto3.jpg', NULL, 'Arbusto', NULL, NULL, 'Chinese Milk-vetch', '2m', NULL, NULL, 38),
(270, 'Autunno', NULL, 'CSS/img_flora/Arbusti/arbusto2.jpg', NULL, 'Arbusto', NULL, NULL, 'Bryum Moss', '2m', NULL, NULL, 34),
(271, 'Estate', 'CSS/img_flora/Alberi/albero3.jpg', NULL, NULL, 'Albero', 'Sphagnaceae', 'Sphagnum magellanicum Brid.', NULL, NULL, NULL, NULL, 50),
(272, 'Autunno', 'CSS/img_flora/Alberi/albero2.jpg', NULL, NULL, 'Albero', 'Commelinaceae', 'Tradescantia occidentalis (Britton) Smyth var. melanthera MacRoberts', NULL, NULL, NULL, NULL, 24),
(273, 'Autunno', NULL, 'CSS/img_flora/Arbusti/arbusto2.jpg', NULL, 'Arbusto', NULL, NULL, 'Mintleaf Bergamot', '3m', NULL, NULL, 16),
(274, 'Inverno', 'CSS/img_flora/Alberi/albero6.jpg', NULL, NULL, 'Albero', 'Asteraceae', 'Crepis runcinata (James) Torr. & A. Gray ssp. runcinata', NULL, NULL, NULL, NULL, 6),
(275, 'Estate', NULL, NULL, 'CSS/img_flora/PianteErbacee/PiantaErbacea6.jpg', 'Pianta erbacea', NULL, NULL, NULL, NULL, 'Sanicula odorata (Raf.) K.M. Pryer & L.R. Phillippe', 'Yellow', 35),
(276, 'Estate', NULL, 'CSS/img_flora/Arbusti/arbusto3.jpg', NULL, 'Arbusto', NULL, NULL, 'Hairy Banana', '4m', NULL, NULL, 28),
(277, 'Autunno', 'CSS/img_flora/Alberi/albero5.jpg', NULL, NULL, 'Albero', 'Grossulariaceae', 'Ribes velutinum Greene', NULL, NULL, NULL, NULL, 48),
(278, 'Estate', 'CSS/img_flora/Alberi/albero4.jpg', NULL, NULL, 'Albero', 'Asteraceae', 'Antennaria friesiana (Trautv.) Ekman', NULL, NULL, NULL, NULL, 17),
(279, 'Primavera', NULL, 'CSS/img_flora/Arbusti/arbusto7.jpg', NULL, 'Arbusto', NULL, NULL, 'White Prairie Aster', '2m', NULL, NULL, 7),
(280, 'Autunno', 'CSS/img_flora/Alberi/albero7.jpg', NULL, NULL, 'Albero', 'Rimulariaceae', 'Rimularia limborina Nyl.', NULL, NULL, NULL, NULL, 18),
(281, 'Primavera', NULL, 'CSS/img_flora/Arbusti/arbusto7.jpg', NULL, 'Arbusto', NULL, NULL, 'Cobaea Beardtongue', '3m', NULL, NULL, 12),
(282, 'Primavera', 'CSS/img_flora/Alberi/albero3.jpg', NULL, NULL, 'Albero', 'Boraginaceae', 'Cryptantha Lehm. ex G. Don', NULL, NULL, NULL, NULL, 26),
(283, 'Estate', NULL, NULL, 'CSS/img_flora/PianteErbacee/PiantaErbacea10.jpg', 'Pianta erbacea', NULL, NULL, NULL, NULL, 'Pyrus ussuriensis Maxim.', 'Blue', 36),
(284, 'Estate', NULL, NULL, 'CSS/img_flora/PianteErbacee/PiantaErbacea4.jpg', 'Pianta erbacea', NULL, NULL, NULL, NULL, 'Stephanomeria blairii Munz & I.M. Johnst.', 'Mauv', 2),
(285, 'Estate', NULL, 'CSS/img_flora/Arbusti/arbusto3.jpg', NULL, 'Arbusto', NULL, NULL, 'Asiatic Dock', '4m', NULL, NULL, 5),
(286, 'Inverno', 'CSS/img_flora/Alberi/albero6.jpg', NULL, NULL, 'Albero', 'Juncaceae', 'Juncus elliottii Chapm.', NULL, NULL, NULL, NULL, 11),
(287, 'Estate', NULL, 'CSS/img_flora/Arbusti/arbusto2.jpg', NULL, 'Arbusto', NULL, NULL, 'Ginger-leaf Morning-glory', '4m', NULL, NULL, 45),
(288, 'Primavera', NULL, NULL, 'CSS/img_flora/PianteErbacee/PiantaErbacea2.jpg', 'Pianta erbacea', NULL, NULL, NULL, NULL, 'Collema fasciculare (L.) F.H. Wigg.', 'Teal', 28),
(289, 'Autunno', 'CSS/img_flora/Alberi/albero3.jpg', NULL, NULL, 'Albero', 'Boraginaceae', 'Plagiobothrys fulvus (Hook. & Arn.) I.M. Johnst.', NULL, NULL, NULL, NULL, 32),
(290, 'Primavera', 'CSS/img_flora/Alberi/albero1.jpg', NULL, NULL, 'Albero', 'Betulaceae', 'Betula pubescens Ehrh. ssp. pubescens', NULL, NULL, NULL, NULL, 17),
(291, 'Estate', NULL, 'CSS/img_flora/Arbusti/arbusto7.jpg', NULL, 'Arbusto', NULL, NULL, 'Membraneous Felt Lichen', '2m', NULL, NULL, 37),
(292, 'Autunno', 'CSS/img_flora/Alberi/albero4.jpg', NULL, NULL, 'Albero', 'Celastraceae', 'Maytenus phyllanthoides Benth.', NULL, NULL, NULL, NULL, 39),
(293, 'Autunno', 'CSS/img_flora/Alberi/albero1.jpg', NULL, NULL, 'Albero', 'Apiaceae', 'Angelica archangelica L.', NULL, NULL, NULL, NULL, 2),
(294, 'Autunno', NULL, NULL, 'CSS/img_flora/PianteErbacee/PiantaErbacea10.jpg', 'Pianta erbacea', NULL, NULL, NULL, NULL, 'Lonicera nitida E.H. Wilson', 'Fuscia', 4),
(295, 'Autunno', NULL, NULL, 'CSS/img_flora/PianteErbacee/PiantaErbacea2.jpg', 'Pianta erbacea', NULL, NULL, NULL, NULL, 'Chloris elata Desv.', 'Maroon', 15),
(296, 'Inverno', NULL, NULL, 'CSS/img_flora/PianteErbacee/PiantaErbacea4.jpg', 'Pianta erbacea', NULL, NULL, NULL, NULL, 'Hypogymnia pulverata (Nyl. ex Crombie) Elix', 'Aquamarine', 7),
(297, 'Primavera', NULL, NULL, 'CSS/img_flora/PianteErbacee/PiantaErbacea8.jpg', 'Pianta erbacea', NULL, NULL, NULL, NULL, 'Caulanthus cooperi (S. Watson) Payson', 'Puce', 46),
(298, 'Inverno', NULL, 'CSS/img_flora/Arbusti/arbusto3.jpg', NULL, 'Arbusto', NULL, NULL, 'Australasian Catchbirdtree', '5m', NULL, NULL, 42),
(299, 'Primavera', NULL, NULL, 'CSS/img_flora/PianteErbacee/PiantaErbacea1.jpg', 'Pianta erbacea', NULL, NULL, NULL, NULL, 'Townsendia nuttallii Dorn', 'Goldenrod', 31),
(300, 'Primavera', NULL, 'CSS/img_flora/Arbusti/arbusto5.jpg', NULL, 'Arbusto', NULL, NULL, 'Stirtonia Lichen', '4m', NULL, NULL, 45),
(301, 'Estate', NULL, NULL, 'CSS/img_flora/PianteErbacee/PiantaErbacea2.jpg', 'Pianta erbacea', NULL, NULL, NULL, NULL, 'Dodecatheon dentatum Hook.', 'Green', 39),
(302, 'Primavera', NULL, NULL, 'CSS/img_flora/PianteErbacee/PiantaErbacea10.jpg', 'Pianta erbacea', NULL, NULL, NULL, NULL, 'Coelorachis cylindrica (Michx.) Nash', 'Aquamarine', 23),
(303, 'Primavera', NULL, NULL, 'CSS/img_flora/PianteErbacee/PiantaErbacea10.jpg', 'Pianta erbacea', NULL, NULL, NULL, NULL, 'Leucodon Schwägr.', 'Red', 14),
(304, 'Inverno', NULL, NULL, 'CSS/img_flora/PianteErbacee/PiantaErbacea1.jpg', 'Pianta erbacea', NULL, NULL, NULL, NULL, 'Chrysobalanus icaco L.', 'Teal', 13),
(305, 'Inverno', NULL, NULL, 'CSS/img_flora/PianteErbacee/PiantaErbacea6.jpg', 'Pianta erbacea', NULL, NULL, NULL, NULL, 'Eugeissona utilis Becc.', 'Mauv', 33),
(306, 'Estate', NULL, 'CSS/img_flora/Arbusti/arbusto5.jpg', NULL, 'Arbusto', NULL, NULL, 'Bluntleaf Yellowcress', '3m', NULL, NULL, 23),
(308, 'Inverno', 'CSS/img_flora/Alberi/albero3.jpg', NULL, NULL, 'Albero', 'Grimmiaceae', 'Indusiella thianschanica Broth. & Müll. Hal.', NULL, NULL, NULL, NULL, 10),
(309, 'Autunno', 'CSS/img_flora/Alberi/albero6.jpg', NULL, NULL, 'Albero', 'Scrophulariaceae', 'Chionophila tweedyi (Canby & Rose) L.F. Hend.', NULL, NULL, NULL, NULL, 4),
(310, 'Autunno', NULL, NULL, 'CSS/img_flora/PianteErbacee/PiantaErbacea5.jpg', 'Pianta erbacea', NULL, NULL, NULL, NULL, 'Hesperocyparis macnabiana (A. Murray bis) Bartel', 'Crimson', 20),
(311, 'Estate', 'CSS/img_flora/Alberi/albero1.jpg', NULL, NULL, 'Albero', 'Liliaceae', 'Cordyline Comm. ex R. Br.', NULL, NULL, NULL, NULL, 9),
(312, 'Autunno', 'CSS/img_flora/Alberi/albero2.jpg', NULL, NULL, 'Albero', 'Rosaceae', 'Filipendula rubra (Hill) B.L. Rob.', NULL, NULL, NULL, NULL, 37),
(313, 'Primavera', NULL, NULL, 'CSS/img_flora/PianteErbacee/PiantaErbacea4.jpg', 'Pianta erbacea', NULL, NULL, NULL, NULL, 'Lycopodium venustulum Gaudich.', 'Orange', 21),
(314, 'Inverno', 'CSS/img_flora/Alberi/albero1.jpg', NULL, NULL, 'Albero', 'Asteraceae', 'Helianthus salicifolius A. Dietr.', NULL, NULL, NULL, NULL, 38),
(315, 'Autunno', NULL, 'CSS/img_flora/Arbusti/arbusto3.jpg', NULL, 'Arbusto', NULL, NULL, 'Bent Avens', '3m', NULL, NULL, 28),
(316, 'Estate', NULL, 'CSS/img_flora/Arbusti/arbusto6.jpg', NULL, 'Arbusto', NULL, NULL, 'Variegated Liveforever', '5m', NULL, NULL, 25),
(317, 'Inverno', NULL, 'CSS/img_flora/Arbusti/arbusto6.jpg', NULL, 'Arbusto', NULL, NULL, 'Hillside Vervain', '5m', NULL, NULL, 18),
(318, 'Estate', 'CSS/img_flora/Alberi/albero6.jpg', NULL, NULL, 'Albero', 'Fabaceae', 'Astragalus kentrophyta A. Gray var. ungulatus M.E. Jones', NULL, NULL, NULL, NULL, 50),
(319, 'Autunno', NULL, 'CSS/img_flora/Arbusti/arbusto6.jpg', NULL, 'Arbusto', NULL, NULL, 'Rinodina Lichen', '5m', NULL, NULL, 35),
(320, 'Inverno', NULL, 'CSS/img_flora/Arbusti/arbusto5.jpg', NULL, 'Arbusto', NULL, NULL, 'Glycine', '1m', NULL, NULL, 20),
(321, 'Autunno', 'CSS/img_flora/Alberi/albero5.jpg', NULL, NULL, 'Albero', 'Ranunculaceae', 'Ranunculus ranunculinus (Nutt.) Rydb.', NULL, NULL, NULL, NULL, 19),
(322, 'Primavera', NULL, NULL, 'CSS/img_flora/PianteErbacee/PiantaErbacea7.jpg', 'Pianta erbacea', NULL, NULL, NULL, NULL, 'Holarrhena R. Br.', 'Maroon', 1),
(323, 'Primavera', 'CSS/img_flora/Alberi/albero1.jpg', NULL, NULL, 'Albero', 'Smilacaceae', 'Smilax laurifolia L.', NULL, NULL, NULL, NULL, 45),
(324, 'Estate', 'CSS/img_flora/Alberi/albero3.jpg', NULL, NULL, 'Albero', 'Agavaceae', 'Yucca flaccida Haw.', NULL, NULL, NULL, NULL, 5),
(325, 'Estate', NULL, NULL, 'CSS/img_flora/PianteErbacee/PiantaErbacea5.jpg', 'Pianta erbacea', NULL, NULL, NULL, NULL, 'Lachnocaulon engleri Ruhl.', 'Mauv', 22),
(326, 'Autunno', NULL, NULL, 'CSS/img_flora/PianteErbacee/PiantaErbacea4.jpg', 'Pianta erbacea', NULL, NULL, NULL, NULL, 'Onosmodium bejariense DC. ex A. DC. var. hispidissimum (Mack.) B.L. Turner', 'Goldenrod', 28),
(327, 'Primavera', 'CSS/img_flora/Alberi/albero2.jpg', NULL, NULL, 'Albero', 'Asteraceae', 'Malacothrix foliosa A. Gray', NULL, NULL, NULL, NULL, 32),
(329, 'Estate', 'CSS/img_flora/Alberi/albero3.jpg', NULL, NULL, 'Albero', 'Solanaceae', 'Solandra Sw.', NULL, NULL, NULL, NULL, 40),
(330, 'Estate', 'CSS/img_flora/Alberi/albero1.jpg', NULL, NULL, 'Albero', 'Fabaceae', 'Astragalus knightii Barneby', NULL, NULL, NULL, NULL, 35),
(331, 'Inverno', NULL, NULL, 'CSS/img_flora/PianteErbacee/PiantaErbacea3.jpg', 'Pianta erbacea', NULL, NULL, NULL, NULL, 'Diplazium grandifolium (Sw.) Sw.', 'Pink', 13),
(332, 'Inverno', NULL, NULL, 'CSS/img_flora/PianteErbacee/PiantaErbacea1.jpg', 'Pianta erbacea', NULL, NULL, NULL, NULL, 'Eryngium spinosepalum Mathias', 'Aquamarine', 42),
(334, 'Primavera', NULL, 'CSS/img_flora/Arbusti/arbusto7.jpg', NULL, 'Arbusto', NULL, NULL, 'Orange Lichen', '3m', NULL, NULL, 42),
(335, 'Inverno', NULL, NULL, 'CSS/img_flora/PianteErbacee/PiantaErbacea3.jpg', 'Pianta erbacea', NULL, NULL, NULL, NULL, 'Pottia lanceolata (Hedw.) Müll. Hal.', 'Blue', 12),
(336, 'Primavera', 'CSS/img_flora/Alberi/albero4.jpg', NULL, NULL, 'Albero', 'Boraginaceae', 'Plagiobothrys myosotoides (Lehm.) Brand', NULL, NULL, NULL, NULL, 35),
(337, 'Primavera', 'CSS/img_flora/Alberi/albero5.jpg', NULL, NULL, 'Albero', 'Piperaceae', 'Piper dilatatum Rich.', NULL, NULL, NULL, NULL, 33),
(338, 'Primavera', NULL, NULL, 'CSS/img_flora/PianteErbacee/PiantaErbacea8.jpg', 'Pianta erbacea', NULL, NULL, NULL, NULL, 'Nemophila pedunculata Douglas ex Benth.', 'Puce', 17),
(339, 'Estate', 'CSS/img_flora/Alberi/albero3.jpg', NULL, NULL, 'Albero', 'Pinaceae', 'Picea glehnii (F. Schmidt) Mast.', NULL, NULL, NULL, NULL, 36);
INSERT INTO `flora` (`IdFlora`, `Stagione_fioritura`, `path_immagine_albero`, `path_immagine_arbusto`, `path_immagine_PiantaErbacea`, `Categoria`, `GenereAlbero`, `TipoFoglie`, `SpecieArbusto`, `DimensioneArbusto`, `ClassificazionePianteErbacee`, `ColorePianteErbacee`, `fk_IdParco`) VALUES
(340, 'Autunno', NULL, NULL, 'CSS/img_flora/PianteErbacee/PiantaErbacea1.jpg', 'Pianta erbacea', NULL, NULL, NULL, NULL, 'Justicia pilosella (Nees) Hilsenb.', 'Orange', 2),
(341, 'Estate', NULL, NULL, 'CSS/img_flora/PianteErbacee/PiantaErbacea2.jpg', 'Pianta erbacea', NULL, NULL, NULL, NULL, 'Talinum triangulare (Jacq.) Willd.', 'Yellow', 48),
(342, 'Autunno', NULL, 'CSS/img_flora/Arbusti/arbusto7.jpg', NULL, 'Arbusto', NULL, NULL, 'Yreka Phlox', '3m', NULL, NULL, 3),
(343, 'Inverno', 'CSS/img_flora/Alberi/albero3.jpg', NULL, NULL, 'Albero', 'Asteraceae', 'Heliomeris Nutt.', NULL, NULL, NULL, NULL, 41),
(344, 'Primavera', 'CSS/img_flora/Alberi/albero3.jpg', NULL, NULL, 'Albero', 'Malvaceae', 'Sidalcea keckii Wiggins', NULL, NULL, NULL, NULL, 7),
(345, 'Estate', 'CSS/img_flora/Alberi/albero1.jpg', NULL, NULL, 'Albero', 'Fabaceae', 'Senna bacillaris (L. f.) Irwin & Barneby', NULL, NULL, NULL, NULL, 44),
(346, 'Inverno', NULL, 'CSS/img_flora/Arbusti/arbusto2.jpg', NULL, 'Arbusto', NULL, NULL, 'Meesia Moss', '5m', NULL, NULL, 48),
(347, 'Estate', 'CSS/img_flora/Alberi/albero7.jpg', NULL, NULL, 'Albero', 'Fabaceae', 'Dalea carthagenensis (Jacq.) J.F. Macbr.', NULL, NULL, NULL, NULL, 47),
(348, 'Inverno', NULL, NULL, 'CSS/img_flora/PianteErbacee/PiantaErbacea2.jpg', 'Pianta erbacea', NULL, NULL, NULL, NULL, 'Philonotis capillaris Lindb.', 'Violet', 4),
(350, 'Inverno', NULL, 'CSS/img_flora/Arbusti/arbusto7.jpg', NULL, 'Arbusto', NULL, NULL, 'California False Hellebore', '4m', NULL, NULL, 45),
(351, 'Primavera', NULL, NULL, 'CSS/img_flora/PianteErbacee/PiantaErbacea3.jpg', 'Pianta erbacea', NULL, NULL, NULL, NULL, 'Lathyrus japonicus Willd.', 'Pink', 19),
(352, 'Estate', 'CSS/img_flora/Alberi/albero6.jpg', NULL, NULL, 'Albero', 'Scrophulariaceae', 'Veronicastrum Heist. ex Fabr.', NULL, NULL, NULL, NULL, 31),
(353, 'Inverno', NULL, 'CSS/img_flora/Arbusti/arbusto5.jpg', NULL, 'Arbusto', NULL, NULL, 'Dwarf Elderberry', '3m', NULL, NULL, 12),
(354, 'Estate', NULL, 'CSS/img_flora/Arbusti/arbusto4.jpg', NULL, 'Arbusto', NULL, NULL, 'Cedar Mountain Fameflower', '4m', NULL, NULL, 13),
(355, 'Estate', 'CSS/img_flora/Alberi/albero3.jpg', NULL, NULL, 'Albero', 'Dryopteridaceae', 'Dryopteris nuda Underw.', NULL, NULL, NULL, NULL, 47),
(356, 'Primavera', 'CSS/img_flora/Alberi/albero2.jpg', NULL, NULL, 'Albero', 'Polygonaceae', 'Eriogonum covilleanum Eastw.', NULL, NULL, NULL, NULL, 1),
(357, 'Primavera', 'CSS/img_flora/Alberi/albero7.jpg', NULL, NULL, 'Albero', 'Euphorbiaceae', 'Chamaesyce porteriana Small var. scoparia (Small) Burch', NULL, NULL, NULL, NULL, 36),
(359, 'Inverno', 'CSS/img_flora/Alberi/albero2.jpg', NULL, NULL, 'Albero', 'Hydrophyllaceae', 'Phacelia dubia (L.) Trel. var. interior Fernald', NULL, NULL, NULL, NULL, 14),
(360, 'Inverno', NULL, NULL, 'CSS/img_flora/PianteErbacee/PiantaErbacea10.jpg', 'Pianta erbacea', NULL, NULL, NULL, NULL, 'Eriogonum darrovii Kearney', 'Turquoise', 34),
(363, 'Estate', 'CSS/img_flora/Alberi/albero7.jpg', NULL, NULL, 'Albero', 'Euphorbiaceae', 'Euphorbia stricta L.', NULL, NULL, NULL, NULL, 26),
(365, 'Inverno', 'CSS/img_flora/Alberi/albero7.jpg', NULL, NULL, 'Albero', 'Cactaceae', 'Cylindropuntia ×fosbergii (C.B. Wolf) Backeb.', NULL, NULL, NULL, NULL, 10),
(366, 'Autunno', NULL, 'CSS/img_flora/Arbusti/arbusto3.jpg', NULL, 'Arbusto', NULL, NULL, 'Heartleaf Maiden Fern', '5m', NULL, NULL, 5),
(367, 'Autunno', NULL, NULL, 'CSS/img_flora/PianteErbacee/PiantaErbacea6.jpg', 'Pianta erbacea', NULL, NULL, NULL, NULL, 'Eucalyptus banksii Maiden', 'Green', 21),
(368, 'Primavera', NULL, 'CSS/img_flora/Arbusti/arbusto4.jpg', NULL, 'Arbusto', NULL, NULL, 'Hybrid Oak', '1m', NULL, NULL, 38),
(369, 'Estate', NULL, 'CSS/img_flora/Arbusti/arbusto6.jpg', NULL, 'Arbusto', NULL, NULL, 'Matted Grama', '3m', NULL, NULL, 27),
(370, 'Estate', NULL, 'CSS/img_flora/Arbusti/arbusto2.jpg', NULL, 'Arbusto', NULL, NULL, 'Chamisso Arnica', '5m', NULL, NULL, 17),
(371, 'Estate', NULL, NULL, 'CSS/img_flora/PianteErbacee/PiantaErbacea8.jpg', 'Pianta erbacea', NULL, NULL, NULL, NULL, 'Rosa blanda Aiton var. blanda', 'Yellow', 18),
(373, 'Autunno', NULL, 'CSS/img_flora/Arbusti/arbusto7.jpg', NULL, 'Arbusto', NULL, NULL, 'Singapore Graveyard Flower', '1m', NULL, NULL, 21),
(374, 'Autunno', NULL, NULL, 'CSS/img_flora/PianteErbacee/PiantaErbacea7.jpg', 'Pianta erbacea', NULL, NULL, NULL, NULL, 'Halesia diptera Ellis', 'Mauv', 50),
(375, 'Inverno', 'CSS/img_flora/Alberi/albero3.jpg', NULL, NULL, 'Albero', 'Fabaceae', 'Dalea carthagenensis (Jacq.) J.F. Macbr.', NULL, NULL, NULL, NULL, 38),
(376, 'Autunno', 'CSS/img_flora/Alberi/albero5.jpg', NULL, NULL, 'Albero', 'Asteraceae', 'Berlandiera pumila (Michx.) Nutt. var. scabrella G.L. Nesom & B.L. Turner', NULL, NULL, NULL, NULL, 43),
(377, 'Autunno', 'CSS/img_flora/Alberi/albero3.jpg', NULL, NULL, 'Albero', 'Hydrophyllaceae', 'Phacelia integrifolia Torr. var. texana (J. Voss) N.D. Atwood', NULL, NULL, NULL, NULL, 15),
(378, 'Autunno', NULL, 'CSS/img_flora/Arbusti/arbusto3.jpg', NULL, 'Arbusto', NULL, NULL, 'Candle Cholla', '5m', NULL, NULL, 40),
(379, 'Autunno', NULL, 'CSS/img_flora/Arbusti/arbusto1.jpg', NULL, 'Arbusto', NULL, NULL, 'Little Belt Mountain Thimbleweed', '5m', NULL, NULL, 43),
(380, 'Autunno', NULL, 'CSS/img_flora/Arbusti/arbusto6.jpg', NULL, 'Arbusto', NULL, NULL, 'Aquatic Milkweed', '4m', NULL, NULL, 31),
(381, 'Estate', NULL, NULL, 'CSS/img_flora/PianteErbacee/PiantaErbacea10.jpg', 'Pianta erbacea', NULL, NULL, NULL, NULL, 'Mimulus angustatus (A. Gray) A. Gray', 'Purple', 13),
(382, 'Estate', 'CSS/img_flora/Alberi/albero6.jpg', NULL, NULL, 'Albero', 'Hydrophyllaceae', 'Nama stenocarpum A. Gray', NULL, NULL, NULL, NULL, 43),
(383, 'Estate', NULL, 'CSS/img_flora/Arbusti/arbusto2.jpg', NULL, 'Arbusto', NULL, NULL, 'Scarlet Hedgehog Cactus', '3m', NULL, NULL, 5),
(384, 'Estate', NULL, 'CSS/img_flora/Arbusti/arbusto1.jpg', NULL, 'Arbusto', NULL, NULL, 'Radishroot Woodsorrel', '2m', NULL, NULL, 50),
(385, 'Primavera', NULL, NULL, 'CSS/img_flora/PianteErbacee/PiantaErbacea2.jpg', 'Pianta erbacea', NULL, NULL, NULL, NULL, 'Symphyotrichum priceae (Britton) G.L. Nesom', 'Fuscia', 35),
(386, 'Estate', NULL, 'CSS/img_flora/Arbusti/arbusto6.jpg', NULL, 'Arbusto', NULL, NULL, 'Martagon Lily', '5m', NULL, NULL, 17),
(387, 'Primavera', NULL, NULL, 'CSS/img_flora/PianteErbacee/PiantaErbacea1.jpg', 'Pianta erbacea', NULL, NULL, NULL, NULL, 'Chamaesyce glyptosperma (Engelm.) Small', 'Red', 16),
(388, 'Estate', NULL, 'CSS/img_flora/Arbusti/arbusto3.jpg', NULL, 'Arbusto', NULL, NULL, 'Giant Calliergon Moss', '3m', NULL, NULL, 25),
(389, 'Primavera', 'CSS/img_flora/Alberi/albero5.jpg', NULL, NULL, 'Albero', 'Cyperaceae', 'Eriophorum brachyantherum Trautv. & C.A. Mey. var. brachyantherum', NULL, NULL, NULL, NULL, 19),
(390, 'Estate', NULL, 'CSS/img_flora/Arbusti/arbusto2.jpg', NULL, 'Arbusto', NULL, NULL, 'Fringed Spleenwort', '5m', NULL, NULL, 19),
(392, 'Primavera', NULL, 'CSS/img_flora/Arbusti/arbusto7.jpg', NULL, 'Arbusto', NULL, NULL, 'Snub Pea', '2m', NULL, NULL, 2),
(393, 'Autunno', 'CSS/img_flora/Alberi/albero5.jpg', NULL, NULL, 'Albero', 'Dicranaceae', 'Dicranum spadiceum J.E. Zetterst.', NULL, NULL, NULL, NULL, 15),
(394, 'Estate', NULL, NULL, 'CSS/img_flora/PianteErbacee/PiantaErbacea2.jpg', 'Pianta erbacea', NULL, NULL, NULL, NULL, 'Eriogonum fasciculatum Benth. var. fasciculatum', 'Yellow', 50),
(395, 'Autunno', NULL, NULL, 'CSS/img_flora/PianteErbacee/PiantaErbacea3.jpg', 'Pianta erbacea', NULL, NULL, NULL, NULL, 'Salvia verbenaca L.', 'Aquamarine', 22),
(396, 'Estate', NULL, 'CSS/img_flora/Arbusti/arbusto4.jpg', NULL, 'Arbusto', NULL, NULL, 'Wood Stitchwort', '4m', NULL, NULL, 20),
(397, 'Autunno', NULL, NULL, 'CSS/img_flora/PianteErbacee/PiantaErbacea2.jpg', 'Pianta erbacea', NULL, NULL, NULL, NULL, 'Salvia parryi A. Gray', 'Puce', 50),
(398, 'Inverno', 'CSS/img_flora/Alberi/albero6.jpg', NULL, NULL, 'Albero', 'Crossosomataceae', 'Glossopetalon clokeyi (Ensign) H. St. John', NULL, NULL, NULL, NULL, 18),
(399, 'Autunno', NULL, NULL, 'CSS/img_flora/PianteErbacee/PiantaErbacea8.jpg', 'Pianta erbacea', NULL, NULL, NULL, NULL, 'Parthenocissus quinquefolia (L.) Planch.', 'Khaki', 30),
(400, 'Primavera', NULL, NULL, 'CSS/img_flora/PianteErbacee/PiantaErbacea10.jpg', 'Pianta erbacea', NULL, NULL, NULL, NULL, 'Chamaesyce serpyllifolia (Pers.) Small ssp. hirtella (Engelm. ex S. Watson) Koutnik', 'Mauv', 42),
(401, 'Estate', NULL, 'CSS/img_flora/Arbusti/arbusto6.jpg', NULL, 'Arbusto', NULL, NULL, 'Musgo', '5m', NULL, NULL, 45),
(402, 'Autunno', NULL, 'CSS/img_flora/Arbusti/arbusto5.jpg', NULL, 'Arbusto', NULL, NULL, 'Delicate Brachythecium Moss', '3m', NULL, NULL, 37),
(403, 'Inverno', 'CSS/img_flora/Alberi/albero4.jpg', NULL, NULL, 'Albero', 'Rutaceae', 'Melicope nealiae (B.C. Stone) T.G. Hartley & B.C. Stone', NULL, NULL, NULL, NULL, 31),
(404, 'Primavera', NULL, NULL, 'CSS/img_flora/PianteErbacee/PiantaErbacea1.jpg', 'Pianta erbacea', NULL, NULL, NULL, NULL, 'Orobanche valida Jeps. ssp. howellii Heckard & T.S. Collins', 'Violet', 24),
(405, 'Inverno', NULL, NULL, 'CSS/img_flora/PianteErbacee/PiantaErbacea8.jpg', 'Pianta erbacea', NULL, NULL, NULL, NULL, 'Senecio musiniensis S.L. Welsh', 'Blue', 7),
(406, 'Primavera', NULL, NULL, 'CSS/img_flora/PianteErbacee/PiantaErbacea8.jpg', 'Pianta erbacea', NULL, NULL, NULL, NULL, 'Syringa reticulata (Blume) H. Hara ssp. reticulata', 'Blue', 10),
(407, 'Estate', NULL, 'CSS/img_flora/Arbusti/arbusto7.jpg', NULL, 'Arbusto', NULL, NULL, 'Longhorn Bog Orchid', '1m', NULL, NULL, 35),
(408, 'Primavera', NULL, 'CSS/img_flora/Arbusti/arbusto7.jpg', NULL, 'Arbusto', NULL, NULL, 'Large Gray Willow', '1m', NULL, NULL, 23),
(409, 'Inverno', 'CSS/img_flora/Alberi/albero1.jpg', NULL, NULL, 'Albero', 'Poaceae', 'Festuca rubra L. ssp. mediana (Pavlick) Pavlick', NULL, NULL, NULL, NULL, 25),
(410, 'Estate', 'CSS/img_flora/Alberi/albero3.jpg', NULL, NULL, 'Albero', 'Apiaceae', 'Lomatium graveolens (S. Watson) Dorn & R.L. Hartm. var. graveolens', NULL, NULL, NULL, NULL, 33),
(411, 'Inverno', 'CSS/img_flora/Alberi/albero7.jpg', NULL, NULL, 'Albero', 'Cyperaceae', 'Bulbostylis capillaris (L.) Kunth ex C.B. Clarke ssp. capillaris', NULL, NULL, NULL, NULL, 9),
(412, 'Estate', 'CSS/img_flora/Alberi/albero6.jpg', NULL, NULL, 'Albero', 'Dicranaceae', 'Campylopus arctocarpus (Hornsch.) Mitt.', NULL, NULL, NULL, NULL, 31),
(413, 'Estate', NULL, 'CSS/img_flora/Arbusti/arbusto3.jpg', NULL, 'Arbusto', NULL, NULL, 'Coigue', '3m', NULL, NULL, 38),
(414, 'Primavera', NULL, 'CSS/img_flora/Arbusti/arbusto6.jpg', NULL, 'Arbusto', NULL, NULL, 'Trinity Buckwheat', '5m', NULL, NULL, 11),
(415, 'Autunno', NULL, 'CSS/img_flora/Arbusti/arbusto4.jpg', NULL, 'Arbusto', NULL, NULL, 'Symblepharis Moss', '4m', NULL, NULL, 29),
(416, 'Estate', NULL, 'CSS/img_flora/Arbusti/arbusto1.jpg', NULL, 'Arbusto', NULL, NULL, 'Cliffdweller', '2m', NULL, NULL, 22),
(417, 'Estate', NULL, NULL, 'CSS/img_flora/PianteErbacee/PiantaErbacea5.jpg', 'Pianta erbacea', NULL, NULL, NULL, NULL, 'Rhynchospora nitens (Vahl) A. Gray', 'Maroon', 25),
(418, 'Primavera', 'CSS/img_flora/Alberi/albero5.jpg', NULL, NULL, 'Albero', 'Asteraceae', 'Carduus L.', NULL, NULL, NULL, NULL, 24),
(419, 'Primavera', NULL, NULL, 'CSS/img_flora/PianteErbacee/PiantaErbacea3.jpg', 'Pianta erbacea', NULL, NULL, NULL, NULL, 'Atriplex longitrichoma Stutz, G.L. Chu & S.C. Sand.', 'Violet', 15),
(420, 'Primavera', NULL, 'CSS/img_flora/Arbusti/arbusto3.jpg', NULL, 'Arbusto', NULL, NULL, 'Upright Chickweed', '1m', NULL, NULL, 4),
(421, 'Autunno', NULL, NULL, 'CSS/img_flora/PianteErbacee/PiantaErbacea10.jpg', 'Pianta erbacea', NULL, NULL, NULL, NULL, 'Arabis breweri S. Watson var. breweri', 'Yellow', 12),
(422, 'Inverno', 'CSS/img_flora/Alberi/albero2.jpg', NULL, NULL, 'Albero', 'Onagraceae', 'Camissonia pygmaea (Douglas ex Lehm.) P.H. Raven', NULL, NULL, NULL, NULL, 40),
(423, 'Inverno', NULL, NULL, 'CSS/img_flora/PianteErbacee/PiantaErbacea1.jpg', 'Pianta erbacea', NULL, NULL, NULL, NULL, 'Dioscorea praehensilis Benth.', 'Fuscia', 10),
(424, 'Autunno', NULL, 'CSS/img_flora/Arbusti/arbusto7.jpg', NULL, 'Arbusto', NULL, NULL, 'Western White Clematis', '1m', NULL, NULL, 40),
(425, 'Estate', 'CSS/img_flora/Alberi/albero7.jpg', NULL, NULL, 'Albero', 'Crassulaceae', 'Dudleya nesiotica (Moran) Moran', NULL, NULL, NULL, NULL, 4),
(426, 'Inverno', 'CSS/img_flora/Alberi/albero4.jpg', NULL, NULL, 'Albero', 'Parmeliaceae', 'Punctelia stictica (Duby) Krog', NULL, NULL, NULL, NULL, 17),
(428, 'Inverno', 'CSS/img_flora/Alberi/albero1.jpg', NULL, NULL, 'Albero', 'Polemoniaceae', 'Gilia brecciarum M.E. Jones ssp. neglecta A.D. Grant & V.E. Grant', NULL, NULL, NULL, NULL, 11),
(429, 'Estate', 'CSS/img_flora/Alberi/albero1.jpg', NULL, NULL, 'Albero', 'Rosaceae', 'Prunus spinosa L.', NULL, NULL, NULL, NULL, 24),
(430, 'Estate', 'CSS/img_flora/Alberi/albero5.jpg', NULL, NULL, 'Albero', 'Scrophulariaceae', 'Linaria dalmatica (L.) Mill. ssp. dalmatica', NULL, NULL, NULL, NULL, 40),
(431, 'Estate', NULL, NULL, 'CSS/img_flora/PianteErbacee/PiantaErbacea5.jpg', 'Pianta erbacea', NULL, NULL, NULL, NULL, 'Monardella lanceolata A. Gray var. microcephala A. Gray', 'Purple', 48),
(432, 'Inverno', 'CSS/img_flora/Alberi/albero4.jpg', NULL, NULL, 'Albero', 'Juglandaceae', 'Carya floridana Sarg.', NULL, NULL, NULL, NULL, 15),
(433, 'Primavera', NULL, 'CSS/img_flora/Arbusti/arbusto2.jpg', NULL, 'Arbusto', NULL, NULL, 'Maritime Eyebright', '2m', NULL, NULL, 10),
(435, 'Estate', 'CSS/img_flora/Alberi/albero7.jpg', NULL, NULL, 'Albero', 'Lecideaceae', 'Lecidea diducens Nyl.', NULL, NULL, NULL, NULL, 42),
(436, 'Autunno', 'CSS/img_flora/Alberi/albero5.jpg', NULL, NULL, 'Albero', 'Poaceae', 'Bromus inermis Leyss. ssp. inermis', NULL, NULL, NULL, NULL, 38),
(437, 'Estate', NULL, NULL, 'CSS/img_flora/PianteErbacee/PiantaErbacea3.jpg', 'Pianta erbacea', NULL, NULL, NULL, NULL, 'Bryum longisetum Bland. ex Schwägr. var. longisetum', 'Green', 15),
(438, 'Estate', NULL, 'CSS/img_flora/Arbusti/arbusto5.jpg', NULL, 'Arbusto', NULL, NULL, 'Dot Lichen', '4m', NULL, NULL, 9),
(439, 'Autunno', 'CSS/img_flora/Alberi/albero7.jpg', NULL, NULL, 'Albero', 'Parmeliaceae', 'Xanthoparmelia camtschadalis (Ach.) Hale', NULL, NULL, NULL, NULL, 45),
(440, 'Estate', NULL, NULL, 'CSS/img_flora/PianteErbacee/PiantaErbacea2.jpg', 'Pianta erbacea', NULL, NULL, NULL, NULL, 'Lomatium marginatum (Benth.) J.M. Coult. & Rose', 'Indigo', 3),
(441, 'Primavera', NULL, 'CSS/img_flora/Arbusti/arbusto4.jpg', NULL, 'Arbusto', NULL, NULL, 'Siberian Polypody', '5m', NULL, NULL, 37),
(443, 'Primavera', NULL, 'CSS/img_flora/Arbusti/arbusto5.jpg', NULL, 'Arbusto', NULL, NULL, 'Sneezeweed', '2m', NULL, NULL, 4),
(444, 'Inverno', 'CSS/img_flora/Alberi/albero1.jpg', NULL, NULL, 'Albero', 'Boraginaceae', 'Myosotis macrosperma Engelm.', NULL, NULL, NULL, NULL, 43),
(445, 'Autunno', NULL, NULL, 'CSS/img_flora/PianteErbacee/PiantaErbacea8.jpg', 'Pianta erbacea', NULL, NULL, NULL, NULL, 'Orobanche uniflora L.', 'Purple', 2),
(446, 'Inverno', NULL, NULL, 'CSS/img_flora/PianteErbacee/PiantaErbacea4.jpg', 'Pianta erbacea', NULL, NULL, NULL, NULL, 'Xanthoria fallax (Hepp) Arnold', 'Pink', 50),
(447, 'Inverno', NULL, NULL, 'CSS/img_flora/PianteErbacee/PiantaErbacea7.jpg', 'Pianta erbacea', NULL, NULL, NULL, NULL, 'Hypotrachyna virginica (Hale) Hale', 'Puce', 43),
(448, 'Autunno', 'CSS/img_flora/Alberi/albero5.jpg', NULL, NULL, 'Albero', 'Parmeliaceae', 'Hypogymnia austerodes (Nyl.) Rasanen', NULL, NULL, NULL, NULL, 37),
(449, 'Estate', NULL, NULL, 'CSS/img_flora/PianteErbacee/PiantaErbacea2.jpg', 'Pianta erbacea', NULL, NULL, NULL, NULL, 'Poa cusickii Vasey ssp. epilis (Scribn.) W.A. Weber', 'Turquoise', 16),
(450, 'Inverno', 'CSS/img_flora/Alberi/albero2.jpg', NULL, NULL, 'Albero', 'Apiaceae', 'Daucosma laciniata Engelm. & A. Gray', NULL, NULL, NULL, NULL, 8),
(451, 'Primavera', NULL, NULL, 'CSS/img_flora/PianteErbacee/PiantaErbacea10.jpg', 'Pianta erbacea', NULL, NULL, NULL, NULL, 'Rorippa curvipes Greene var. truncata (Jeps.) Rollins', 'Aquamarine', 47),
(452, 'Estate', NULL, 'CSS/img_flora/Arbusti/arbusto2.jpg', NULL, 'Arbusto', NULL, NULL, 'Serpentine Arnica', '1m', NULL, NULL, 32),
(453, 'Primavera', 'CSS/img_flora/Alberi/albero5.jpg', NULL, NULL, 'Albero', 'Fabaceae', 'Lupinus sellulus Kellogg ssp. sellulus', NULL, NULL, NULL, NULL, 43),
(454, 'Primavera', NULL, NULL, 'CSS/img_flora/PianteErbacee/PiantaErbacea10.jpg', 'Pianta erbacea', NULL, NULL, NULL, NULL, 'Polystichum imbricans (D.C. Eaton) D.H. Wagner ssp. imbricans', 'Yellow', 49),
(455, 'Primavera', 'CSS/img_flora/Alberi/albero4.jpg', NULL, NULL, 'Albero', 'Asteraceae', 'Simsia Pers.', NULL, NULL, NULL, NULL, 19),
(456, 'Autunno', 'CSS/img_flora/Alberi/albero4.jpg', NULL, NULL, 'Albero', 'Lamiaceae', 'Monardella frutescens (Hoover) Jokerst', NULL, NULL, NULL, NULL, 42),
(457, 'Estate', NULL, NULL, 'CSS/img_flora/PianteErbacee/PiantaErbacea1.jpg', 'Pianta erbacea', NULL, NULL, NULL, NULL, 'Linum berlandieri Hook. var. berlandieri', 'Blue', 40),
(458, 'Inverno', NULL, 'CSS/img_flora/Arbusti/arbusto5.jpg', NULL, 'Arbusto', NULL, NULL, 'Salmon River Beardtongue', '5m', NULL, NULL, 30),
(459, 'Estate', NULL, 'CSS/img_flora/Arbusti/arbusto3.jpg', NULL, 'Arbusto', NULL, NULL, 'Eastern Mojave Buckwheat', '4m', NULL, NULL, 16),
(460, 'Estate', NULL, 'CSS/img_flora/Arbusti/arbusto1.jpg', NULL, 'Arbusto', NULL, NULL, 'Fragrant Orchid', '3m', NULL, NULL, 41),
(461, 'Estate', NULL, 'CSS/img_flora/Arbusti/arbusto4.jpg', NULL, 'Arbusto', NULL, NULL, 'Fuzzytongue Penstemon', '5m', NULL, NULL, 31),
(462, 'Estate', NULL, 'CSS/img_flora/Arbusti/arbusto5.jpg', NULL, 'Arbusto', NULL, NULL, 'Sedge', '2m', NULL, NULL, 50),
(463, 'Inverno', NULL, NULL, 'CSS/img_flora/PianteErbacee/PiantaErbacea5.jpg', 'Pianta erbacea', NULL, NULL, NULL, NULL, 'Micropholis guyanensis (A. DC.) Pierre', 'Mauv', 29),
(464, 'Autunno', NULL, NULL, 'CSS/img_flora/PianteErbacee/PiantaErbacea8.jpg', 'Pianta erbacea', NULL, NULL, NULL, NULL, 'Echinocystis lobata (Michx.) Torr. & A. Gray', 'Blue', 27),
(465, 'Estate', 'CSS/img_flora/Alberi/albero7.jpg', NULL, NULL, 'Albero', 'Scrophulariaceae', 'Penstemon caespitosus Nutt. ex A. Gray var. perbrevis (Pennell) N.H. Holmgren', NULL, NULL, NULL, NULL, 36),
(466, 'Estate', NULL, NULL, 'CSS/img_flora/PianteErbacee/PiantaErbacea3.jpg', 'Pianta erbacea', NULL, NULL, NULL, NULL, 'Achnatherum swallenii (C.L. Hitchc. & Spellenb.) Barkworth', 'Green', 37),
(467, 'Inverno', NULL, 'CSS/img_flora/Arbusti/arbusto1.jpg', NULL, 'Arbusto', NULL, NULL, 'Slenderleaf False Foxglove', '1m', NULL, NULL, 40),
(468, 'Autunno', NULL, NULL, 'CSS/img_flora/PianteErbacee/PiantaErbacea9.jpg', 'Pianta erbacea', NULL, NULL, NULL, NULL, 'Onopordum acanthium L.', 'Turquoise', 30),
(470, 'Inverno', 'CSS/img_flora/Alberi/albero6.jpg', NULL, NULL, 'Albero', 'Ophioglossaceae', 'Sceptridium Lyon', NULL, NULL, NULL, NULL, 25),
(471, 'Autunno', NULL, 'CSS/img_flora/Arbusti/arbusto3.jpg', NULL, 'Arbusto', NULL, NULL, 'Bog Spicebush', '5m', NULL, NULL, 23),
(472, 'Primavera', NULL, 'CSS/img_flora/Arbusti/arbusto5.jpg', NULL, 'Arbusto', NULL, NULL, 'Birdnest Milkvetch', '3m', NULL, NULL, 10),
(473, 'Estate', 'CSS/img_flora/Alberi/albero4.jpg', NULL, NULL, 'Albero', 'Cactaceae', 'Astrophytum asterias (Zucc.) Lem.', NULL, NULL, NULL, NULL, 48),
(474, 'Autunno', NULL, NULL, 'CSS/img_flora/PianteErbacee/PiantaErbacea10.jpg', 'Pianta erbacea', NULL, NULL, NULL, NULL, 'Laetia Loefl. ex L.', 'Turquoise', 31),
(475, 'Primavera', 'CSS/img_flora/Alberi/albero1.jpg', NULL, NULL, 'Albero', 'Ericaceae', 'Harrimanella stelleriana (Pall.) Coville', NULL, NULL, NULL, NULL, 50),
(476, 'Autunno', NULL, NULL, 'CSS/img_flora/PianteErbacee/PiantaErbacea9.jpg', 'Pianta erbacea', NULL, NULL, NULL, NULL, 'Saussurea DC.', 'Pink', 45),
(477, 'Autunno', NULL, NULL, 'CSS/img_flora/PianteErbacee/PiantaErbacea1.jpg', 'Pianta erbacea', NULL, NULL, NULL, NULL, 'Enneapogon nigricans (R. Br.) P. Beauv.', 'Teal', 38),
(478, 'Inverno', 'CSS/img_flora/Alberi/albero3.jpg', NULL, NULL, 'Albero', 'Salicaceae', 'Populus heterophylla L.', NULL, NULL, NULL, NULL, 13),
(479, 'Primavera', NULL, 'CSS/img_flora/Arbusti/arbusto1.jpg', NULL, 'Arbusto', NULL, NULL, 'Yellow Monkshood', '5m', NULL, NULL, 19),
(480, 'Primavera', 'CSS/img_flora/Alberi/albero6.jpg', NULL, NULL, 'Albero', 'Candelariaceae', 'Candelariella aurella (Hoffm.) Zahlbr.', NULL, NULL, NULL, NULL, 48),
(482, 'Primavera', NULL, NULL, 'CSS/img_flora/PianteErbacee/PiantaErbacea1.jpg', 'Pianta erbacea', NULL, NULL, NULL, NULL, 'Adenophorus abietinus (D.C. Eaton) K.A. Wilson', 'Teal', 42),
(483, 'Primavera', NULL, 'CSS/img_flora/Arbusti/arbusto2.jpg', NULL, 'Arbusto', NULL, NULL, 'Shaggy Blazing Star', '3m', NULL, NULL, 35),
(484, 'Autunno', NULL, NULL, 'CSS/img_flora/PianteErbacee/PiantaErbacea3.jpg', 'Pianta erbacea', NULL, NULL, NULL, NULL, 'Iris ×vinicolor Small (pro sp.) [excluded]', 'Purple', 1),
(485, 'Inverno', 'CSS/img_flora/Alberi/albero6.jpg', NULL, NULL, 'Albero', 'Dryopteridaceae', 'Elaphoglossum maxonii Underw. ex Morton', NULL, NULL, NULL, NULL, 37),
(486, 'Autunno', NULL, NULL, 'CSS/img_flora/PianteErbacee/PiantaErbacea5.jpg', 'Pianta erbacea', NULL, NULL, NULL, NULL, 'Cuscuta indecora Choisy var. indecora', 'Blue', 49),
(487, 'Primavera', NULL, NULL, 'CSS/img_flora/PianteErbacee/PiantaErbacea1.jpg', 'Pianta erbacea', NULL, NULL, NULL, NULL, 'Vitex agnus-castus L.', 'Aquamarine', 5),
(488, 'Autunno', 'CSS/img_flora/Alberi/albero4.jpg', NULL, NULL, 'Albero', 'Fabaceae', 'Sesbania Scop.', NULL, NULL, NULL, NULL, 28),
(489, 'Primavera', 'CSS/img_flora/Alberi/albero7.jpg', NULL, NULL, 'Albero', 'Asclepiadaceae', 'Marsdenia woodburyana Acev.-Rodr.', NULL, NULL, NULL, NULL, 43),
(490, 'Estate', NULL, 'CSS/img_flora/Arbusti/arbusto4.jpg', NULL, 'Arbusto', NULL, NULL, 'Pseudocyphellaria Lichen', '4m', NULL, NULL, 23),
(492, 'Inverno', 'CSS/img_flora/Alberi/albero7.jpg', NULL, NULL, 'Albero', 'Apiaceae', 'Tauschia parishii (J.M. Coult. & Rose) J.F. Macbr.', NULL, NULL, NULL, NULL, 30),
(493, 'Autunno', NULL, NULL, 'CSS/img_flora/PianteErbacee/PiantaErbacea1.jpg', 'Pianta erbacea', NULL, NULL, NULL, NULL, 'Dracaena cinnabari Balf. f.', 'Yellow', 45),
(494, 'Inverno', NULL, NULL, 'CSS/img_flora/PianteErbacee/PiantaErbacea4.jpg', 'Pianta erbacea', NULL, NULL, NULL, NULL, 'Schadonia alpina Körb.', 'Crimson', 20),
(496, 'Inverno', 'CSS/img_flora/Alberi/albero2.jpg', NULL, NULL, 'Albero', 'Chenopodiaceae', 'Atriplex tularensis Coville', NULL, NULL, NULL, NULL, 19),
(497, 'Estate', NULL, 'CSS/img_flora/Arbusti/arbusto5.jpg', NULL, 'Arbusto', NULL, NULL, 'Dawn Redwood', '1m', NULL, NULL, 21),
(498, 'Primavera', 'CSS/img_flora/Alberi/albero3.jpg', NULL, NULL, 'Albero', 'Rhamnaceae', 'Frangula betulifolia (Greene) V. Grub. ssp. betulifolia', NULL, NULL, NULL, NULL, 31),
(499, 'Primavera', NULL, 'CSS/img_flora/Arbusti/arbusto7.jpg', NULL, 'Arbusto', NULL, NULL, 'Red Valerian', '2m', NULL, NULL, 22),
(500, 'Estate', NULL, 'CSS/img_flora/Arbusti/arbusto5.jpg', NULL, 'Arbusto', NULL, NULL, 'Bog Lobelia', '3m', NULL, NULL, 29);

-- --------------------------------------------------------

--
-- Struttura della tabella `parco`
--

CREATE TABLE `parco` (
  `IdParco` int(11) NOT NULL,
  `Nome` varchar(50) NOT NULL,
  `Luogo` varchar(50) NOT NULL,
  `Latitudine` double NOT NULL,
  `Longitudine` double NOT NULL,
  `Descrizione` text NOT NULL,
  `path_immagine` varchar(100) NOT NULL,
  `fk_IdAmministratore` int(11) NOT NULL
) ENGINE=InnoDB DEFAULT CHARSET=utf8;

--
-- Dump dei dati per la tabella `parco`
--

INSERT INTO `parco` (`IdParco`, `Nome`, `Luogo`, `Latitudine`, `Longitudine`, `Descrizione`, `path_immagine`, `fk_IdAmministratore`) VALUES
(1, 'SENSODYNE', 'Kadubamban', 38.59, 14.92, 'tristique fusce congue diam id ornare imperdiet sapien urna pretium nisl', 'CSS/img_parchi/parco7.jpg', 1),
(2, 'Levothyroxine Sodium', 'Tovačov', 46.88, 17.713, 'mauris laoreet ut rhoncus aliquet pulvinar sed nisl nunc rhoncus dui vel sem sed sagittis nam congue risus', 'CSS/img_parchi/parco8.jpg', 2),
(3, 'LUSEDRA', 'São Miguel', 38.4, 11.653, 'vitae nisi nam ultrices libero non mattis pulvinar nulla pede ullamcorper augue a suscipit nulla elit', 'CSS/img_parchi/parco1.jpg', 3),
(4, 'TINEACIDE', 'Oranjestad', 43.845, 12.84, 'adipiscing molestie hendrerit at vulputate vitae nisl aenean lectus pellentesque eget nunc', 'CSS/img_parchi/parco6.jpg', 1),
(5, 'SINGULAIR', 'Labuhankananga', 42.145, 14.386, 'nulla integer pede justo lacinia eget tincidunt eget tempus vel pede morbi porttitor lorem id ligula suspendisse', 'CSS/img_parchi/parco10.jpg', 1),
(6, 'Atenolol', 'Sigaozhuang', 43.876, 14.064, 'sapien placerat ante nulla justo aliquam quis turpis eget elit sodales scelerisque', 'CSS/img_parchi/parco5.jpg', 2),
(7, 'MILK OF MAGNESIA ORIGINAL', 'Xihe', 41.673, 13.209, 'nullam varius nulla facilisi cras non velit nec nisi vulputate nonummy maecenas tincidunt lacus at velit vivamus vel nulla', 'CSS/img_parchi/parco1.jpg', 3),
(8, 'SHISEIDO SHEER AND PERFECT COMPACT (REFILL)', 'Lipa City', 44.797, 10.329, 'odio curabitur convallis duis consequat dui nec nisi volutpat eleifend donec', 'CSS/img_parchi/parco10.jpg', 3),
(9, 'Amoxicillin and Clavulanate Potassium', 'Cimara', 46.423, 16.723, 'eu orci mauris lacinia sapien quis libero nullam sit amet turpis elementum', 'CSS/img_parchi/parco3.jpg', 3),
(10, 'Morphine Sulfate', 'Maanĭt', 39.592, 12.666, 'quis orci nullam molestie nibh in lectus pellentesque at nulla suspendisse potenti cras in purus eu magna vulputate luctus cum', 'CSS/img_parchi/parco5.jpg', 3),
(11, 'Stool Softener Plus Stimulant Laxative', 'Stockholm', 37.812, 13.667, 'vestibulum sed magna at nunc commodo placerat praesent blandit nam nulla integer pede justo lacinia', 'CSS/img_parchi/parco3.jpg', 2),
(12, 'SUNTINTS', 'Santiago Puringla', 35.072, 14.089, 'mus etiam vel augue vestibulum rutrum rutrum neque aenean auctor gravida sem praesent id massa', 'CSS/img_parchi/parco5.jpg', 3),
(13, 'Promethazine Hydrochloride', 'Youxi', 45.176, 17.957, 'semper sapien a libero nam dui proin leo odio porttitor id consequat in consequat ut', 'CSS/img_parchi/parco1.jpg', 3),
(14, 'Australian Gold', 'Sasa', 44.518, 9.964, 'velit eu est congue elementum in hac habitasse platea dictumst morbi vestibulum velit id pretium iaculis diam erat fermentum justo', 'CSS/img_parchi/parco10.jpg', 1),
(15, 'Oxycodone and Aspirin', 'Listvyanskiy', 39.467, 7.801, 'porttitor pede justo eu massa donec dapibus duis at velit eu est congue elementum in hac', 'CSS/img_parchi/parco8.jpg', 1),
(16, 'Magnesium Citrate', 'São Vicente', 42.05, 9.9, 'eleifend quam a odio in hac habitasse platea dictumst maecenas ut massa quis augue luctus tincidunt', 'CSS/img_parchi/parco10.jpg', 2),
(17, 'Interferon', 'Gulong', 42.58, 10.146, 'in hac habitasse platea dictumst maecenas ut massa quis augue luctus tincidunt nulla mollis molestie lorem', 'CSS/img_parchi/parco1.jpg', 3),
(18, 'Quinapril HCL and Hydrochlorothiazide', 'Hexi', 37.922, 6.894, 'quis libero nullam sit amet turpis elementum ligula vehicula consequat morbi a', 'CSS/img_parchi/parco7.jpg', 3),
(19, 'Signature Body', 'Cheongsong gun', 36.363, 13.934, 'ornare imperdiet sapien urna pretium nisl ut volutpat sapien arcu', 'CSS/img_parchi/parco1.jpg', 3),
(20, 'LIP CARE SPF 15 WITH VITAMIN E', 'Kampot', 35.802, 6.945, 'tellus nisi eu orci mauris lacinia sapien quis libero nullam sit amet', 'CSS/img_parchi/parco1.jpg', 1),
(21, '3LAB Aqua BB SPF 40 BROAD SPECTRUM 03', 'Fuying', 35.938, 11.984, 'sem fusce consequat nulla nisl nunc nisl duis bibendum felis sed interdum venenatis turpis enim blandit mi in', 'CSS/img_parchi/parco8.jpg', 3),
(22, 'LidoPatch', 'Idah', 42.561, 12.185, 'nisl ut volutpat sapien arcu sed augue aliquam erat volutpat in congue etiam justo etiam pretium', 'CSS/img_parchi/parco2.jpg', 2),
(23, 'Navy Beans', 'Kuala Terengganu', 43.862, 11.387, 'eget semper rutrum nulla nunc purus phasellus in felis donec semper', 'CSS/img_parchi/parco1.jpg', 1),
(24, 'Cleocin Hydrochloride', 'Huangbei', 46.499, 7.41, 'at nibh in hac habitasse platea dictumst aliquam augue quam sollicitudin vitae consectetuer eget rutrum at lorem integer', 'CSS/img_parchi/parco4.jpg', 1),
(25, 'Sucralfate', 'Despotovac', 42.013, 11.695, 'curabitur at ipsum ac tellus semper interdum mauris ullamcorper purus sit amet nulla quisque arcu libero rutrum ac', 'CSS/img_parchi/parco2.jpg', 3),
(26, 'Skin Shield', 'Synya', 46.545, 14.292, 'odio curabitur convallis duis consequat dui nec nisi volutpat eleifend', 'CSS/img_parchi/parco6.jpg', 1),
(27, 'Skin Rash Complex', 'Tagkawayan Sabang', 45.351, 14.869, 'dui vel sem sed sagittis nam congue risus semper porta volutpat quam', 'CSS/img_parchi/parco5.jpg', 2),
(28, 'Curvularia', 'Darong', 45.688, 10.716, 'sollicitudin ut suscipit a feugiat et eros vestibulum ac est lacinia nisi venenatis tristique fusce congue diam id', 'CSS/img_parchi/parco9.jpg', 2),
(29, 'JUGLANS NIGRA POLLEN', 'Santa Rita', 46.033, 15.686, 'erat fermentum justo nec condimentum neque sapien placerat ante nulla justo aliquam quis', 'CSS/img_parchi/parco7.jpg', 2),
(30, 'Niacor', 'Sobotín', 44.299, 16.751, 'ultrices posuere cubilia curae mauris viverra diam vitae quam suspendisse potenti nullam porttitor lacus at turpis donec posuere metus', 'CSS/img_parchi/parco1.jpg', 2),
(31, 'day time', 'Tavira', 37.45, 12.561, 'odio donec vitae nisi nam ultrices libero non mattis pulvinar nulla pede ullamcorper augue a suscipit nulla elit ac', 'CSS/img_parchi/parco8.jpg', 3),
(32, 'DIAPEDIC FOOT TREATMENT', 'Muang Xay', 39.624, 10.709, 'luctus et ultrices posuere cubilia curae duis faucibus accumsan odio curabitur convallis duis', 'CSS/img_parchi/parco1.jpg', 2),
(33, 'APRIL Bath and Shower Anti-bacterial Hand 3 Pack', 'Zhangcun', 44.704, 9.264, 'consectetuer adipiscing elit proin risus praesent lectus vestibulum quam sapien varius ut blandit', 'CSS/img_parchi/parco3.jpg', 2),
(34, 'Uramaxin GT', 'Santa Rita do Sapucaí', 38.017, 7.771, 'luctus et ultrices posuere cubilia curae duis faucibus accumsan odio curabitur', 'CSS/img_parchi/parco9.jpg', 3),
(35, 'PRAMIPEXOLE DIHYDROCHLORIDE', 'Koilás', 40.505, 12.795, 'egestas metus aenean fermentum donec ut mauris eget massa tempor convallis', 'CSS/img_parchi/parco4.jpg', 2),
(36, 'Famotidine', 'Hongjiang', 36.906, 6.586, 'magna bibendum imperdiet nullam orci pede venenatis non sodales sed tincidunt eu felis fusce posuere', 'CSS/img_parchi/parco8.jpg', 1),
(37, 'Sotalol Hydrochloride', 'Saint Louis', 44.86, 10.765, 'tincidunt eget tempus vel pede morbi porttitor lorem id ligula suspendisse ornare consequat', 'CSS/img_parchi/parco1.jpg', 3),
(38, 'Alendronate Sodium', 'Imeni Zhelyabova', 35.97, 11.71, 'id massa id nisl venenatis lacinia aenean sit amet justo morbi ut odio cras mi pede', 'CSS/img_parchi/parco7.jpg', 1),
(39, 'Nateglinide', 'Sumisip', 38.756, 17.558, 'pede ac diam cras pellentesque volutpat dui maecenas tristique est et tempus semper est quam pharetra magna ac consequat metus', 'CSS/img_parchi/parco4.jpg', 2),
(40, 'Hydromorphone Hydrochloride', 'N’dalatando', 39.312, 9.195, 'tincidunt nulla mollis molestie lorem quisque ut erat curabitur gravida nisi', 'CSS/img_parchi/parco10.jpg', 2),
(41, 'Sore Throat headache', 'Banyupoh', 44.28, 17.43, 'primis in faucibus orci luctus et ultrices posuere cubilia curae nulla dapibus dolor vel est donec odio justo sollicitudin ut', 'CSS/img_parchi/parco5.jpg', 2),
(42, 'Silver Maple', 'Shuyuan Zhen', 40.046, 9.911, 'augue quam sollicitudin vitae consectetuer eget rutrum at lorem integer tincidunt ante vel ipsum praesent', 'CSS/img_parchi/parco2.jpg', 2),
(43, 'Heartburn', 'Saint-Avold', 45.736, 7.032, 'nam ultrices libero non mattis pulvinar nulla pede ullamcorper augue a suscipit nulla elit', 'CSS/img_parchi/parco3.jpg', 3),
(44, 'Galantamine', 'Xinhua', 39.676, 10.7, 'pulvinar lobortis est phasellus sit amet erat nulla tempus vivamus', 'CSS/img_parchi/parco8.jpg', 3),
(45, 'Timolol Maleate', 'Farinheiras', 42.461, 17.63, 'sociis natoque penatibus et magnis dis parturient montes nascetur ridiculus mus etiam vel augue', 'CSS/img_parchi/parco5.jpg', 3),
(46, 'GORILLA WARFARE', 'Śniadowo', 43.755, 15.314, 'id mauris vulputate elementum nullam varius nulla facilisi cras non velit nec nisi vulputate', 'CSS/img_parchi/parco8.jpg', 1),
(47, 'FLUVOXAMINE MALEATE', 'Xiangcunxiang', 41.113, 10.894, 'id nulla ultrices aliquet maecenas leo odio condimentum id luctus nec molestie sed justo', 'CSS/img_parchi/parco1.jpg', 3),
(48, 'LBEL', 'Setaka', 41.403, 13.155, 'eu magna vulputate luctus cum sociis natoque penatibus et magnis dis parturient montes nascetur ridiculus mus vivamus', 'CSS/img_parchi/parco9.jpg', 2),
(49, 'Methocarbamol', 'Independencia', 46.819, 11.922, 'id ligula suspendisse ornare consequat lectus in est risus auctor sed tristique', 'CSS/img_parchi/parcoPiùGrande1.jpg', 3),
(50, 'Neomycin Sulfate', 'Racławice', 42.198, 12.01, 'eu tincidunt in leo maecenas pulvinar lobortis est phasellus sit amet erat nulla', 'CSS/img_parchi/parcoPiùGrande2.jpg', 1);

-- --------------------------------------------------------

--
-- Struttura della tabella `responsabile`
--

CREATE TABLE `responsabile` (
  `IdResponsabile` int(11) NOT NULL,
  `Nome` varchar(25) NOT NULL,
  `Cognome` varchar(25) NOT NULL,
  `Email` varchar(100) NOT NULL,
  `Password` varchar(250) CHARACTER SET utf8 COLLATE utf8_general_ci NOT NULL,
  `fk_IdAmministratore` int(11) NOT NULL,
  `fk_IdParco` int(11) NOT NULL
) ENGINE=InnoDB DEFAULT CHARSET=utf8;

--
-- Dump dei dati per la tabella `responsabile`
--

INSERT INTO `responsabile` (`IdResponsabile`, `Nome`, `Cognome`, `Email`, `Password`, `fk_IdAmministratore`, `fk_IdParco`) VALUES
(1, 'Virge', 'Sworder', 'Virge.Sworder@ambiente.com', '95bd81ddd58bb25019359004a793cccf', 1, 12),
(2, 'Sandy', 'Hawick', 'Sandy.Hawick@ambiente.com', '38537ac121e3b6f96e2b666fd2a6bf7c', 2, 50),
(3, 'Abelard', 'McPhaden', 'Abelard.McPhaden@ambiente.com', 'e28edc83056e7a94237893150f67c431', 3, 38),
(4, 'Flint', 'Orrey', 'Flint.Orrey@ambiente.com', '01990fb0b855fae53dafef1baa442f4d', 3, 32),
(5, 'Claudell', 'Bickardike', 'Claudell.Bickardike@ambiente.com', '77f63c4420251ab98253e7a3415de338', 3, 12),
(6, 'Drusilla', 'Stockow', 'Drusilla.Stockow@ambiente.com', 'ebaaa81190dc01884b21c17d79aab238', 2, 9),
(7, 'Natala', 'Frango', 'Natala.Frango@ambiente.com', 'c5c9b25198979f5ac6fe105559e2a584', 3, 42),
(8, 'Fenelia', 'Durek', 'Fenelia.Durek@ambiente.com', 'ca28a19479ddd8b0975bcd1f6959ead1', 3, 19),
(9, 'Catharina', 'Ayerst', 'Catharina.Ayerst@ambiente.com', '1922d1ff3b04601c9271ffcb4655c4bb', 1, 1),
(10, 'Freeman', 'Leadstone', 'Freeman.Leadstone@ambiente.com', '3f3e1c532213e3a032f80aa53c434a58', 1, 6),
(11, 'Domini', 'Roglieri', 'Domini.Roglieri@ambiente.com', '150dfae20bc41717a853b0dbc82a0390', 1, 42),
(12, 'Florry', 'Kytter', 'Florry.Kytter@ambiente.com', '7e2147cc64c0b0e00e07056a4e30afbf', 1, 14),
(13, 'Lory', 'Amar', 'Lory.Amar@ambiente.com', '060191a48a50f401c20e6887285ef9df', 2, 39),
(14, 'Karina', 'Morrall', 'Karina.Morrall@ambiente.com', '9f9b76f0825130dfe36a96762384f507', 3, 32),
(15, 'Dion', 'Chartman', 'Dion.Chartman@ambiente.com', 'eb747f7b60da143754831cd47898b693', 2, 28),
(17, 'Roth', 'Harron', 'Roth.Harron@ambiente.com', '07a44431a2502ff3b8f7482e2e4711c7', 2, 41),
(18, 'Hastings', 'Blint', 'Hastings.Blint@ambiente.com', 'e92c98d090900cad340e96fdd9b8d90e', 2, 42),
(19, 'Arte', 'Haly', 'Arte.Haly@ambiente.com', '9dd161d1f07b35568d65a4455ad0ab0f', 3, 26),
(20, 'Charlie', 'Petrolli', 'Charlie.Petrolli@ambiente.com', '42e3d80e652c61cc13c14643dc691924', 1, 24),
(21, 'Howie', 'Smewings', 'Howie.Smewings@ambiente.com', 'd7dc41ea0433a558bbf0e1164b462f94', 1, 31),
(22, 'Conny', 'Marre', 'Conny.Marre@ambiente.com', '9c3bb12e79f27aa0fea594edb7ea454b', 2, 3),
(23, 'Emlen', 'Dwire', 'Emlen.Dwire@ambiente.com', '02fd4bcca62cf8dec312928b5bfa4a8b', 2, 21),
(24, 'Padraig', 'Bushaway', 'Padraig.Bushaway@ambiente.com', 'ccb9bd209be101bebff9083230bc585b', 3, 1),
(25, 'Laetitia', 'Loveless', 'Laetitia.Loveless@ambiente.com', 'e5020c7b6c67148c4c4c1ba2fa4e282e', 3, 44),
(26, 'Meier', 'Heiss', 'Meier.Heiss@ambiente.com', '1d6b4abfddab9acfa83fab4563380e85', 3, 14),
(27, 'Sherman', 'Haggus', 'Sherman.Haggus@ambiente.com', '1c49969481007f010b92e77e4f5fe539', 3, 14),
(28, 'Patricia', 'Birtchnell', 'Patricia.Birtchnell@ambiente.com', '11277d43200ae10e896fe2844108d15c', 2, 32),
(29, 'Jada', 'Corde', 'Jada.Corde@ambiente.com', 'f5896a74361c490d65dc63d8fab8d44b', 2, 22),
(30, 'Cornelius', 'Laba', 'Cornelius.Laba@ambiente.com', '64db98efb092d60ae9b62c0314a7c1ea', 3, 1),
(31, 'Roxy', 'Schimon', 'Roxy.Schimon@ambiente.com', '28d4492039791fe40a683d8e70f5818e', 2, 35),
(32, 'Kelcy', 'Adenet', 'Kelcy.Adenet@ambiente.com', '2830653acad191dd9b4477ac92c34239', 3, 22),
(33, 'Shirlee', 'McGiven', 'Shirlee.McGiven@ambiente.com', '4877c0f5367c051a60164eedb93820e2', 3, 20),
(34, 'Kalli', 'Osbourn', 'Kalli.Osbourn@ambiente.com', '09a19347a4399945bde1d2fb7ed4809a', 1, 39),
(35, 'Leighton', 'Ksandra', 'Leighton.Ksandra@ambiente.com', 'f9c723fa6419655d6d014f841f809f0f', 2, 7),
(36, 'Wang', 'Wheble', 'Wang.Wheble@ambiente.com', '4328920555fc1609160c9763dfdaf82b', 1, 3),
(37, 'Leigh', 'Ivanaev', 'Leigh.Ivanaev@ambiente.com', 'b96e6f40d22fa4b3c5a9c89526432807', 3, 35),
(38, 'Warner', 'Clift', 'Warner.Clift@ambiente.com', '115014af5a55094d8ad6f1651626ce3d', 1, 41),
(39, 'Halsey', 'Cristofvao', 'Halsey.Cristofvao@ambiente.com', 'd0f3cfe215c15dd9a65843941bd7c477', 3, 30),
(40, 'Robert', 'Ebbins', 'Robert.Ebbins@ambiente.com', '236089bb9b96a689fd050481bb640ba0', 1, 11),
(41, 'Taffy', 'Sloey', 'Taffy.Sloey@ambiente.com', 'c06e6e839428c5b83fa5892966a56a1a', 3, 8),
(42, 'Demeter', 'Cruce', 'Demeter.Cruce@ambiente.com', 'fbd795683cadcb56550a1a54eb03cb03', 1, 35),
(43, 'Claiborn', 'Shekle', 'Claiborn.Shekle@ambiente.com', '594ece768cc7e0ea7dac952419f59b40', 1, 27),
(44, 'Marietta', 'Haughan', 'Marietta.Haughan@ambiente.com', '5a892ed49ac786610207b8f1c03880e8', 2, 40),
(45, 'Johan', 'Tibalt', 'Johan.Tibalt@ambiente.com', 'c7c82aa25e2e82212e19656922058157', 2, 26),
(46, 'Cos', 'Stickings', 'Cos.Stickings@ambiente.com', 'e5e99eb8d4ca36f8559efa5e0332b10b', 1, 31),
(47, 'Bill', 'Castro', 'Bill.Castro@ambiente.com', 'e83ddb24f6469469f6cac3a32f65f3c8', 3, 20),
(48, 'Myrah', 'Meadows', 'Myrah.Meadows@ambiente.com', '03e1335d6126ad5312493f029504c829', 2, 39),
(49, 'Wittie', 'Byford', 'Wittie.Byford@ambiente.com', '3ac1bff29277949926699fcad27d80e3', 1, 21),
(50, 'Linoel', 'Grisard', 'Linoel.Grisard@ambiente.com', 'f972c9d8881617357f7e78f765624a6e', 3, 42);

--
-- Indici per le tabelle scaricate
--

--
-- Indici per le tabelle `amministratore`
--
ALTER TABLE `amministratore`
  ADD PRIMARY KEY (`IdAmministratore`);

--
-- Indici per le tabelle `categoria`
--
ALTER TABLE `categoria`
  ADD PRIMARY KEY (`IdCategoria`);

--
-- Indici per le tabelle `fauna`
--
ALTER TABLE `fauna`
  ADD PRIMARY KEY (`IdFauna`),
  ADD KEY `fk_IdCategoria` (`fk_IdCategoria`),
  ADD KEY `fk_IdParco` (`fk_IdParco`);

--
-- Indici per le tabelle `flora`
--
ALTER TABLE `flora`
  ADD PRIMARY KEY (`IdFlora`),
  ADD KEY `fk_IdParco` (`fk_IdParco`);

--
-- Indici per le tabelle `parco`
--
ALTER TABLE `parco`
  ADD PRIMARY KEY (`IdParco`),
  ADD KEY `fk_IdAmministratore` (`fk_IdAmministratore`);

--
-- Indici per le tabelle `responsabile`
--
ALTER TABLE `responsabile`
  ADD PRIMARY KEY (`IdResponsabile`),
  ADD KEY `fk_IdAmministratore` (`fk_IdAmministratore`),
  ADD KEY `fk_IdParco` (`fk_IdParco`);

--
-- AUTO_INCREMENT per le tabelle scaricate
--

--
-- AUTO_INCREMENT per la tabella `amministratore`
--
ALTER TABLE `amministratore`
  MODIFY `IdAmministratore` int(11) NOT NULL AUTO_INCREMENT, AUTO_INCREMENT=4;

--
-- AUTO_INCREMENT per la tabella `categoria`
--
ALTER TABLE `categoria`
  MODIFY `IdCategoria` int(11) NOT NULL AUTO_INCREMENT, AUTO_INCREMENT=497;

--
-- AUTO_INCREMENT per la tabella `fauna`
--
ALTER TABLE `fauna`
  MODIFY `IdFauna` int(11) NOT NULL AUTO_INCREMENT, AUTO_INCREMENT=1907;

--
-- AUTO_INCREMENT per la tabella `flora`
--
ALTER TABLE `flora`
  MODIFY `IdFlora` int(11) NOT NULL AUTO_INCREMENT, AUTO_INCREMENT=898;

--
-- AUTO_INCREMENT per la tabella `parco`
--
ALTER TABLE `parco`
  MODIFY `IdParco` int(11) NOT NULL AUTO_INCREMENT, AUTO_INCREMENT=51;

--
-- AUTO_INCREMENT per la tabella `responsabile`
--
ALTER TABLE `responsabile`
  MODIFY `IdResponsabile` int(11) NOT NULL AUTO_INCREMENT, AUTO_INCREMENT=51;

--
-- Limiti per le tabelle scaricate
--

--
-- Limiti per la tabella `fauna`
--
ALTER TABLE `fauna`
  ADD CONSTRAINT `fauna_ibfk_1` FOREIGN KEY (`fk_IdCategoria`) REFERENCES `categoria` (`IdCategoria`) ON DELETE RESTRICT ON UPDATE RESTRICT,
  ADD CONSTRAINT `fauna_ibfk_2` FOREIGN KEY (`fk_IdParco`) REFERENCES `parco` (`IdParco`) ON DELETE RESTRICT ON UPDATE RESTRICT;

--
-- Limiti per la tabella `flora`
--
ALTER TABLE `flora`
  ADD CONSTRAINT `flora_ibfk_1` FOREIGN KEY (`fk_IdParco`) REFERENCES `parco` (`IdParco`) ON DELETE RESTRICT ON UPDATE RESTRICT;

--
-- Limiti per la tabella `parco`
--
ALTER TABLE `parco`
  ADD CONSTRAINT `parco_ibfk_1` FOREIGN KEY (`fk_IdAmministratore`) REFERENCES `amministratore` (`IdAmministratore`) ON DELETE RESTRICT ON UPDATE RESTRICT;

--
-- Limiti per la tabella `responsabile`
--
ALTER TABLE `responsabile`
  ADD CONSTRAINT `responsabile_ibfk_1` FOREIGN KEY (`fk_IdAmministratore`) REFERENCES `amministratore` (`IdAmministratore`) ON DELETE RESTRICT ON UPDATE RESTRICT,
  ADD CONSTRAINT `responsabile_ibfk_2` FOREIGN KEY (`fk_IdParco`) REFERENCES `parco` (`IdParco`) ON DELETE RESTRICT ON UPDATE RESTRICT;
COMMIT;

/*!40101 SET CHARACTER_SET_CLIENT=@OLD_CHARACTER_SET_CLIENT */;
/*!40101 SET CHARACTER_SET_RESULTS=@OLD_CHARACTER_SET_RESULTS */;
/*!40101 SET COLLATION_CONNECTION=@OLD_COLLATION_CONNECTION */;
