-- phpMyAdmin SQL Dump
-- version 5.0.2
-- https://www.phpmyadmin.net/
--
-- Host: 127.0.0.1:3306
-- Creato il: Apr 16, 2021 alle 22:24
-- Versione del server: 8.0.18
-- Versione PHP: 7.4.5

SET SQL_MODE = "NO_AUTO_VALUE_ON_ZERO";
START TRANSACTION;
SET time_zone = "+00:00";


/*!40101 SET @OLD_CHARACTER_SET_CLIENT=@@CHARACTER_SET_CLIENT */;
/*!40101 SET @OLD_CHARACTER_SET_RESULTS=@@CHARACTER_SET_RESULTS */;
/*!40101 SET @OLD_COLLATION_CONNECTION=@@COLLATION_CONNECTION */;
/*!40101 SET NAMES utf8mb4 */;

--
-- Database: `parco`
--

-- --------------------------------------------------------

--
-- Struttura della tabella `amministratore`
--

CREATE TABLE `amministratore` (
  `IdAmministratore` int(11) NOT NULL,
  `Nome` varchar(25) NOT NULL,
  `Cognome` varchar(25) NOT NULL,
  `Email` varchar(50) NOT NULL,
  `Password` varchar(100) CHARACTER SET utf8 COLLATE utf8_general_ci NOT NULL
) ENGINE=InnoDB DEFAULT CHARSET=utf8;

--
-- Dump dei dati per la tabella `amministratore`
--

INSERT INTO `amministratore` (`IdAmministratore`, `Nome`, `Cognome`, `Email`, `Password`) VALUES
(1, 'Tommaso', 'Tosca', 'tommaso.tosca@ambiente.it', '$2y$10$biggXpAAbXQP9875DS5QRuNq/Fx0OuWHUnaHIJgZ9K5GXuYbLSiaq'),
(2, 'Toader', 'Mirza', 'toader.mirza@ambiente.it', '$2y$10$5L7l4Rvkz02oR7sW5/cb2.H2fd6ZF0xUOysamnj/qe9g.sGc7h8ZW'),
(3, 'Zuzanna', 'Kacka', 'zuzanna.kacka@ambiente.it', '$2y$10$kFjv8WJ9ZSMVIHgUwSpLz.JBhfRM6q2G/cnIyTyz9iCFaF92esSA.');

-- --------------------------------------------------------

--
-- Struttura della tabella `categoria`
--

CREATE TABLE `categoria` (
  `IdCategoria` int(11) NOT NULL,
  `OrdineAppartenenza` varchar(25) NOT NULL,
  `Specie` varchar(25) NOT NULL
) ENGINE=InnoDB DEFAULT CHARSET=utf8;

--
-- Dump dei dati per la tabella `categoria`
--

INSERT INTO `categoria` (`IdCategoria`, `OrdineAppartenenza`, `Specie`) VALUES
(1, 'Gopherus agassizii', 'Tortoise '),
(2, 'Alopex lagopus', 'Blue fox'),
(3, 'Ictalurus furcatus', 'Blue catf'),
(4, 'Francolinus coqui', 'Partridge '),
(5, 'Tragelaphus strepsiceros', 'Kud'),
(6, 'Funambulus pennati', 'Squirrel '),
(7, 'Phascogale calura', 'Red-tailed'),
(8, 'Falco mexicanus', 'Prairie falc'),
(9, 'Macaca mulatta', 'Monkey rhesus'),
(10, 'Francolinus coqui', 'Francolin'),
(11, 'Streptopelia decipiens', 'Dove'),
(12, 'Eubalaena australis', 'Whale b'),
(13, 'Larus sp.', 'Gulls (unidentifi'),
(14, 'Parus atricapillus', 'Chickade'),
(15, 'Mephitis mephitis', 'Striped s'),
(16, 'Perameles nasuta', 'Bandicoot '),
(17, 'Cervus duvauceli', 'Swamp deer'),
(18, 'Francolinus leucoscepus', 'Yel'),
(19, 'Macaca radiata', 'Bonnet macaq'),
(20, 'Ciconia episcopus', 'Stork whi'),
(21, 'Stercorarius longicausus', 'Lo'),
(22, 'Amblyrhynchus cristatus', 'Mar'),
(23, 'Ardea cinerea', 'Grey heron'),
(24, 'Oxybelis fulgidus', 'Green vin'),
(25, 'Nannopterum harrisi', 'Cormora'),
(26, 'Anas platyrhynchos', 'Mallard'),
(27, 'Odocoileus hemionus', 'Mule de'),
(28, 'Isoodon obesulus', 'Short-nose'),
(29, 'Carduelis pinus', 'Siskin pine'),
(30, 'Phoenicopterus chilensis', 'Fl');

-- --------------------------------------------------------

--
-- Struttura della tabella `fauna`
--

CREATE TABLE `fauna` (
  `IdFauna` int(11) NOT NULL,
  `path_immagine` varchar(100) CHARACTER SET utf8 COLLATE utf8_general_ci NOT NULL,
  `IsAdult` tinyint(1) NOT NULL,
  `Sesso` varchar(25) CHARACTER SET utf8 COLLATE utf8_general_ci NOT NULL,
  `Salute` varchar(100) CHARACTER SET utf8 COLLATE utf8_general_ci NOT NULL,
  `fk_IdCategoria` int(11) NOT NULL,
  `fk_IdParco` int(11) NOT NULL
) ENGINE=InnoDB DEFAULT CHARSET=utf8;

--
-- Dump dei dati per la tabella `fauna`
--

INSERT INTO `fauna` (`IdFauna`, `path_immagine`, `IsAdult`, `Sesso`, `Salute`, `fk_IdCategoria`, `fk_IdParco`) VALUES
(1, 'CSS/img_fauna/zebra.jpg', 0, 'Male', 'Endosc destruc anus les', 12, 27),
(2, 'CSS/img_fauna/scimmia.jpg', 1, 'Female', 'Excision of shoulder NEC', 15, 49),
(3, 'CSS/img_fauna/orso.jpg', 1, 'Female', 'Cath base invasv ep test', 7, 34),
(4, 'CSS/img_fauna/pappagallo.jpg', 1, 'Female', 'Head & neck endarter NEC', 26, 38),
(5, 'CSS/img_fauna/koala.jpg', 0, 'Female', 'Abdominal wall biopsy', 28, 7),
(7, 'CSS/img_fauna/fenicottero.jpg', 0, 'Male', 'Percutan aspiration gb', 19, 10),
(8, 'CSS/img_fauna/koala.jpg', 1, 'Male', 'Keratoprosthesis', 25, 35),
(9, 'CSS/img_fauna/ippopotamo.jpg', 0, 'Male', 'Vein inject-scleros agnt', 24, 43),
(10, 'CSS/img_fauna/koala.jpg', 1, 'Female', 'Suture of vessel NOS', 26, 47),
(11, 'CSS/img_fauna/fenicottero.jpg', 1, 'Female', 'Local excis sm bowel NEC', 23, 29),
(12, 'CSS/img_fauna/scimmia.jpg', 0, 'Female', 'Testicular repair NEC', 25, 48),
(13, 'CSS/img_fauna/tigre.jpg', 1, 'Female', 'Ocular thermography', 26, 2),
(14, 'CSS/img_fauna/ippopotamo.jpg', 1, 'Male', 'Pterygium excision NEC', 27, 12),
(15, 'CSS/img_fauna/zebra.jpg', 0, 'Female', 'Omental repair NEC', 27, 14),
(16, 'CSS/img_fauna/leone.jpg', 1, 'Female', 'Auto bone mt w purging', 11, 37),
(17, 'CSS/img_fauna/pappagallo.jpg', 0, 'Female', 'Salivary repair NEC', 1, 12),
(18, 'CSS/img_fauna/pappagallo.jpg', 1, 'Male', 'Remove imp dev-metat/tar', 29, 29),
(19, 'CSS/img_fauna/koala.jpg', 1, 'Male', 'Wound irrigation NEC', 2, 40),
(20, 'CSS/img_fauna/pappagallo.jpg', 1, 'Male', 'Renal scan/isotope funct', 21, 21),
(21, 'CSS/img_fauna/fenicottero.jpg', 1, 'Female', 'Tendon advancement', 22, 27),
(22, 'CSS/img_fauna/scimmia.jpg', 1, 'Female', 'Intrcran vent shunt/anas', 7, 40),
(23, 'CSS/img_fauna/panda.jpg', 0, 'Male', 'Assisted pool exercise', 15, 15),
(24, 'CSS/img_fauna/panda.jpg', 1, 'Male', 'Endocar cushion rep NEC', 13, 36),
(25, 'CSS/img_fauna/ippopotamo.jpg', 0, 'Male', 'Inject/infuse NEC', 9, 29),
(26, 'CSS/img_fauna/leone.jpg', 0, 'Male', 'Intravas msmt periph art', 17, 10),
(27, 'CSS/img_fauna/leone.jpg', 0, 'Female', 'Cholecystectomy', 2, 5),
(29, 'CSS/img_fauna/fenicottero.jpg', 1, 'Female', 'Corneal incision', 25, 24),
(30, 'CSS/img_fauna/panda.jpg', 1, 'Female', 'Omt with hi-vel,lo-ampli', 16, 13),
(31, 'CSS/img_fauna/fenicottero.jpg', 0, 'Female', 'Ankle structure division', 27, 41),
(32, 'CSS/img_fauna/zebra.jpg', 0, 'Male', 'Pharyngeal dilation', 19, 40),
(33, 'CSS/img_fauna/zebra.jpg', 0, 'Female', 'D & C NEC', 23, 24),
(34, 'CSS/img_fauna/tigre.jpg', 0, 'Male', 'Remove tracheostomy tube', 7, 30),
(35, 'CSS/img_fauna/pappagallo.jpg', 0, 'Male', 'Oth totl shouldr replace', 20, 35),
(36, 'CSS/img_fauna/tigre.jpg', 0, 'Male', 'High gastric bypass', 11, 50),
(37, 'CSS/img_fauna/orso.jpg', 1, 'Male', 'Toxicology-op wound', 5, 11),
(38, 'CSS/img_fauna/koala.jpg', 1, 'Female', 'Cl osteoplasty mand rami', 16, 2),
(39, 'CSS/img_fauna/zebra.jpg', 0, 'Female', 'Renal injection NEC', 13, 5),
(40, 'CSS/img_fauna/leone.jpg', 1, 'Female', 'Thoracic tomography NEC', 16, 24),
(42, 'CSS/img_fauna/pappagallo.jpg', 0, 'Male', 'Destruc uter support NEC', 9, 23),
(43, 'CSS/img_fauna/orso.jpg', 0, 'Male', 'Goniotomy', 18, 6),
(44, 'CSS/img_fauna/fenicottero.jpg', 0, 'Male', 'Goniopuncture', 26, 35),
(45, 'CSS/img_fauna/panda.jpg', 0, 'Female', 'Remov gastrostomy tube', 12, 27),
(46, 'CSS/img_fauna/fenicottero.jpg', 1, 'Female', 'Carporadial fusion', 19, 25),
(47, 'CSS/img_fauna/koala.jpg', 0, 'Female', 'Transplant spermat cord', 3, 9),
(48, 'CSS/img_fauna/scimmia.jpg', 0, 'Male', 'Eyebal/orbit dx proc NEC', 9, 46),
(49, 'CSS/img_fauna/scimmia.jpg', 0, 'Female', 'Open ureteral biopsy', 20, 49),
(50, 'CSS/img_fauna/fenicottero.jpg', 1, 'Male', 'Lap umbilical hernia NEC', 23, 21),
(51, 'CSS/img_fauna/tigre.jpg', 0, 'Female', 'Ankle structure division', 11, 32),
(52, 'CSS/img_fauna/koala.jpg', 0, 'Female', 'Breast xerography', 29, 26),
(53, 'CSS/img_fauna/pappagallo.jpg', 1, 'Female', 'Brain/skull contrst xray', 24, 43),
(54, 'CSS/img_fauna/koala.jpg', 1, 'Female', 'Destruc hepatic les NEC', 21, 45),
(55, 'CSS/img_fauna/scimmia.jpg', 1, 'Female', 'Cde for calculus remov', 8, 44),
(56, 'CSS/img_fauna/panda.jpg', 1, 'Female', 'Remove both fallop tubes', 30, 42),
(57, 'CSS/img_fauna/koala.jpg', 1, 'Male', 'Clipping of aneurysm', 22, 5),
(58, 'CSS/img_fauna/pappagallo.jpg', 1, 'Male', 'Thorac sm bowel interpos', 1, 49),
(59, 'CSS/img_fauna/scimmia.jpg', 0, 'Female', 'Op red-int fix metac/car', 8, 23),
(60, 'CSS/img_fauna/ippopotamo.jpg', 1, 'Female', 'Cyclophotocoagulation', 20, 37),
(61, 'CSS/img_fauna/tigre.jpg', 1, 'Female', 'Wedge osteotomy NOS', 29, 50),
(62, 'CSS/img_fauna/pappagallo.jpg', 1, 'Male', 'Implt/repl carddefib tot', 10, 18),
(63, 'CSS/img_fauna/scimmia.jpg', 0, 'Male', 'Psychia commitment eval', 24, 25),
(64, 'CSS/img_fauna/koala.jpg', 0, 'Male', 'Infundibulectomy', 29, 8),
(65, 'CSS/img_fauna/pappagallo.jpg', 0, 'Male', 'Oth arthrotomy-hand/fngr', 11, 7),
(66, 'CSS/img_fauna/ippopotamo.jpg', 0, 'Female', 'Replace bladder stimulat', 8, 29),
(67, 'CSS/img_fauna/zebra.jpg', 1, 'Female', 'Opn/oth rep mtrl vlv-tis', 19, 46),
(68, 'CSS/img_fauna/leone.jpg', 1, 'Male', 'Salivary repair NEC', 17, 48),
(69, 'CSS/img_fauna/orso.jpg', 0, 'Male', 'Behavior therapy', 15, 40),
(70, 'CSS/img_fauna/zebra.jpg', 1, 'Male', 'C & s NEC', 30, 25),
(71, 'CSS/img_fauna/tigre.jpg', 0, 'Male', 'Perc ather extracran vsl', 21, 18),
(72, 'CSS/img_fauna/koala.jpg', 0, 'Female', 'Hip surface, metal/metal', 4, 10),
(73, 'CSS/img_fauna/tigre.jpg', 1, 'Male', 'Hip synovectomy', 5, 45),
(74, 'CSS/img_fauna/zebra.jpg', 1, 'Female', 'Varicose v lig-strip NOS', 10, 3),
(75, 'CSS/img_fauna/ippopotamo.jpg', 0, 'Female', 'Bone scan', 18, 30),
(76, 'CSS/img_fauna/orso.jpg', 0, 'Female', 'Skull flap formation', 2, 17),
(77, 'CSS/img_fauna/leone.jpg', 0, 'Male', 'Opn ind ing hern-gft NEC', 25, 33),
(78, 'CSS/img_fauna/scimmia.jpg', 1, 'Female', 'Salpingo-salpingostomy', 22, 5),
(79, 'CSS/img_fauna/pappagallo.jpg', 1, 'Male', 'Fit below knee prosthes', 3, 12),
(80, 'CSS/img_fauna/fenicottero.jpg', 1, 'Male', 'Metatar/tar wedg osteot', 7, 31),
(81, 'CSS/img_fauna/scimmia.jpg', 0, 'Female', 'Disarticulation of elbow', 10, 16),
(82, 'CSS/img_fauna/leone.jpg', 0, 'Male', 'GI ostomy irrigation', 6, 16),
(83, 'CSS/img_fauna/orso.jpg', 1, 'Male', 'Trnsplnt live rel donor', 19, 10),
(84, 'CSS/img_fauna/leone.jpg', 0, 'Male', 'Endotracheal bronchogram', 14, 34),
(85, 'CSS/img_fauna/tigre.jpg', 1, 'Male', 'Opn mitral valvuloplasty', 17, 27),
(86, 'CSS/img_fauna/zebra.jpg', 0, 'Female', 'Parasitology-female gen', 25, 20),
(87, 'CSS/img_fauna/scimmia.jpg', 1, 'Female', 'Allo hem stem ct w purg', 25, 23),
(88, 'CSS/img_fauna/pappagallo.jpg', 1, 'Female', 'Ankle structure division', 9, 41),
(89, 'CSS/img_fauna/panda.jpg', 1, 'Female', 'Incis to remov tonsil FB', 22, 34),
(91, 'CSS/img_fauna/zebra.jpg', 1, 'Male', 'Endosc destruc esoph les', 12, 4),
(92, 'CSS/img_fauna/zebra.jpg', 1, 'Male', 'Skl xray-shoulder/up arm', 28, 20),
(93, 'CSS/img_fauna/fenicottero.jpg', 1, 'Female', 'Repl pacem w 1-cham, non', 2, 24),
(94, 'CSS/img_fauna/scimmia.jpg', 0, 'Male', 'Other destru pancrea les', 19, 48),
(95, 'CSS/img_fauna/ippopotamo.jpg', 0, 'Female', 'Hand & finger arthroscop', 26, 29),
(96, 'CSS/img_fauna/panda.jpg', 1, 'Male', 'Repl joint of foot, toe', 28, 35),
(97, 'CSS/img_fauna/tigre.jpg', 1, 'Male', 'Nonmechan resuscitation', 12, 37),
(98, 'CSS/img_fauna/scimmia.jpg', 1, 'Female', 'Insert/repl oth neurost', 27, 8),
(99, 'CSS/img_fauna/ippopotamo.jpg', 0, 'Male', 'Destruct duoden les NEC', 4, 5),
(101, 'CSS/img_fauna/zebra.jpg', 1, 'Male', 'Sm bowel stoma closure', 1, 38),
(102, 'CSS/img_fauna/panda.jpg', 0, 'Female', 'Infus drotrecogin alfa', 22, 31),
(103, 'CSS/img_fauna/scimmia.jpg', 0, 'Male', 'Culture NEC', 15, 47),
(104, 'CSS/img_fauna/pappagallo.jpg', 0, 'Male', 'Partial glossectomy', 21, 24),
(105, 'CSS/img_fauna/panda.jpg', 0, 'Male', 'Tot abd colectmy NEC/NOS', 27, 41),
(107, 'CSS/img_fauna/koala.jpg', 1, 'Female', 'Repair gb laceration', 28, 36),
(108, 'CSS/img_fauna/koala.jpg', 1, 'Female', 'Unil femor hrn rep-grft', 22, 50),
(110, 'CSS/img_fauna/zebra.jpg', 1, 'Male', 'Radius & ulna sequestrec', 14, 50),
(111, 'CSS/img_fauna/tigre.jpg', 1, 'Female', 'Endo insrt bronc def/sub', 12, 2),
(112, 'CSS/img_fauna/leone.jpg', 0, 'Male', 'Inj therap subst periton', 28, 34),
(113, 'CSS/img_fauna/scimmia.jpg', 0, 'Male', 'Micro exam-eye NEC', 4, 20),
(114, 'CSS/img_fauna/zebra.jpg', 1, 'Female', 'Dilation of rectum', 6, 11),
(115, 'CSS/img_fauna/pappagallo.jpg', 1, 'Female', 'Aneurysm repair NEC', 13, 50),
(116, 'CSS/img_fauna/zebra.jpg', 0, 'Female', 'Intestinal fixation NOS', 29, 18),
(117, 'CSS/img_fauna/leone.jpg', 0, 'Female', 'Toxicology-lower urinary', 23, 36),
(118, 'CSS/img_fauna/panda.jpg', 1, 'Female', 'Incision of aorta', 14, 16),
(119, 'CSS/img_fauna/koala.jpg', 1, 'Male', 'Skel xray-elbow/forearm', 7, 35),
(120, 'CSS/img_fauna/fenicottero.jpg', 1, 'Female', 'Revise sm bowel anastom', 24, 47),
(121, 'CSS/img_fauna/scimmia.jpg', 1, 'Female', 'Pericardiectomy', 12, 2),
(122, 'CSS/img_fauna/pappagallo.jpg', 1, 'Male', 'Repair ob laceration NEC', 28, 38),
(124, 'CSS/img_fauna/scimmia.jpg', 1, 'Female', 'Lap rev gast restri proc', 5, 8),
(125, 'CSS/img_fauna/orso.jpg', 1, 'Female', 'Gingivoplasty', 28, 15),
(126, 'CSS/img_fauna/panda.jpg', 0, 'Female', 'Excise inguinal node', 7, 30),
(127, 'CSS/img_fauna/leone.jpg', 1, 'Male', 'Loc exc bony palate les', 26, 4),
(128, 'CSS/img_fauna/tigre.jpg', 1, 'Male', 'Pancreatic anastomosis', 1, 26),
(129, 'CSS/img_fauna/koala.jpg', 1, 'Female', 'Remove ureteral ligature', 8, 45),
(130, 'CSS/img_fauna/panda.jpg', 0, 'Female', 'Inject antidote', 3, 11),
(131, 'CSS/img_fauna/fenicottero.jpg', 1, 'Male', 'Total hepatectomy', 5, 45),
(132, 'CSS/img_fauna/ippopotamo.jpg', 0, 'Female', 'Ophth counsel & instruct', 8, 14),
(133, 'CSS/img_fauna/orso.jpg', 0, 'Male', 'Micro exam-ent/laryn NEC', 15, 1),
(134, 'CSS/img_fauna/pappagallo.jpg', 0, 'Male', 'Inject/inf thrombo agent', 27, 40),
(135, 'CSS/img_fauna/tigre.jpg', 0, 'Female', 'Ins/repl single pul gen', 16, 13),
(136, 'CSS/img_fauna/leone.jpg', 0, 'Male', 'Larygnoscopy/tracheoscop', 29, 13),
(137, 'CSS/img_fauna/leone.jpg', 0, 'Male', 'Open bx saliv gland/duct', 7, 44),
(138, 'CSS/img_fauna/panda.jpg', 1, 'Female', 'Excision of pilonid cyst', 11, 20),
(139, 'CSS/img_fauna/koala.jpg', 0, 'Female', 'Skel xray-upper limb NOS', 23, 41),
(141, 'CSS/img_fauna/orso.jpg', 1, 'Female', 'Repair of spleen', 6, 44),
(142, 'CSS/img_fauna/orso.jpg', 0, 'Female', 'Opn rt hemicolectomy NEC', 16, 25),
(143, 'CSS/img_fauna/pappagallo.jpg', 1, 'Female', 'Insert bone stim-femur', 8, 33),
(144, 'CSS/img_fauna/orso.jpg', 0, 'Male', 'Alcoholism counselling', 28, 37),
(145, 'CSS/img_fauna/zebra.jpg', 0, 'Female', 'Intest stoma revis NOS', 13, 48),
(146, 'CSS/img_fauna/orso.jpg', 0, 'Female', 'Forcib correct defor NEC', 28, 11),
(147, 'CSS/img_fauna/fenicottero.jpg', 0, 'Female', 'Measles vaccination', 15, 48),
(148, 'CSS/img_fauna/leone.jpg', 1, 'Female', 'Omt with lo-vel,hi-ampli', 4, 17),
(149, 'CSS/img_fauna/koala.jpg', 0, 'Male', 'Extended ophthal work-up', 4, 43),
(150, 'CSS/img_fauna/koala.jpg', 0, 'Male', 'Cl red-int fix tib/fibu', 7, 45),
(151, 'CSS/img_fauna/scimmia.jpg', 1, 'Male', 'Electro-oculogram', 27, 20),
(152, 'CSS/img_fauna/zebra.jpg', 0, 'Female', 'Tendon sheath explorat', 1, 12),
(153, 'CSS/img_fauna/tigre.jpg', 1, 'Female', 'Remov gastrostomy tube', 23, 12),
(154, 'CSS/img_fauna/tigre.jpg', 0, 'Male', 'Common duct exploration', 28, 33),
(155, 'CSS/img_fauna/pappagallo.jpg', 1, 'Male', 'Tetanus antitoxin admini', 1, 8),
(156, 'CSS/img_fauna/panda.jpg', 0, 'Female', 'Sympath nerve division', 10, 5),
(157, 'CSS/img_fauna/scimmia.jpg', 1, 'Female', 'Pros rep endocar cushion', 15, 12),
(158, 'CSS/img_fauna/koala.jpg', 1, 'Female', 'Diagnostic imaging NOS', 30, 7),
(159, 'CSS/img_fauna/scimmia.jpg', 1, 'Female', 'Other fusion of foot', 12, 16),
(160, 'CSS/img_fauna/orso.jpg', 0, 'Male', 'Percu endosc jejunostomy', 24, 27),
(161, 'CSS/img_fauna/pappagallo.jpg', 0, 'Male', 'Prostatectomy NEC', 30, 2),
(162, 'CSS/img_fauna/fenicottero.jpg', 0, 'Male', 'Chest cage bone biopsy', 17, 50),
(163, 'CSS/img_fauna/orso.jpg', 1, 'Female', 'Allo hem stem ct w/o pur', 24, 1),
(164, 'CSS/img_fauna/orso.jpg', 0, 'Male', 'Narcoanalysis', 27, 50),
(165, 'CSS/img_fauna/zebra.jpg', 0, 'Female', 'Pterygium excision NEC', 26, 3),
(166, 'CSS/img_fauna/fenicottero.jpg', 0, 'Female', 'Unspec op-bone inj NEC', 30, 14),
(167, 'CSS/img_fauna/fenicottero.jpg', 1, 'Male', 'Orthotic device fitting', 21, 29),
(168, 'CSS/img_fauna/panda.jpg', 1, 'Female', 'Thyrogloss duct excision', 29, 10),
(169, 'CSS/img_fauna/koala.jpg', 1, 'Male', 'Psychiatr somatother NEC', 16, 5),
(171, 'CSS/img_fauna/tigre.jpg', 1, 'Male', 'High forceps op NEC', 14, 33),
(172, 'CSS/img_fauna/scimmia.jpg', 1, 'Male', 'Foot & toe joint biopsy', 24, 45),
(173, 'CSS/img_fauna/ippopotamo.jpg', 0, 'Male', 'Gastric repair NEC', 26, 4),
(174, 'CSS/img_fauna/leone.jpg', 1, 'Male', 'Perc ather intracran vsl', 9, 3),
(177, 'CSS/img_fauna/orso.jpg', 1, 'Female', 'Anal biopsy', 28, 8),
(178, 'CSS/img_fauna/panda.jpg', 1, 'Female', 'LITT lesn liver,guidance', 24, 5),
(179, 'CSS/img_fauna/pappagallo.jpg', 0, 'Male', 'Irrigation of nasal pass', 14, 31),
(180, 'CSS/img_fauna/orso.jpg', 0, 'Male', 'Opn thorc diaph hern NEC', 26, 11),
(181, 'CSS/img_fauna/zebra.jpg', 0, 'Female', 'Release of chordee', 9, 13),
(182, 'CSS/img_fauna/pappagallo.jpg', 1, 'Male', 'Remov imp dev-radius/uln', 5, 47),
(183, 'CSS/img_fauna/scimmia.jpg', 1, 'Female', 'Partial salpingectom NEC', 19, 30),
(184, 'CSS/img_fauna/tigre.jpg', 0, 'Male', 'Ant segment dx proc NEC', 18, 1),
(185, 'CSS/img_fauna/scimmia.jpg', 0, 'Female', 'Rubella vaccination', 19, 20),
(186, 'CSS/img_fauna/zebra.jpg', 1, 'Female', 'C & s-lower GI', 2, 33),
(187, 'CSS/img_fauna/fenicottero.jpg', 0, 'Male', 'Insert/replace EVD', 4, 27),
(188, 'CSS/img_fauna/tigre.jpg', 1, 'Male', 'Local gastr excision NEC', 4, 37),
(189, 'CSS/img_fauna/pappagallo.jpg', 1, 'Female', 'Insert colonic stent NEC', 2, 15),
(190, 'CSS/img_fauna/ippopotamo.jpg', 1, 'Female', 'Replace bladder stimulat', 6, 10),
(191, 'CSS/img_fauna/scimmia.jpg', 0, 'Male', 'Stern esophagoesophagost', 11, 9),
(192, 'CSS/img_fauna/fenicottero.jpg', 0, 'Male', 'Paracerv uterine denerv', 14, 40),
(193, 'CSS/img_fauna/ippopotamo.jpg', 0, 'Female', 'Spermatic cord/vas biops', 22, 1),
(194, 'CSS/img_fauna/fenicottero.jpg', 0, 'Male', 'Peritoneal incision', 24, 16),
(195, 'CSS/img_fauna/orso.jpg', 1, 'Male', 'Reopen thyroid field wnd', 10, 36),
(197, 'CSS/img_fauna/koala.jpg', 1, 'Male', 'Mobilization of spine', 3, 2),
(198, 'CSS/img_fauna/koala.jpg', 0, 'Female', 'Wound catheter irrigat', 27, 4),
(199, 'CSS/img_fauna/panda.jpg', 0, 'Male', 'Opn fx red w int fix NEC', 18, 43),
(200, 'CSS/img_fauna/koala.jpg', 1, 'Female', 'Tibia/fibula div NEC', 11, 29),
(201, 'CSS/img_fauna/orso.jpg', 1, 'Male', 'Tibia/fibula div NEC', 29, 18),
(202, 'CSS/img_fauna/tigre.jpg', 0, 'Male', 'Uterine repair NEC', 13, 24),
(203, 'CSS/img_fauna/orso.jpg', 1, 'Female', 'Tympanic injection', 24, 16),
(204, 'CSS/img_fauna/leone.jpg', 1, 'Male', 'Clos thoracic fistul NEC', 14, 16),
(205, 'CSS/img_fauna/leone.jpg', 1, 'Female', 'Impedance phlebogram', 2, 36),
(206, 'CSS/img_fauna/koala.jpg', 0, 'Female', 'Continent ileostomy', 4, 25),
(207, 'CSS/img_fauna/orso.jpg', 0, 'Male', 'Patellar stabilization', 28, 5),
(208, 'CSS/img_fauna/fenicottero.jpg', 0, 'Male', 'Esophageal manometry', 3, 35),
(209, 'CSS/img_fauna/pappagallo.jpg', 1, 'Male', 'Totl reconst breast NEC', 26, 2),
(210, 'CSS/img_fauna/tigre.jpg', 1, 'Male', 'Correction fetal defect', 27, 30),
(214, 'CSS/img_fauna/fenicottero.jpg', 0, 'Male', 'Mobilization of spine', 22, 2),
(215, 'CSS/img_fauna/leone.jpg', 0, 'Male', 'Other repair of ankle', 1, 22),
(216, 'CSS/img_fauna/pappagallo.jpg', 1, 'Female', 'Anal cerclage', 25, 16),
(217, 'CSS/img_fauna/koala.jpg', 1, 'Male', 'Close rectal fist NEC', 22, 18),
(218, 'CSS/img_fauna/zebra.jpg', 1, 'Female', 'Interposit op uterin lig', 28, 22),
(219, 'CSS/img_fauna/orso.jpg', 0, 'Female', 'Retropubic prostatectomy', 24, 6),
(220, 'CSS/img_fauna/pappagallo.jpg', 0, 'Male', 'Respiratory measure NEC', 3, 16),
(221, 'CSS/img_fauna/tigre.jpg', 1, 'Female', 'Soft tissue incision NEC', 29, 26),
(222, 'CSS/img_fauna/zebra.jpg', 1, 'Female', 'Whirlpool treatment', 7, 11),
(223, 'CSS/img_fauna/tigre.jpg', 1, 'Female', 'Exc chest cage bone les', 14, 3),
(224, 'CSS/img_fauna/koala.jpg', 1, 'Female', 'Exploratory thoracotomy', 25, 46),
(225, 'CSS/img_fauna/koala.jpg', 0, 'Female', 'Amputat through malleoli', 3, 15),
(226, 'CSS/img_fauna/orso.jpg', 0, 'Male', 'Open liver biopsy', 19, 41),
(227, 'CSS/img_fauna/panda.jpg', 1, 'Female', 'Micro exam-femal gen NEC', 6, 41),
(228, 'CSS/img_fauna/tigre.jpg', 0, 'Female', 'Endosc inser nasopan tub', 13, 42),
(229, 'CSS/img_fauna/leone.jpg', 0, 'Male', 'Oth chest cage ostectomy', 18, 25),
(230, 'CSS/img_fauna/ippopotamo.jpg', 1, 'Female', 'Cervical spine x-ray NEC', 5, 25),
(231, 'CSS/img_fauna/pappagallo.jpg', 1, 'Male', 'Surg collaps of lung NEC', 28, 4),
(232, 'CSS/img_fauna/pappagallo.jpg', 0, 'Male', 'Open biopsy soft tissue', 13, 31),
(233, 'CSS/img_fauna/ippopotamo.jpg', 0, 'Male', 'Closed valvotomy NOS', 23, 49),
(234, 'CSS/img_fauna/koala.jpg', 0, 'Male', 'Other isotope function', 24, 12),
(235, 'CSS/img_fauna/ippopotamo.jpg', 0, 'Male', 'Other nasal sinus ops', 16, 41),
(236, 'CSS/img_fauna/tigre.jpg', 0, 'Female', 'Manual removal-placenta', 12, 18),
(237, 'CSS/img_fauna/pappagallo.jpg', 1, 'Male', 'GI ostomy irrigation', 11, 17),
(238, 'CSS/img_fauna/koala.jpg', 1, 'Female', 'Lung repair NEC', 3, 12),
(239, 'CSS/img_fauna/panda.jpg', 1, 'Female', 'Sm bowel stoma closure', 7, 32),
(240, 'CSS/img_fauna/tigre.jpg', 0, 'Female', 'Ins/repl single pul gen', 28, 30),
(241, 'CSS/img_fauna/pappagallo.jpg', 1, 'Male', 'Implant mechanic kidney', 20, 32),
(242, 'CSS/img_fauna/panda.jpg', 1, 'Female', 'Lo limb sft tis xray NEC', 19, 9),
(244, 'CSS/img_fauna/panda.jpg', 1, 'Male', 'Corneal tattooing', 17, 47),
(245, 'CSS/img_fauna/pappagallo.jpg', 0, 'Male', 'Ligate gastric varices', 2, 48),
(246, 'CSS/img_fauna/tigre.jpg', 0, 'Male', 'Pineal biopsy', 26, 25),
(247, 'CSS/img_fauna/zebra.jpg', 1, 'Male', 'Oth seg lung resect NOS', 12, 47),
(248, 'CSS/img_fauna/leone.jpg', 0, 'Male', 'Sphenoidectomy', 10, 20),
(249, 'CSS/img_fauna/koala.jpg', 1, 'Male', 'Repair staphylom w graft', 16, 13),
(250, 'CSS/img_fauna/orso.jpg', 0, 'Male', 'Destruct joint les NEC', 17, 4),
(251, 'CSS/img_fauna/pappagallo.jpg', 1, 'Female', 'Hyperthermia ca therapy', 20, 22),
(252, 'CSS/img_fauna/koala.jpg', 1, 'Male', 'Sperm collection', 6, 29),
(253, 'CSS/img_fauna/leone.jpg', 0, 'Female', 'Bilateral breast implant', 8, 26),
(254, 'CSS/img_fauna/scimmia.jpg', 1, 'Male', 'Endovas impln grft aorta', 1, 49),
(255, 'CSS/img_fauna/zebra.jpg', 0, 'Female', 'Replace small bowel tube', 6, 41),
(256, 'CSS/img_fauna/orso.jpg', 0, 'Male', 'Endo insrt bronc def/sub', 3, 7),
(257, 'CSS/img_fauna/leone.jpg', 0, 'Male', 'Bartholin gland marsup', 27, 32),
(258, 'CSS/img_fauna/zebra.jpg', 1, 'Male', 'Exc les sft tiss hnd NEC', 1, 4),
(259, 'CSS/img_fauna/orso.jpg', 1, 'Female', 'Surg tooth extract NEC', 13, 50),
(260, 'CSS/img_fauna/pappagallo.jpg', 1, 'Male', 'Permanent ileostomy NEC', 19, 11),
(261, 'CSS/img_fauna/koala.jpg', 1, 'Male', 'Exc of dental les of jaw', 19, 37),
(262, 'CSS/img_fauna/koala.jpg', 0, 'Female', 'Bronchial dilation', 22, 18),
(263, 'CSS/img_fauna/tigre.jpg', 1, 'Male', 'Hemorrhoid ligation', 10, 25),
(264, 'CSS/img_fauna/tigre.jpg', 0, 'Female', 'Cl fx reduc-metacar/car', 3, 11),
(265, 'CSS/img_fauna/leone.jpg', 0, 'Male', 'Imp/rep schan coch pros', 15, 42),
(266, 'CSS/img_fauna/panda.jpg', 0, 'Male', 'Drug detoxification', 14, 33),
(267, 'CSS/img_fauna/panda.jpg', 0, 'Male', 'Spine tract w skull dev', 22, 4),
(268, 'CSS/img_fauna/orso.jpg', 1, 'Female', 'Lg bowel stoma closure', 24, 13),
(269, 'CSS/img_fauna/panda.jpg', 0, 'Female', 'Chest cage bone biopsy', 21, 38),
(271, 'CSS/img_fauna/koala.jpg', 0, 'Male', 'Pancreatic dx proc NEC', 10, 43),
(272, 'CSS/img_fauna/panda.jpg', 1, 'Female', 'Bact smear-lower urinary', 21, 8),
(274, 'CSS/img_fauna/tigre.jpg', 0, 'Male', 'Arth/pros rem wo re-foot', 4, 46),
(275, 'CSS/img_fauna/ippopotamo.jpg', 1, 'Male', 'Carotid pulse tracing', 28, 37),
(276, 'CSS/img_fauna/tigre.jpg', 0, 'Male', 'Ext fat for grft/banking', 21, 4),
(277, 'CSS/img_fauna/ippopotamo.jpg', 1, 'Male', 'Rep scler staphyloma NEC', 14, 4),
(278, 'CSS/img_fauna/panda.jpg', 1, 'Female', 'Fetal pulse oximetry', 29, 2),
(279, 'CSS/img_fauna/pappagallo.jpg', 1, 'Female', 'Venous puncture NEC', 11, 16),
(280, 'CSS/img_fauna/tigre.jpg', 0, 'Male', 'Reopen craniotomy site', 18, 4),
(281, 'CSS/img_fauna/panda.jpg', 0, 'Female', 'Forcib correct defor NEC', 7, 46),
(282, 'CSS/img_fauna/tigre.jpg', 0, 'Female', 'Elbow joint biopsy', 17, 40),
(283, 'CSS/img_fauna/panda.jpg', 1, 'Female', 'Vesic fistula repair NEC', 12, 4),
(284, 'CSS/img_fauna/zebra.jpg', 0, 'Female', 'Revis exenter cavity NEC', 20, 40),
(285, 'CSS/img_fauna/tigre.jpg', 1, 'Male', 'Oth tu destr pros - rt', 26, 47),
(286, 'CSS/img_fauna/ippopotamo.jpg', 1, 'Male', 'Metatarsophalangeal fus', 9, 42),
(287, 'CSS/img_fauna/scimmia.jpg', 0, 'Female', 'Intraop gastric manipul', 26, 17),
(288, 'CSS/img_fauna/zebra.jpg', 1, 'Female', 'Con inv mec ven-unsp dur', 18, 3),
(289, 'CSS/img_fauna/koala.jpg', 1, 'Male', 'Lid reconstr w graft NEC', 1, 32),
(290, 'CSS/img_fauna/koala.jpg', 0, 'Female', 'Post sphincterotomy', 16, 4),
(291, 'CSS/img_fauna/zebra.jpg', 1, 'Female', 'Head/neck ves resec-repl', 21, 11),
(292, 'CSS/img_fauna/pappagallo.jpg', 0, 'Female', 'Bilat adrenal explorat', 15, 25),
(293, 'CSS/img_fauna/zebra.jpg', 1, 'Male', 'Hypogloss-facial anastom', 28, 40),
(294, 'CSS/img_fauna/scimmia.jpg', 1, 'Female', 'Lap umbil hernia-graft', 4, 20),
(295, 'CSS/img_fauna/orso.jpg', 1, 'Male', 'CAS w CT/CTA', 10, 29),
(296, 'CSS/img_fauna/scimmia.jpg', 0, 'Male', 'Ocular prosthetics', 8, 6),
(297, 'CSS/img_fauna/scimmia.jpg', 1, 'Female', 'Lower GI series', 3, 17),
(298, 'CSS/img_fauna/pappagallo.jpg', 0, 'Female', 'Urinary system op NEC', 29, 2),
(299, 'CSS/img_fauna/panda.jpg', 0, 'Male', 'Ex cereb meningeal les', 12, 2),
(300, 'CSS/img_fauna/koala.jpg', 0, 'Female', 'Aspiration bursa of hand', 17, 10),
(301, 'CSS/img_fauna/tigre.jpg', 0, 'Male', 'Reopen thoracotomy site', 16, 4),
(302, 'CSS/img_fauna/koala.jpg', 0, 'Male', 'Revision of lead', 28, 3),
(303, 'CSS/img_fauna/orso.jpg', 1, 'Male', 'Resect ext seg sm bowel', 10, 41),
(304, 'CSS/img_fauna/fenicottero.jpg', 1, 'Male', 'Music therapy', 19, 25),
(305, 'CSS/img_fauna/ippopotamo.jpg', 1, 'Male', 'Stern sm bowel interpos', 19, 11),
(306, 'CSS/img_fauna/tigre.jpg', 0, 'Female', 'Dental operation NEC', 1, 47),
(307, 'CSS/img_fauna/tigre.jpg', 1, 'Female', 'Repl cardiodefib genratr', 15, 44),
(308, 'CSS/img_fauna/leone.jpg', 0, 'Female', 'Excision acoustc neuroma', 28, 38),
(309, 'CSS/img_fauna/panda.jpg', 0, 'Female', 'Ex chest cage bone-gft', 18, 30),
(310, 'CSS/img_fauna/fenicottero.jpg', 1, 'Male', 'Other soft tissue excis', 13, 49),
(311, 'CSS/img_fauna/koala.jpg', 1, 'Male', 'Urin incontin repair NEC', 30, 50),
(312, 'CSS/img_fauna/ippopotamo.jpg', 1, 'Male', 'Lower limb amputat NOS', 12, 7),
(313, 'CSS/img_fauna/tigre.jpg', 0, 'Female', 'Local sm bowel perfusion', 12, 32),
(314, 'CSS/img_fauna/fenicottero.jpg', 1, 'Female', 'Percutan hrt assist syst', 20, 8),
(315, 'CSS/img_fauna/fenicottero.jpg', 0, 'Male', 'Abd vessel resect/anast', 29, 35),
(316, 'CSS/img_fauna/tigre.jpg', 0, 'Female', 'Pharyngeal dx proc NEC', 23, 26),
(317, 'CSS/img_fauna/tigre.jpg', 0, 'Female', 'Contrast phlebogram NOS', 21, 34),
(318, 'CSS/img_fauna/koala.jpg', 1, 'Male', 'Vaccination NEC', 24, 25),
(319, 'CSS/img_fauna/panda.jpg', 0, 'Male', 'Perianal biopsy', 27, 3),
(320, 'CSS/img_fauna/fenicottero.jpg', 0, 'Male', 'Triad knee repair', 16, 48),
(321, 'CSS/img_fauna/zebra.jpg', 1, 'Female', 'Rev/repl epiretinal pros', 19, 11),
(322, 'CSS/img_fauna/koala.jpg', 0, 'Male', 'Open rep umbil hern NEC', 24, 9),
(323, 'CSS/img_fauna/leone.jpg', 0, 'Male', 'Culture-upper GI', 12, 22),
(324, 'CSS/img_fauna/pappagallo.jpg', 1, 'Male', 'Patellar sequestrectomy', 30, 49),
(325, 'CSS/img_fauna/leone.jpg', 0, 'Female', 'Mediastinoscopy', 16, 34),
(326, 'CSS/img_fauna/ippopotamo.jpg', 1, 'Male', 'Ovarian wedge resection', 16, 43),
(327, 'CSS/img_fauna/scimmia.jpg', 0, 'Male', 'Intracereb cth-burr hole', 17, 21),
(328, 'CSS/img_fauna/tigre.jpg', 1, 'Male', 'Debrid opn fx-radius/uln', 15, 36),
(329, 'CSS/img_fauna/scimmia.jpg', 1, 'Female', 'Lung laceration closure', 13, 34),
(330, 'CSS/img_fauna/scimmia.jpg', 1, 'Female', 'Parastern hernia repair', 25, 12),
(331, 'CSS/img_fauna/scimmia.jpg', 0, 'Female', 'Periurethral incision', 2, 38),
(332, 'CSS/img_fauna/koala.jpg', 1, 'Male', 'Intracereb cth-burr hole', 2, 24),
(333, 'CSS/img_fauna/tigre.jpg', 1, 'Male', 'Replace nephrostomy tube', 9, 11),
(334, 'CSS/img_fauna/zebra.jpg', 1, 'Male', 'Lid marg lac rx-part th', 24, 43),
(335, 'CSS/img_fauna/leone.jpg', 0, 'Female', 'Ultrason fragment-stone', 3, 6),
(337, 'CSS/img_fauna/scimmia.jpg', 0, 'Male', 'Total hip replacement', 8, 27),
(338, 'CSS/img_fauna/tigre.jpg', 0, 'Female', 'Culture-upper GI', 7, 25),
(339, 'CSS/img_fauna/panda.jpg', 0, 'Male', 'Other appendectomy', 16, 43),
(340, 'CSS/img_fauna/zebra.jpg', 1, 'Female', 'Division of penile adhes', 12, 3),
(341, 'CSS/img_fauna/scimmia.jpg', 0, 'Male', 'Opn pull-thru res rectum', 12, 34),
(342, 'CSS/img_fauna/panda.jpg', 0, 'Male', 'Intra-abd sm bowel manip', 30, 22),
(343, 'CSS/img_fauna/ippopotamo.jpg', 1, 'Male', 'Toxicology-lymph system', 20, 3),
(344, 'CSS/img_fauna/pappagallo.jpg', 1, 'Male', 'CV cath plcmt w guidance', 19, 21),
(345, 'CSS/img_fauna/ippopotamo.jpg', 1, 'Male', 'Vaginoscopy', 9, 40),
(346, 'CSS/img_fauna/zebra.jpg', 0, 'Female', 'Drsl/drslumb fus ant/ant', 2, 9),
(347, 'CSS/img_fauna/leone.jpg', 0, 'Male', 'Perc extrac com duc calc', 21, 13),
(348, 'CSS/img_fauna/panda.jpg', 1, 'Female', 'PlEuroperitoneal shunt', 28, 20),
(349, 'CSS/img_fauna/tigre.jpg', 1, 'Female', 'LITT lesn brain,guidance', 21, 12),
(350, 'CSS/img_fauna/fenicottero.jpg', 1, 'Female', 'Orthotic evaluation', 6, 10),
(351, 'CSS/img_fauna/zebra.jpg', 0, 'Female', 'Facial bone/jnt op NEC', 18, 35),
(352, 'CSS/img_fauna/fenicottero.jpg', 1, 'Male', 'Adrenal lesion excision', 27, 3),
(353, 'CSS/img_fauna/panda.jpg', 0, 'Male', 'Fetal pulse oximetry', 20, 46),
(354, 'CSS/img_fauna/koala.jpg', 1, 'Male', 'Lap radical vaginal hyst', 1, 30),
(355, 'CSS/img_fauna/tigre.jpg', 0, 'Male', 'Other patellar incision', 19, 21),
(356, 'CSS/img_fauna/fenicottero.jpg', 0, 'Male', 'Comprehensive eye exam', 18, 4),
(357, 'CSS/img_fauna/fenicottero.jpg', 0, 'Female', 'Testicular les destruct', 23, 35),
(358, 'CSS/img_fauna/pappagallo.jpg', 1, 'Female', 'Umbilical vein cath', 17, 14),
(359, 'CSS/img_fauna/leone.jpg', 0, 'Female', 'Lower limb artery incis', 15, 5),
(360, 'CSS/img_fauna/pappagallo.jpg', 0, 'Male', 'Lysis of hand adhesions', 27, 15),
(361, 'CSS/img_fauna/scimmia.jpg', 0, 'Female', 'Choroid plexectomy', 27, 37),
(362, 'CSS/img_fauna/panda.jpg', 1, 'Male', 'Int/comb version w extr', 9, 6),
(363, 'CSS/img_fauna/leone.jpg', 1, 'Female', 'Repair ob lac corp uteri', 5, 20),
(365, 'CSS/img_fauna/scimmia.jpg', 1, 'Female', 'Int inser lead in atrium', 10, 10),
(366, 'CSS/img_fauna/zebra.jpg', 1, 'Male', 'Micro exam-integumen NEC', 23, 27),
(367, 'CSS/img_fauna/ippopotamo.jpg', 0, 'Male', 'Negatve-contr cardiogram', 16, 15),
(368, 'CSS/img_fauna/panda.jpg', 0, 'Male', 'Chalazion excision', 24, 27),
(369, 'CSS/img_fauna/leone.jpg', 1, 'Male', 'Parasitology-bili/pancr', 5, 23),
(370, 'CSS/img_fauna/orso.jpg', 1, 'Female', 'Excis metacar/car-graft', 18, 42),
(371, 'CSS/img_fauna/koala.jpg', 1, 'Male', 'Biliary tube irrigation', 20, 32),
(372, 'CSS/img_fauna/fenicottero.jpg', 1, 'Male', 'Surg induct labor NEC', 29, 23),
(373, 'CSS/img_fauna/orso.jpg', 1, 'Female', 'Ventri shunt-uninary sys', 15, 25),
(374, 'CSS/img_fauna/pappagallo.jpg', 1, 'Male', 'Mand orthognathic op NEC', 30, 8),
(375, 'CSS/img_fauna/fenicottero.jpg', 0, 'Male', 'Revise hip replacemt NOS', 29, 26),
(376, 'CSS/img_fauna/koala.jpg', 1, 'Female', 'Drsl/dslmb fus post/post', 11, 50),
(377, 'CSS/img_fauna/zebra.jpg', 1, 'Female', 'Insert spinal canal cath', 20, 11),
(378, 'CSS/img_fauna/pappagallo.jpg', 1, 'Male', 'Training in lead dog use', 29, 13),
(379, 'CSS/img_fauna/fenicottero.jpg', 1, 'Male', 'Endarterectomy of aorta', 12, 42),
(380, 'CSS/img_fauna/ippopotamo.jpg', 0, 'Female', 'Repl pacem 1-cham, rate', 20, 31),
(381, 'CSS/img_fauna/leone.jpg', 0, 'Female', 'Open reduc-metat/tars fx', 16, 8),
(382, 'CSS/img_fauna/koala.jpg', 0, 'Male', 'Total parathyroidectomy', 3, 49),
(383, 'CSS/img_fauna/fenicottero.jpg', 1, 'Male', 'Rect/perirect dx op NEC', 4, 50),
(384, 'CSS/img_fauna/orso.jpg', 0, 'Female', 'Cervical lymphangiogram', 3, 6),
(385, 'CSS/img_fauna/tigre.jpg', 0, 'Male', 'Toxicology-upper GI', 17, 49),
(386, 'CSS/img_fauna/panda.jpg', 1, 'Female', 'Control prostate hemorr', 5, 6),
(387, 'CSS/img_fauna/koala.jpg', 1, 'Male', 'Bone graft-radius/ulna', 24, 42),
(388, 'CSS/img_fauna/leone.jpg', 0, 'Male', 'Rep cystocel w grft/pros', 5, 1),
(389, 'CSS/img_fauna/panda.jpg', 1, 'Male', 'Radical maxillary antrot', 7, 3),
(390, 'CSS/img_fauna/pappagallo.jpg', 1, 'Male', 'Lap abdperneal resc rec', 17, 46),
(391, 'CSS/img_fauna/ippopotamo.jpg', 0, 'Male', 'Percut vertebral augment', 8, 27),
(392, 'CSS/img_fauna/tigre.jpg', 0, 'Female', 'Oth lo vision aid dispen', 27, 1),
(393, 'CSS/img_fauna/orso.jpg', 1, 'Female', 'Breast xerography', 15, 25),
(394, 'CSS/img_fauna/leone.jpg', 1, 'Male', 'Multiple sinus incision', 30, 48),
(396, 'CSS/img_fauna/koala.jpg', 0, 'Female', 'Culdoscopy', 26, 24),
(397, 'CSS/img_fauna/panda.jpg', 1, 'Male', 'Transfer of finger', 13, 41),
(398, 'CSS/img_fauna/fenicottero.jpg', 1, 'Male', 'Gum or alveolar incision', 13, 45),
(399, 'CSS/img_fauna/pappagallo.jpg', 1, 'Male', 'Drug detoxification', 17, 17),
(400, 'CSS/img_fauna/ippopotamo.jpg', 1, 'Male', 'Excis external ear NEC', 14, 32),
(401, 'CSS/img_fauna/panda.jpg', 0, 'Male', 'Free skin graft NEC', 22, 43),
(402, 'CSS/img_fauna/pappagallo.jpg', 0, 'Female', 'Skel xray-upper limb NOS', 4, 4),
(403, 'CSS/img_fauna/scimmia.jpg', 0, 'Female', 'Rev/repl epiretinal pros', 8, 22),
(404, 'CSS/img_fauna/orso.jpg', 0, 'Female', 'Bladder anastomosis NEC', 1, 26),
(405, 'CSS/img_fauna/tigre.jpg', 0, 'Female', 'Insert pseudophakos NOS', 18, 1),
(406, 'CSS/img_fauna/koala.jpg', 0, 'Male', 'Turbinate fracture', 15, 30),
(407, 'CSS/img_fauna/fenicottero.jpg', 0, 'Female', 'Hemorrhoid ligation', 17, 21),
(408, 'CSS/img_fauna/leone.jpg', 1, 'Male', 'Cul-de-sac biopsy', 18, 14),
(409, 'CSS/img_fauna/scimmia.jpg', 0, 'Male', 'Cell blk/pap-peritoneum', 17, 1),
(410, 'CSS/img_fauna/leone.jpg', 0, 'Male', 'Insrt prsr snsr w/o lead', 22, 24),
(411, 'CSS/img_fauna/panda.jpg', 0, 'Male', 'Eyelid operation NEC', 8, 43),
(412, 'CSS/img_fauna/koala.jpg', 0, 'Male', 'Upper limb lymphangiogrm', 8, 24),
(413, 'CSS/img_fauna/leone.jpg', 1, 'Female', 'Spine canal struc op NEC', 9, 40),
(414, 'CSS/img_fauna/fenicottero.jpg', 1, 'Female', 'Nephrotomogram NEC', 18, 2),
(415, 'CSS/img_fauna/zebra.jpg', 1, 'Female', 'Alveoloplasty', 3, 1),
(416, 'CSS/img_fauna/ippopotamo.jpg', 0, 'Female', 'CV cath plcmt w guidance', 7, 26),
(417, 'CSS/img_fauna/pappagallo.jpg', 0, 'Male', 'Endosc destruc lung les', 19, 8),
(418, 'CSS/img_fauna/leone.jpg', 0, 'Female', 'Nasal sept grft-epistax', 2, 7),
(419, 'CSS/img_fauna/orso.jpg', 1, 'Female', 'Part gast w jej transpos', 9, 47),
(420, 'CSS/img_fauna/tigre.jpg', 0, 'Female', 'Open liver biopsy', 23, 29),
(421, 'CSS/img_fauna/fenicottero.jpg', 1, 'Male', 'Extracap lens extrac NEC', 20, 9),
(422, 'CSS/img_fauna/ippopotamo.jpg', 1, 'Female', 'Cystourethroplasty', 21, 14),
(423, 'CSS/img_fauna/scimmia.jpg', 1, 'Male', 'Suture uterine lacerat', 10, 1),
(424, 'CSS/img_fauna/leone.jpg', 1, 'Male', 'Culture-lymph system', 25, 17),
(426, 'CSS/img_fauna/ippopotamo.jpg', 0, 'Male', 'Lap dir ing hern-graft', 10, 26),
(427, 'CSS/img_fauna/leone.jpg', 0, 'Male', 'Partial mandibulectomy', 2, 44),
(428, 'CSS/img_fauna/zebra.jpg', 1, 'Female', 'Periph nerv anastom NEC', 27, 23),
(429, 'CSS/img_fauna/fenicottero.jpg', 1, 'Male', 'Open mediastinal biopsy', 9, 9),
(430, 'CSS/img_fauna/leone.jpg', 0, 'Male', 'Lap remove remain ovary', 17, 18),
(431, 'CSS/img_fauna/panda.jpg', 1, 'Female', 'Removal FB from leg', 15, 2),
(432, 'CSS/img_fauna/panda.jpg', 1, 'Female', 'Other craniectomy', 5, 9),
(433, 'CSS/img_fauna/zebra.jpg', 0, 'Male', 'Lacrimal punctum probe', 2, 45),
(434, 'CSS/img_fauna/panda.jpg', 1, 'Female', 'Fixed bridge insertion', 24, 26),
(435, 'CSS/img_fauna/ippopotamo.jpg', 0, 'Male', 'Prosthetic evaluation', 29, 26),
(436, 'CSS/img_fauna/pappagallo.jpg', 1, 'Male', 'Lymph structure op NEC', 26, 18),
(437, 'CSS/img_fauna/panda.jpg', 0, 'Male', 'Spinal refusion NOS', 23, 2),
(438, 'CSS/img_fauna/orso.jpg', 0, 'Female', 'Urethral biopsy', 12, 6),
(439, 'CSS/img_fauna/fenicottero.jpg', 0, 'Female', 'Unilat fallop tube destr', 23, 14),
(440, 'CSS/img_fauna/zebra.jpg', 0, 'Female', 'Lac canaliculi incision', 26, 42),
(441, 'CSS/img_fauna/ippopotamo.jpg', 0, 'Male', 'Uvula and soft palate bx', 6, 46),
(442, 'CSS/img_fauna/ippopotamo.jpg', 0, 'Female', 'Excision of anus', 11, 35),
(443, 'CSS/img_fauna/pappagallo.jpg', 0, 'Male', 'Contr semin vesiculogram', 8, 37),
(444, 'CSS/img_fauna/scimmia.jpg', 0, 'Male', 'Arm varicose v lig-strip', 15, 48),
(445, 'CSS/img_fauna/orso.jpg', 0, 'Female', 'Rev knee repl-tibia lin', 25, 18),
(446, 'CSS/img_fauna/fenicottero.jpg', 1, 'Male', 'Chest wall biopsy', 15, 31),
(447, 'CSS/img_fauna/fenicottero.jpg', 1, 'Female', 'Other pneumonectomy NOS', 1, 10),
(448, 'CSS/img_fauna/fenicottero.jpg', 0, 'Male', 'Incis lymphatic structur', 20, 13),
(449, 'CSS/img_fauna/koala.jpg', 0, 'Male', 'C.A.T. scan of thorax', 25, 13),
(450, 'CSS/img_fauna/leone.jpg', 0, 'Male', 'Pneumoencephalogram', 9, 22),
(451, 'CSS/img_fauna/orso.jpg', 0, 'Female', 'Portal contr phlebogram', 7, 41),
(452, 'CSS/img_fauna/panda.jpg', 0, 'Female', 'Irrigation of ear', 8, 8),
(453, 'CSS/img_fauna/leone.jpg', 0, 'Female', 'Remove head/neck sutures', 23, 5),
(454, 'CSS/img_fauna/scimmia.jpg', 0, 'Female', 'Excise lg intestine les', 5, 74),
(455, 'CSS/img_fauna/koala.jpg', 0, 'Female', 'C & s-integument', 12, 18),
(456, 'CSS/img_fauna/leone.jpg', 0, 'Male', 'Nasal lesion excis NOS', 12, 43),
(457, 'CSS/img_fauna/orso.jpg', 1, 'Male', 'Head/neck var v lig-str', 3, 36),
(458, 'CSS/img_fauna/fenicottero.jpg', 0, 'Male', 'Botulism antitoxin admin', 28, 12),
(459, 'CSS/img_fauna/scimmia.jpg', 1, 'Female', 'Substern thyroidect NOS', 1, 35),
(460, 'CSS/img_fauna/ippopotamo.jpg', 0, 'Male', 'Esophagectomy NOS', 4, 1),
(461, 'CSS/img_fauna/fenicottero.jpg', 1, 'Female', 'Biliary tract op NEC', 6, 33),
(462, 'CSS/img_fauna/scimmia.jpg', 1, 'Male', 'Cardiac biopsy', 2, 35),
(463, 'CSS/img_fauna/ippopotamo.jpg', 1, 'Female', 'Transpleura thoracoscopy', 12, 5),
(464, 'CSS/img_fauna/panda.jpg', 1, 'Female', 'Remov ant segmnt FB NOS', 27, 12),
(465, 'CSS/img_fauna/ippopotamo.jpg', 0, 'Male', 'Eye fluorescein angiogra', 16, 33),
(466, 'CSS/img_fauna/ippopotamo.jpg', 1, 'Male', 'Transposit hand tend NEC', 8, 2),
(467, 'CSS/img_fauna/orso.jpg', 1, 'Female', 'External ear incis NEC', 18, 15),
(468, 'CSS/img_fauna/pappagallo.jpg', 1, 'Male', 'Attach pedicle to hand', 15, 5),
(469, 'CSS/img_fauna/orso.jpg', 0, 'Female', 'Parasitology-ent/larynx', 19, 43),
(470, 'CSS/img_fauna/koala.jpg', 0, 'Male', 'App ext fix dev-monoplan', 29, 4),
(471, 'CSS/img_fauna/scimmia.jpg', 0, 'Male', 'Cystoscopy thru stoma', 21, 45),
(473, 'CSS/img_fauna/fenicottero.jpg', 0, 'Female', 'Bone graft to chest cage', 14, 14),
(474, 'CSS/img_fauna/ippopotamo.jpg', 1, 'Male', 'Fetal blood sample/bx', 24, 9),
(476, 'CSS/img_fauna/scimmia.jpg', 1, 'Female', 'Tot mandibulec w reconst', 26, 44),
(477, 'CSS/img_fauna/tigre.jpg', 1, 'Male', 'Thorac esophag anast NEC', 4, 6),
(478, 'CSS/img_fauna/leone.jpg', 0, 'Male', 'Endosc sm bowel thru st', 17, 16),
(479, 'CSS/img_fauna/pappagallo.jpg', 1, 'Male', 'Insert bone stimul NOS', 1, 20),
(480, 'CSS/img_fauna/leone.jpg', 0, 'Male', 'Exchange transfusion', 19, 36),
(481, 'CSS/img_fauna/zebra.jpg', 0, 'Male', 'Ureteral anastomosis NEC', 28, 8),
(482, 'CSS/img_fauna/ippopotamo.jpg', 0, 'Female', 'Orchiopexy', 18, 11),
(483, 'CSS/img_fauna/orso.jpg', 0, 'Male', 'Open small bowel biopsy', 13, 37),
(484, 'CSS/img_fauna/scimmia.jpg', 0, 'Male', 'Cerebral thermography', 9, 29),
(485, 'CSS/img_fauna/koala.jpg', 0, 'Male', 'Uroflowmetry', 20, 2),
(486, 'CSS/img_fauna/tigre.jpg', 1, 'Female', 'Corneal transplant NEC', 7, 8),
(487, 'CSS/img_fauna/leone.jpg', 1, 'Male', 'Diathermy', 4, 17),
(488, 'CSS/img_fauna/panda.jpg', 1, 'Male', 'Therapeu plateltpheresis', 5, 34),
(489, 'CSS/img_fauna/leone.jpg', 1, 'Female', 'Anal incision NEC', 5, 44),
(490, 'CSS/img_fauna/ippopotamo.jpg', 0, 'Female', 'Facial rhytidectomy', 18, 31),
(491, 'CSS/img_fauna/pappagallo.jpg', 0, 'Female', 'Bronchoscopy thru stoma', 26, 25),
(492, 'CSS/img_fauna/ippopotamo.jpg', 1, 'Female', 'Neurolyt injec-symp nrv', 21, 23),
(493, 'CSS/img_fauna/panda.jpg', 1, 'Male', 'Resp tract intubat NEC', 25, 8),
(494, 'CSS/img_fauna/fenicottero.jpg', 1, 'Male', 'Clo endosc bx pancre duc', 20, 9),
(495, 'CSS/img_fauna/koala.jpg', 1, 'Male', 'Skin chemosurgery', 26, 18),
(496, 'CSS/img_fauna/scimmia.jpg', 0, 'Male', 'Cl reduct facial fx NEC', 30, 5),
(497, 'CSS/img_fauna/pappagallo.jpg', 1, 'Female', 'Hair transplant', 13, 35),
(498, 'CSS/img_fauna/pappagallo.jpg', 1, 'Male', 'Exc,destrct,exclus LAA', 30, 49),
(499, 'CSS/img_fauna/fenicottero.jpg', 1, 'Female', 'Other plastic ops fascia', 4, 13),
(500, 'CSS/img_fauna/tigre.jpg', 1, 'Female', 'Total pancreatectomy', 17, 12),
(501, 'CSS/img_fauna/pappagallo.jpg', 0, 'Male', 'Destruc uter support NEC', 9, 16),
(502, 'CSS/img_fauna/orso.jpg', 0, 'Male', 'Goniotomy', 18, 16),
(503, 'CSS/img_fauna/fenicottero.jpg', 0, 'Male', 'Goniopuncture', 26, 16),
(504, 'CSS/img_fauna/panda.jpg', 0, 'Female', 'Remov gastrostomy tube', 12, 16),
(505, 'CSS/img_fauna/fenicottero.jpg', 1, 'Female', 'Carporadial fusion', 19, 16),
(506, 'CSS/img_fauna/koala.jpg', 0, 'Female', 'Transplant spermat cord', 3, 16),
(507, 'CSS/img_fauna/scimmia.jpg', 0, 'Male', 'Eyebal/orbit dx proc NEC', 9, 16),
(508, 'CSS/img_fauna/scimmia.jpg', 0, 'Female', 'Open ureteral biopsy', 20, 16),
(509, 'CSS/img_fauna/fenicottero.jpg', 1, 'Male', 'Lap umbilical hernia NEC', 23, 16),
(510, 'CSS/img_fauna/tigre.jpg', 0, 'Female', 'Ankle structure division', 11, 16),
(511, 'CSS/img_fauna/koala.jpg', 0, 'Female', 'Breast xerography', 29, 16),
(512, 'CSS/img_fauna/pappagallo.jpg', 1, 'Female', 'Brain/skull contrst xray', 24, 16),
(513, 'CSS/img_fauna/koala.jpg', 1, 'Female', 'Destruc hepatic les NEC', 21, 16),
(514, 'CSS/img_fauna/scimmia.jpg', 1, 'Female', 'Cde for calculus remov', 8, 16),
(1907, 'CSS/img_fauna/animale1.jpg', 1, 'Male', 'sta benissimo', 1, 74),
(1908, 'CSS/img_fauna/ghepardo_0.jpg', 1, 'Male', 'bene', 17, 74),
(1909, 'CSS/img_fauna/ippopotamo.jpg', 0, 'Male', 'benone', 12, 74),
(1912, 'CSS/img_fauna/orso.jpg', 1, 'male', 'sues', 22, 74),
(1914, 'CSS/img_fauna/panda.jpg', 0, 'Male', 'bene', 1, 74);

-- --------------------------------------------------------

--
-- Struttura della tabella `flora`
--

CREATE TABLE `flora` (
  `IdFlora` int(11) NOT NULL,
  `path_immagine_albero` varchar(100) CHARACTER SET utf8 COLLATE utf8_general_ci DEFAULT NULL,
  `path_immagine_arbusto` varchar(100) CHARACTER SET utf8 COLLATE utf8_general_ci DEFAULT NULL,
  `path_immagine_PiantaErbacea` varchar(100) CHARACTER SET utf8 COLLATE utf8_general_ci DEFAULT NULL,
  `Stagione_fioritura` varchar(25) NOT NULL,
  `Categoria` varchar(100) CHARACTER SET utf8 COLLATE utf8_general_ci NOT NULL,
  `GenereAlbero` varchar(100) CHARACTER SET utf8 COLLATE utf8_general_ci DEFAULT NULL,
  `TipoFoglie` varchar(100) CHARACTER SET utf8 COLLATE utf8_general_ci DEFAULT NULL,
  `SpecieArbusto` varchar(100) CHARACTER SET utf8 COLLATE utf8_general_ci DEFAULT NULL,
  `DimensioneArbusto` varchar(100) CHARACTER SET utf8 COLLATE utf8_general_ci DEFAULT NULL,
  `ClassificazionePianteErbacee` varchar(100) CHARACTER SET utf8 COLLATE utf8_general_ci DEFAULT NULL,
  `ColorePianteErbacee` varchar(25) CHARACTER SET utf8 COLLATE utf8_general_ci DEFAULT NULL,
  `fk_IdParco` int(11) NOT NULL
) ENGINE=InnoDB DEFAULT CHARSET=utf8;

--
-- Dump dei dati per la tabella `flora`
--

INSERT INTO `flora` (`IdFlora`, `path_immagine_albero`, `path_immagine_arbusto`, `path_immagine_PiantaErbacea`, `Stagione_fioritura`, `Categoria`, `GenereAlbero`, `TipoFoglie`, `SpecieArbusto`, `DimensioneArbusto`, `ClassificazionePianteErbacee`, `ColorePianteErbacee`, `fk_IdParco`) VALUES
(1, NULL, 'CSS/img_flora/Arbusti/arbusto7.jpg', NULL, 'Inverno', 'Arbusto', NULL, NULL, 'Flatseed Sandmat', '4m', NULL, NULL, 47),
(2, NULL, NULL, 'CSS/img_flora/PianteErbacee/PiantaErbacea4.jpg', 'Estate', 'Pianta erbacea', NULL, NULL, NULL, NULL, 'Scaevola sericea Vahl var. taccada (Gaertn.) Thieret & B. Lipscomb', 'Blue', 35),
(3, NULL, NULL, 'CSS/img_flora/PianteErbacee/PiantaErbacea9.jpg', 'Estate', 'Pianta erbacea', NULL, NULL, NULL, NULL, 'Lepidium davisii Rollins', 'Puce', 38),
(4, NULL, NULL, 'CSS/img_flora/PianteErbacee/PiantaErbacea6.jpg', 'Inverno', 'Pianta erbacea', NULL, NULL, NULL, NULL, 'Lipochaeta connata (Gaudich.) DC. var. acris (Sherff) R.C. Gardner', 'Red', 1),
(5, NULL, NULL, 'CSS/img_flora/PianteErbacee/PiantaErbacea8.jpg', 'Inverno', 'Pianta erbacea', NULL, NULL, NULL, NULL, 'Hermbstaedtia Rchb.', 'Aquamarine', 31),
(6, NULL, 'CSS/img_flora/Arbusti/arbusto5.jpg', NULL, 'Autunno', 'Arbusto', NULL, NULL, 'Yellow Pimpernel', '1m', NULL, NULL, 20),
(7, NULL, 'CSS/img_flora/Arbusti/arbusto1.jpg', NULL, 'Estate', 'Arbusto', NULL, NULL, 'Twinbugs', '5m', NULL, NULL, 7),
(8, NULL, 'CSS/img_flora/Arbusti/arbusto4.jpg', NULL, 'Primavera', 'Arbusto', NULL, NULL, 'Baltimore Flavoparmelia Lichen', '4m', NULL, NULL, 32),
(9, 'CSS/img_flora/Alberi/albero7.jpg', NULL, NULL, 'Autunno', 'Albero', 'Asteraceae', 'Stephanomeria exigua Nutt.', NULL, NULL, NULL, NULL, 22),
(10, NULL, NULL, 'CSS/img_flora/PianteErbacee/PiantaErbacea1.jpg', 'Primavera', 'Pianta erbacea', NULL, NULL, NULL, NULL, 'Tamarix chinensis Lour.', 'Puce', 26),
(11, 'CSS/img_flora/Alberi/albero2.jpg', NULL, NULL, 'Autunno', 'Albero', 'Pinaceae', 'Pinus contorta Douglas ex Loudon var. latifolia Engelm. ex S. Watson', NULL, NULL, NULL, NULL, 17),
(12, NULL, 'CSS/img_flora/Arbusti/arbusto3.jpg', NULL, 'Primavera', 'Arbusto', NULL, NULL, 'Yellow-top Mallee-ash', '4m', NULL, NULL, 25),
(13, NULL, 'CSS/img_flora/Arbusti/arbusto5.jpg', NULL, 'Inverno', 'Arbusto', NULL, NULL, 'Sphagnum', '5m', NULL, NULL, 20),
(14, NULL, NULL, 'CSS/img_flora/PianteErbacee/PiantaErbacea4.jpg', 'Estate', 'Pianta erbacea', NULL, NULL, NULL, NULL, 'Frasera tubulosa Coville', 'Green', 41),
(15, NULL, NULL, 'CSS/img_flora/PianteErbacee/PiantaErbacea3.jpg', 'Primavera', 'Pianta erbacea', NULL, NULL, NULL, NULL, 'Sicyosperma A. Gray', 'Green', 46),
(17, 'CSS/img_flora/Alberi/albero4.jpg', NULL, NULL, 'Autunno', 'Albero', 'Rubiaceae', 'Galium serpenticum Dempster ssp. okanoganense Dempster & Ehrend.', NULL, NULL, NULL, NULL, 8),
(18, NULL, 'CSS/img_flora/Arbusti/arbusto6.jpg', NULL, 'Autunno', 'Arbusto', NULL, NULL, 'Big Bend Ringstem', '3m', NULL, NULL, 21),
(19, 'CSS/img_flora/Alberi/albero7.jpg', NULL, NULL, 'Primavera', 'Albero', 'Fabaceae', 'Trifolium alpestre L.', NULL, NULL, NULL, NULL, 15),
(20, NULL, 'CSS/img_flora/Arbusti/arbusto2.jpg', NULL, 'Primavera', 'Arbusto', NULL, NULL, 'Cape Francais Stalkgrass', '5m', NULL, NULL, 9),
(21, 'CSS/img_flora/Alberi/albero6.jpg', NULL, NULL, 'Inverno', 'Albero', 'Caryophyllaceae', 'Vaccaria von Wolf', NULL, NULL, NULL, NULL, 35),
(22, NULL, NULL, 'CSS/img_flora/PianteErbacee/PiantaErbacea4.jpg', 'Autunno', 'Pianta erbacea', NULL, NULL, NULL, NULL, 'Thelocarpon epibolum Nyl. var. epithallinum (Leight. ex Nyl.) Salisb.', 'Goldenrod', 30),
(23, NULL, NULL, 'CSS/img_flora/PianteErbacee/PiantaErbacea10.jpg', 'Inverno', 'Pianta erbacea', NULL, NULL, NULL, NULL, 'Eriogonum chrysops Rydb.', 'Turquoise', 47),
(24, NULL, NULL, 'CSS/img_flora/PianteErbacee/PiantaErbacea8.jpg', 'Primavera', 'Pianta erbacea', NULL, NULL, NULL, NULL, 'Ichnanthus pallens (Sw.) Munro ex Benth. var. majus (Nees) Stieber', 'Yellow', 50),
(25, NULL, NULL, 'CSS/img_flora/PianteErbacee/PiantaErbacea6.jpg', 'Primavera', 'Pianta erbacea', NULL, NULL, NULL, NULL, 'Herniaria glabra L.', 'Blue', 43),
(26, 'CSS/img_flora/Alberi/albero3.jpg', NULL, NULL, 'Inverno', 'Albero', 'Primulaceae', 'Primula cusickiana (A. Gray) A. Gray var. nevadensis (N.H. Holmgren) N.H. Holmgren & S. Kelso', NULL, NULL, NULL, NULL, 3),
(27, NULL, NULL, 'CSS/img_flora/PianteErbacee/PiantaErbacea3.jpg', 'Estate', 'Pianta erbacea', NULL, NULL, NULL, NULL, 'Quercus havardii Rydb. var. tuckeri S.L. Welsh', 'Goldenrod', 34),
(28, NULL, NULL, 'CSS/img_flora/PianteErbacee/PiantaErbacea3.jpg', 'Inverno', 'Pianta erbacea', NULL, NULL, NULL, NULL, 'Solanum xanti A. Gray var. intermedium Parish', 'Purple', 21),
(29, NULL, 'CSS/img_flora/Arbusti/arbusto1.jpg', NULL, 'Autunno', 'Arbusto', NULL, NULL, 'Fivestamen Chickweed', '4m', NULL, NULL, 1),
(30, 'CSS/img_flora/Alberi/albero4.jpg', NULL, NULL, 'Primavera', 'Albero', 'Rubiaceae', 'Hedyotis littoralis (Hillebr.) Fosberg', NULL, NULL, NULL, NULL, 43),
(31, 'CSS/img_flora/Alberi/albero4.jpg', NULL, NULL, 'Primavera', 'Albero', 'Amblystegiaceae', 'Cratoneuron (Sull.) Spruce', NULL, NULL, NULL, NULL, 21),
(32, NULL, 'CSS/img_flora/Arbusti/arbusto3.jpg', NULL, 'Primavera', 'Arbusto', NULL, NULL, 'Spotted Calla Lily', '2m', NULL, NULL, 47),
(33, NULL, NULL, 'CSS/img_flora/PianteErbacee/PiantaErbacea5.jpg', 'Estate', 'Pianta erbacea', NULL, NULL, NULL, NULL, 'Sideritis L.', 'Goldenrod', 40),
(34, NULL, NULL, 'CSS/img_flora/PianteErbacee/PiantaErbacea1.jpg', 'Primavera', 'Pianta erbacea', NULL, NULL, NULL, NULL, 'Isopterygiopsis muelleriana (Schimp.) Z. Iwats.', 'Yellow', 37),
(35, NULL, 'CSS/img_flora/Arbusti/arbusto6.jpg', NULL, 'Estate', 'Arbusto', NULL, NULL, 'Ivory Coast Almond', '3m', NULL, NULL, 15),
(36, 'CSS/img_flora/Alberi/albero1.jpg', NULL, NULL, 'Estate', 'Albero', 'Rosaceae', 'Crataegus iracunda Beadle', NULL, NULL, NULL, NULL, 8),
(37, NULL, NULL, 'CSS/img_flora/PianteErbacee/PiantaErbacea7.jpg', 'Estate', 'Pianta erbacea', NULL, NULL, NULL, NULL, 'Rosa arkansana Porter var. suffulta (Greene) Cockerell', 'Aquamarine', 26),
(39, NULL, NULL, 'CSS/img_flora/PianteErbacee/PiantaErbacea1.jpg', 'Estate', 'Pianta erbacea', NULL, NULL, NULL, NULL, 'Braya glabella Richardson ssp. purpurascens (R. Br.) Cody', 'Yellow', 17),
(40, NULL, 'CSS/img_flora/Arbusti/arbusto5.jpg', NULL, 'Inverno', 'Arbusto', NULL, NULL, 'Intermediate Plagiomnium Moss', '3m', NULL, NULL, 38),
(41, NULL, NULL, 'CSS/img_flora/PianteErbacee/PiantaErbacea4.jpg', 'Autunno', 'Pianta erbacea', NULL, NULL, NULL, NULL, 'Armeria maritima (Mill.) Willd. ssp. interior (Raup) C. Lefbvre & X. Vekemans', 'Indigo', 7),
(42, NULL, 'CSS/img_flora/Arbusti/arbusto2.jpg', NULL, 'Inverno', 'Arbusto', NULL, NULL, 'Spreading False Prairie-clover', '3m', NULL, NULL, 27),
(43, NULL, 'CSS/img_flora/Arbusti/arbusto4.jpg', NULL, 'Autunno', 'Arbusto', NULL, NULL, 'Henequen', '3m', NULL, NULL, 12),
(44, 'CSS/img_flora/Alberi/albero6.jpg', NULL, NULL, 'Autunno', 'Albero', 'Aspleniaceae', 'Asplenium macraei Hook. & Grev.', NULL, NULL, NULL, NULL, 31),
(45, NULL, 'CSS/img_flora/Arbusti/arbusto5.jpg', NULL, 'Primavera', 'Arbusto', NULL, NULL, 'Slender Sensitive Pea', '2m', NULL, NULL, 17),
(46, NULL, NULL, 'CSS/img_flora/PianteErbacee/PiantaErbacea1.jpg', 'Estate', 'Pianta erbacea', NULL, NULL, NULL, NULL, 'Suaeda taxifolia (Standl.) Standl.', 'Maroon', 29),
(47, NULL, 'CSS/img_flora/Arbusti/arbusto6.jpg', NULL, 'Autunno', 'Arbusto', NULL, NULL, 'Woodfern', '3m', NULL, NULL, 49),
(48, NULL, NULL, 'CSS/img_flora/PianteErbacee/PiantaErbacea6.jpg', 'Estate', 'Pianta erbacea', NULL, NULL, NULL, NULL, 'Euphorbia paralias L.', 'Violet', 35),
(49, 'CSS/img_flora/Alberi/albero2.jpg', NULL, NULL, 'Estate', 'Albero', 'Pertusariaceae', 'Pertusaria valliculata Dibben', NULL, NULL, NULL, NULL, 30),
(50, 'CSS/img_flora/Alberi/albero6.jpg', NULL, NULL, 'Inverno', 'Albero', 'Iridaceae', 'Sisyrinchium farwellii E.P. Bicknell', NULL, NULL, NULL, NULL, 2),
(51, NULL, 'CSS/img_flora/Arbusti/arbusto5.jpg', NULL, 'Inverno', 'Arbusto', NULL, NULL, 'Threeleaf Soapberry', '5m', NULL, NULL, 27),
(52, NULL, 'CSS/img_flora/Arbusti/arbusto1.jpg', NULL, 'Primavera', 'Arbusto', NULL, NULL, 'Lindenleaf Rosemallow', '4m', NULL, NULL, 6),
(53, 'CSS/img_flora/Alberi/albero4.jpg', NULL, NULL, 'Inverno', 'Albero', 'Cyperaceae', 'Carex norvegica Retz. ssp. stevenii (T. Holm) A.E. Murray', NULL, NULL, NULL, NULL, 32),
(54, 'CSS/img_flora/Alberi/albero3.jpg', NULL, NULL, 'Inverno', 'Albero', 'Fabaceae', 'Geoffroea decorticans (Gillies ex Hook. & Arn.) Burkart', NULL, NULL, NULL, NULL, 24),
(55, 'CSS/img_flora/Alberi/albero1.jpg', NULL, NULL, 'Primavera', 'Albero', 'Liliaceae', 'Calochortus tolmiei Hook. & Arn.', NULL, NULL, NULL, NULL, 41),
(56, NULL, 'CSS/img_flora/Arbusti/arbusto3.jpg', NULL, 'Primavera', 'Arbusto', NULL, NULL, 'Artichoke Betony', '3m', NULL, NULL, 49),
(57, NULL, NULL, 'CSS/img_flora/PianteErbacee/PiantaErbacea10.jpg', 'Autunno', 'Pianta erbacea', NULL, NULL, NULL, NULL, 'Phaeophyscia pusilloides (Zahlbr.) Essl.', 'Mauv', 30),
(58, 'CSS/img_flora/Alberi/albero2.jpg', NULL, NULL, 'Estate', 'Albero', 'Verbenaceae', 'Callicarpa L.', NULL, NULL, NULL, NULL, 29),
(59, 'CSS/img_flora/Alberi/albero7.jpg', NULL, NULL, 'Autunno', 'Albero', 'Apiaceae', 'Sanicula smallii E.P. Bicknell', NULL, NULL, NULL, NULL, 7),
(60, NULL, 'CSS/img_flora/Arbusti/arbusto1.jpg', NULL, 'Estate', 'Arbusto', NULL, NULL, 'Western Neofuscelia Lichen', '4m', NULL, NULL, 15),
(61, NULL, 'CSS/img_flora/Arbusti/arbusto2.jpg', NULL, 'Autunno', 'Arbusto', NULL, NULL, 'Weak Jumby Pepper', '1m', NULL, NULL, 17),
(62, 'CSS/img_flora/Alberi/albero4.jpg', NULL, NULL, 'Autunno', 'Albero', 'Poaceae', 'Bouteloua dimorpha J.T. Columbus', NULL, NULL, NULL, NULL, 17),
(63, NULL, NULL, 'CSS/img_flora/PianteErbacee/PiantaErbacea9.jpg', 'Primavera', 'Pianta erbacea', NULL, NULL, NULL, NULL, 'Xanthium L.', 'Fuscia', 11),
(64, NULL, NULL, 'CSS/img_flora/PianteErbacee/PiantaErbacea1.jpg', 'Estate', 'Pianta erbacea', NULL, NULL, NULL, NULL, 'Scirpus litoralis Kuntze', 'Purple', 4),
(65, NULL, NULL, 'CSS/img_flora/PianteErbacee/PiantaErbacea10.jpg', 'Estate', 'Pianta erbacea', NULL, NULL, NULL, NULL, 'Lesquerella lasiocarpa (Hook. ex A. Gray) S. Watson', 'Maroon', 23),
(66, NULL, 'CSS/img_flora/Arbusti/arbusto7.jpg', NULL, 'Estate', 'Arbusto', NULL, NULL, 'Sedge', '4m', NULL, NULL, 42),
(67, NULL, 'CSS/img_flora/Arbusti/arbusto4.jpg', NULL, 'Primavera', 'Arbusto', NULL, NULL, 'Plantain Goldenweed', '4m', NULL, NULL, 49),
(68, NULL, 'CSS/img_flora/Arbusti/arbusto4.jpg', NULL, 'Autunno', 'Arbusto', NULL, NULL, 'Spring Cinquefoil', '3m', NULL, NULL, 8),
(69, NULL, 'CSS/img_flora/Arbusti/arbusto2.jpg', NULL, 'Autunno', 'Arbusto', NULL, NULL, 'Spreading Leastdaisy', '4m', NULL, NULL, 16),
(70, NULL, NULL, 'CSS/img_flora/PianteErbacee/PiantaErbacea6.jpg', 'Primavera', 'Pianta erbacea', NULL, NULL, NULL, NULL, 'Rhizomnium (Broth.) T. Kop.', 'Pink', 32),
(71, 'CSS/img_flora/Alberi/albero7.jpg', NULL, NULL, 'Autunno', 'Albero', 'Rutaceae', 'Platydesma remyi (Sherff) O. Deg., I. Deg., Sherff & B.C. Stone', NULL, NULL, NULL, NULL, 32),
(73, NULL, NULL, 'CSS/img_flora/PianteErbacee/PiantaErbacea8.jpg', 'Autunno', 'Pianta erbacea', NULL, NULL, NULL, NULL, 'Usnea subfusca Stirt.', 'Pink', 26),
(74, NULL, 'CSS/img_flora/Arbusti/arbusto7.jpg', NULL, 'Primavera', 'Arbusto', NULL, NULL, 'Matamat', '4m', NULL, NULL, 7),
(75, 'CSS/img_flora/Alberi/albero3.jpg', NULL, NULL, 'Inverno', 'Albero', 'Brassicaceae', 'Arabis pendulina Greene var. russeola (Rollins) Rollins', NULL, NULL, NULL, NULL, 13),
(76, NULL, NULL, 'CSS/img_flora/PianteErbacee/PiantaErbacea3.jpg', 'Inverno', 'Pianta erbacea', NULL, NULL, NULL, NULL, 'Theobroma angustifolium Moc. & Sess ex DC.', 'Yellow', 13),
(77, 'CSS/img_flora/Alberi/albero6.jpg', NULL, NULL, 'Primavera', 'Albero', 'Geraniaceae', 'Erodium serpyllifolia Hose', NULL, NULL, NULL, NULL, 34),
(78, 'CSS/img_flora/Alberi/albero2.jpg', NULL, NULL, 'Autunno', 'Albero', 'Lycopodiaceae', 'Huperzia erosa Beitel & W.H. Wagner', NULL, NULL, NULL, NULL, 27),
(79, NULL, NULL, 'CSS/img_flora/PianteErbacee/PiantaErbacea4.jpg', 'Inverno', 'Pianta erbacea', NULL, NULL, NULL, NULL, 'Dicranum groenlandicum Brid.', 'Turquoise', 15),
(80, NULL, NULL, 'CSS/img_flora/PianteErbacee/PiantaErbacea9.jpg', 'Estate', 'Pianta erbacea', NULL, NULL, NULL, NULL, 'Ochrolechia subplicans (Nyl.) Brodo ssp. subplicans', 'Orange', 32),
(83, 'CSS/img_flora/Alberi/albero1.jpg', NULL, NULL, 'Autunno', 'Albero', 'Polygonaceae', 'Eriogonum strictum Benth.', NULL, NULL, NULL, NULL, 37),
(84, NULL, NULL, 'CSS/img_flora/PianteErbacee/PiantaErbacea7.jpg', 'Estate', 'Pianta erbacea', NULL, NULL, NULL, NULL, 'Lygodesmia juncea (Pursh) D. Don ex Hook.', 'Teal', 43),
(85, 'CSS/img_flora/Alberi/albero2.jpg', NULL, NULL, 'Estate', 'Albero', 'Caryophyllaceae', 'Herniaria hirsuta L. ssp. hirsuta', NULL, NULL, NULL, NULL, 33),
(86, NULL, NULL, 'CSS/img_flora/PianteErbacee/PiantaErbacea9.jpg', 'Inverno', 'Pianta erbacea', NULL, NULL, NULL, NULL, 'Dasylirion Zucc.', 'Yellow', 36),
(87, NULL, 'CSS/img_flora/Arbusti/arbusto3.jpg', NULL, 'Primavera', 'Arbusto', NULL, NULL, 'Neckera Moss', '5m', NULL, NULL, 8),
(88, NULL, 'CSS/img_flora/Arbusti/arbusto1.jpg', NULL, 'Primavera', 'Arbusto', NULL, NULL, 'Blue Daisy', '2m', NULL, NULL, 21),
(89, 'CSS/img_flora/Alberi/albero4.jpg', NULL, NULL, 'Estate', 'Albero', 'Fabaceae', 'Astragalus wootonii Sheldon', NULL, NULL, NULL, NULL, 44),
(90, NULL, NULL, 'CSS/img_flora/PianteErbacee/PiantaErbacea10.jpg', 'Estate', 'Pianta erbacea', NULL, NULL, NULL, NULL, 'Vauquelinia corymbosa Humb. & Bonpl.', 'Red', 46),
(91, NULL, 'CSS/img_flora/Arbusti/arbusto2.jpg', NULL, 'Autunno', 'Arbusto', NULL, NULL, 'Japanese Bittercress', '4m', NULL, NULL, 46),
(92, 'CSS/img_flora/Alberi/albero3.jpg', NULL, NULL, 'Inverno', 'Albero', 'Lamiaceae', 'Galeopsis tetrahit L. var. arvensis Schltdl.', NULL, NULL, NULL, NULL, 24),
(93, 'CSS/img_flora/Alberi/albero1.jpg', NULL, NULL, 'Primavera', 'Albero', 'Rubiaceae', 'Galium angustifolium Nutt. ex A. Gray ssp. jacinticum Dempster & Stebbins', NULL, NULL, NULL, NULL, 10),
(94, 'CSS/img_flora/Alberi/albero2.jpg', NULL, NULL, 'Autunno', 'Albero', 'Rhizocarpaceae', 'Rhizocarpon hochstetteri (Krb.) Vain.', NULL, NULL, NULL, NULL, 16),
(95, 'CSS/img_flora/Alberi/albero3.jpg', NULL, NULL, 'Primavera', 'Albero', 'Caprifoliaceae', 'Symphoricarpos rotundifolius A. Gray', NULL, NULL, NULL, NULL, 23),
(96, NULL, 'CSS/img_flora/Arbusti/arbusto7.jpg', NULL, 'Estate', 'Arbusto', NULL, NULL, 'Small Coastal Germander', '3m', NULL, NULL, 7),
(97, NULL, 'CSS/img_flora/Arbusti/arbusto3.jpg', NULL, 'Estate', 'Arbusto', NULL, NULL, 'Rosy Palafox', '1m', NULL, NULL, 43),
(99, NULL, NULL, 'CSS/img_flora/PianteErbacee/PiantaErbacea3.jpg', 'Primavera', 'Pianta erbacea', NULL, NULL, NULL, NULL, 'Heteranthera limosa (Sw.) Willd.', 'Orange', 2),
(101, NULL, NULL, 'CSS/img_flora/PianteErbacee/PiantaErbacea6.jpg', 'Primavera', 'Pianta erbacea', NULL, NULL, NULL, NULL, 'Japewia tornoensis (Nyl.) Tnsberg', 'Crimson', 6),
(102, NULL, NULL, 'CSS/img_flora/PianteErbacee/PiantaErbacea3.jpg', 'Estate', 'Pianta erbacea', NULL, NULL, NULL, NULL, 'Antennaria solitaria Rydb.', 'Fuscia', 8),
(103, NULL, NULL, 'CSS/img_flora/PianteErbacee/PiantaErbacea10.jpg', 'Inverno', 'Pianta erbacea', NULL, NULL, NULL, NULL, 'Buddleja scordioides Kunth', 'Indigo', 2),
(104, NULL, 'CSS/img_flora/Arbusti/arbusto5.jpg', NULL, 'Autunno', 'Arbusto', NULL, NULL, 'Japanese Netvein Hollyfern', '4m', NULL, NULL, 22),
(105, 'CSS/img_flora/Alberi/albero4.jpg', NULL, NULL, 'Primavera', 'Albero', 'Cactaceae', 'Opuntia demissa Griffiths (pro sp.)', NULL, NULL, NULL, NULL, 40),
(106, 'CSS/img_flora/Alberi/albero5.jpg', NULL, NULL, 'Autunno', 'Albero', 'Acanthaceae', 'Ruellia devosiana hort. Makoy ex A.E. Murray', NULL, NULL, NULL, NULL, 12),
(107, NULL, 'CSS/img_flora/Arbusti/arbusto7.jpg', NULL, 'Inverno', 'Arbusto', NULL, NULL, 'Snow Lichen', '3m', NULL, NULL, 48),
(108, NULL, NULL, 'CSS/img_flora/PianteErbacee/PiantaErbacea6.jpg', 'Primavera', 'Pianta erbacea', NULL, NULL, NULL, NULL, 'Ardisia glauciflora Urb.', 'Blue', 21),
(109, NULL, NULL, 'CSS/img_flora/PianteErbacee/PiantaErbacea1.jpg', 'Estate', 'Pianta erbacea', NULL, NULL, NULL, NULL, 'Hemizonia fitchii A. Gray', 'Violet', 49),
(110, 'CSS/img_flora/Alberi/albero7.jpg', NULL, NULL, 'Estate', 'Albero', 'Rosaceae', 'Potentilla rupincola Osterh.', NULL, NULL, NULL, NULL, 25),
(111, NULL, NULL, 'CSS/img_flora/PianteErbacee/PiantaErbacea9.jpg', 'Autunno', 'Pianta erbacea', NULL, NULL, NULL, NULL, 'Schizaea poeppigiana Sturm', 'Red', 43),
(112, 'CSS/img_flora/Alberi/albero1.jpg', NULL, NULL, 'Primavera', 'Albero', 'Polygonaceae', 'Polygonum achoreum S.F. Blake', NULL, NULL, NULL, NULL, 41),
(113, NULL, NULL, 'CSS/img_flora/PianteErbacee/PiantaErbacea7.jpg', 'Inverno', 'Pianta erbacea', NULL, NULL, NULL, NULL, 'Ceratiola Michx.', 'Crimson', 21),
(114, NULL, 'CSS/img_flora/Arbusti/arbusto5.jpg', NULL, 'Inverno', 'Arbusto', NULL, NULL, 'Bald Bedstraw', '2m', NULL, NULL, 29),
(115, NULL, 'CSS/img_flora/Arbusti/arbusto7.jpg', NULL, 'Autunno', 'Arbusto', NULL, NULL, 'Slimjim Flatsedge', '1m', NULL, NULL, 18),
(116, 'CSS/img_flora/Alberi/albero3.jpg', NULL, NULL, 'Inverno', 'Albero', 'Poaceae', 'Koeleria Pers.', NULL, NULL, NULL, NULL, 31),
(117, NULL, NULL, 'CSS/img_flora/PianteErbacee/PiantaErbacea8.jpg', 'Inverno', 'Pianta erbacea', NULL, NULL, NULL, NULL, 'Morrenia odorata (Hook. & Arn.) Lindl.', 'Maroon', 22),
(118, 'CSS/img_flora/Alberi/albero6.jpg', NULL, NULL, 'Estate', 'Albero', 'Fabaceae', 'Lupinus flavoculatus A. Heller', NULL, NULL, NULL, NULL, 12),
(119, NULL, 'CSS/img_flora/Arbusti/arbusto6.jpg', NULL, 'Primavera', 'Arbusto', NULL, NULL, 'Linospadix', '4m', NULL, NULL, 8),
(120, NULL, NULL, 'CSS/img_flora/PianteErbacee/PiantaErbacea7.jpg', 'Inverno', 'Pianta erbacea', NULL, NULL, NULL, NULL, 'Penstemon ammophilus N.H. Holmgren & L.M. Shultz', 'Fuscia', 26),
(121, 'CSS/img_flora/Alberi/albero5.jpg', NULL, NULL, 'Inverno', 'Albero', 'Verbenaceae', 'Verbena polystachya Kunth', NULL, NULL, NULL, NULL, 24),
(123, NULL, 'CSS/img_flora/Arbusti/arbusto6.jpg', NULL, 'Autunno', 'Arbusto', NULL, NULL, 'Farnoldia Lichen', '3m', NULL, NULL, 15),
(124, NULL, NULL, 'CSS/img_flora/PianteErbacee/PiantaErbacea4.jpg', 'Estate', 'Pianta erbacea', NULL, NULL, NULL, NULL, 'Muilla S. Watson ex Benth.', 'Yellow', 29),
(125, NULL, NULL, 'CSS/img_flora/PianteErbacee/PiantaErbacea2.jpg', 'Estate', 'Pianta erbacea', NULL, NULL, NULL, NULL, 'Malus purpurea (A. Barbier) Rehder', 'Crimson', 25),
(126, 'CSS/img_flora/Alberi/albero4.jpg', NULL, NULL, 'Autunno', 'Albero', 'Boraginaceae', 'Mertensia ciliata (James ex Torr.) G. Don var. ciliata', NULL, NULL, NULL, NULL, 33),
(128, 'CSS/img_flora/Alberi/albero1.jpg', NULL, NULL, 'Inverno', 'Albero', 'Scrophulariaceae', 'Penstemon albidus Nutt.', NULL, NULL, NULL, NULL, 9),
(129, NULL, 'CSS/img_flora/Arbusti/arbusto4.jpg', NULL, 'Primavera', 'Arbusto', NULL, NULL, 'Prairie Ironweed', '1m', NULL, NULL, 4),
(130, 'CSS/img_flora/Alberi/albero5.jpg', NULL, NULL, 'Inverno', 'Albero', 'Amblystegiaceae', 'Calliergonella cuspidata (Hedw.) Loeske', NULL, NULL, NULL, NULL, 2),
(131, NULL, NULL, 'CSS/img_flora/PianteErbacee/PiantaErbacea5.jpg', 'Primavera', 'Pianta erbacea', NULL, NULL, NULL, NULL, 'Bromus secalinus L.', 'Crimson', 27),
(133, NULL, NULL, 'CSS/img_flora/PianteErbacee/PiantaErbacea3.jpg', 'Estate', 'Pianta erbacea', NULL, NULL, NULL, NULL, 'Balanites Delile', 'Turquoise', 33),
(134, NULL, 'CSS/img_flora/Arbusti/arbusto4.jpg', NULL, 'Inverno', 'Arbusto', NULL, NULL, 'Disc Lichen', '4m', NULL, NULL, 17),
(135, NULL, NULL, 'CSS/img_flora/PianteErbacee/PiantaErbacea1.jpg', 'Inverno', 'Pianta erbacea', NULL, NULL, NULL, NULL, 'Schaefferia frutescens Jacq.', 'Turquoise', 42),
(136, 'CSS/img_flora/Alberi/albero5.jpg', NULL, NULL, 'Inverno', 'Albero', 'Fagaceae', 'Quercus subfalcata Trel.', NULL, NULL, NULL, NULL, 31),
(137, NULL, NULL, 'CSS/img_flora/PianteErbacee/PiantaErbacea8.jpg', 'Estate', 'Pianta erbacea', NULL, NULL, NULL, NULL, 'Lopadium augustini (Tuck.) Zahlbr.', 'Blue', 10),
(138, 'CSS/img_flora/Alberi/albero1.jpg', NULL, NULL, 'Autunno', 'Albero', 'Asteraceae', 'Erigeron inornatus (A. Gray) A. Gray', NULL, NULL, NULL, NULL, 16),
(140, 'CSS/img_flora/Alberi/albero3.jpg', NULL, NULL, 'Autunno', 'Albero', 'Oleaceae', 'Syringa reticulata (Blume) H. Hara ssp. reticulata', NULL, NULL, NULL, NULL, 47),
(141, 'CSS/img_flora/Alberi/albero6.jpg', NULL, NULL, 'Estate', 'Albero', 'Asteraceae', 'Roldana Llave ex Lex.', NULL, NULL, NULL, NULL, 33),
(142, NULL, NULL, 'CSS/img_flora/PianteErbacee/PiantaErbacea2.jpg', 'Estate', 'Pianta erbacea', NULL, NULL, NULL, NULL, 'Nolina brittoniana Nash', 'Puce', 9),
(143, NULL, NULL, 'CSS/img_flora/PianteErbacee/PiantaErbacea9.jpg', 'Autunno', 'Pianta erbacea', NULL, NULL, NULL, NULL, 'Parmotrema rigidum (Lynge) Hale', 'Fuscia', 7),
(144, NULL, NULL, 'CSS/img_flora/PianteErbacee/PiantaErbacea6.jpg', 'Estate', 'Pianta erbacea', NULL, NULL, NULL, NULL, 'Eurybia spectabilis (Aiton) G.L. Nesom', 'Mauv', 38),
(145, NULL, NULL, 'CSS/img_flora/PianteErbacee/PiantaErbacea4.jpg', 'Inverno', 'Pianta erbacea', NULL, NULL, NULL, NULL, 'Croptilon rigidifolium (E.B. Sm.) E.B. Sm.', 'Violet', 2),
(146, 'CSS/img_flora/Alberi/albero6.jpg', NULL, NULL, 'Primavera', 'Albero', 'Parmeliaceae', 'Bryoria spiralifera Brodo & D. Hawksw.', NULL, NULL, NULL, NULL, 42),
(147, NULL, NULL, 'CSS/img_flora/PianteErbacee/PiantaErbacea3.jpg', 'Inverno', 'Pianta erbacea', NULL, NULL, NULL, NULL, 'Anthurium palmatum (L.) G. Don', 'Aquamarine', 2),
(148, NULL, NULL, 'CSS/img_flora/PianteErbacee/PiantaErbacea8.jpg', 'Inverno', 'Pianta erbacea', NULL, NULL, NULL, NULL, 'Aspicilia humboldtii (Lynge) J.W. Thomson', 'Green', 27),
(149, NULL, NULL, 'CSS/img_flora/PianteErbacee/PiantaErbacea1.jpg', 'Primavera', 'Pianta erbacea', NULL, NULL, NULL, NULL, 'Forsythia Vahl', 'Goldenrod', 9),
(150, NULL, 'CSS/img_flora/Arbusti/arbusto7.jpg', NULL, 'Inverno', 'Arbusto', NULL, NULL, 'Bottlebrush', '5m', NULL, NULL, 12),
(151, NULL, NULL, 'CSS/img_flora/PianteErbacee/PiantaErbacea4.jpg', 'Primavera', 'Pianta erbacea', NULL, NULL, NULL, NULL, 'Dalea carthagenensis (Jacq.) J.F. Macbr. var. carthagenensis', 'Teal', 38),
(152, NULL, 'CSS/img_flora/Arbusti/arbusto6.jpg', NULL, 'Primavera', 'Arbusto', NULL, NULL, 'Colusa Cryptantha', '1m', NULL, NULL, 38),
(153, 'CSS/img_flora/Alberi/albero5.jpg', NULL, NULL, 'Inverno', 'Albero', 'Hypnaceae', 'Isopterygiopsis alpicola (Lindb. ex Lindb. & Arnell) Hedens', NULL, NULL, NULL, NULL, 36),
(154, 'CSS/img_flora/Alberi/albero4.jpg', NULL, NULL, 'Inverno', 'Albero', 'Onagraceae', 'Oenothera villosa Thunb. ssp. strigosa (Rydb.) W. Dietr. & P.H. Raven', NULL, NULL, NULL, NULL, 24),
(156, NULL, NULL, 'CSS/img_flora/PianteErbacee/PiantaErbacea2.jpg', 'Estate', 'Pianta erbacea', NULL, NULL, NULL, NULL, 'Veronicastrum Heist. ex Fabr.', 'Red', 43),
(157, NULL, NULL, 'CSS/img_flora/PianteErbacee/PiantaErbacea6.jpg', 'Inverno', 'Pianta erbacea', NULL, NULL, NULL, NULL, 'Stigmaphyllon emarginatum (Cav.) A. Juss.', 'Khaki', 2),
(158, NULL, NULL, 'CSS/img_flora/PianteErbacee/PiantaErbacea4.jpg', 'Autunno', 'Pianta erbacea', NULL, NULL, NULL, NULL, 'Amberboa moschata (L.) DC.', 'Violet', 35),
(159, NULL, NULL, 'CSS/img_flora/PianteErbacee/PiantaErbacea1.jpg', 'Inverno', 'Pianta erbacea', NULL, NULL, NULL, NULL, 'Carlowrightia serpyllifolia A. Gray', 'Crimson', 23),
(160, NULL, NULL, 'CSS/img_flora/PianteErbacee/PiantaErbacea2.jpg', 'Autunno', 'Pianta erbacea', NULL, NULL, NULL, NULL, 'Sutherlandia R. Br.', 'Teal', 47),
(161, 'CSS/img_flora/Alberi/albero7.jpg', NULL, NULL, 'Autunno', 'Albero', 'Cryphaeaceae', 'Cryphaea glomerata Bruch & Schimp. ex Sull.', NULL, NULL, NULL, NULL, 48),
(162, 'CSS/img_flora/Alberi/albero3.jpg', NULL, NULL, 'Autunno', 'Albero', 'Asteraceae', 'Neurolaena lobata (L.) Cass.', NULL, NULL, NULL, NULL, 16),
(163, NULL, NULL, 'CSS/img_flora/PianteErbacee/PiantaErbacea1.jpg', 'Primavera', 'Pianta erbacea', NULL, NULL, NULL, NULL, 'Pterostegia drymarioides Fisch. & C.A. Mey.', 'Aquamarine', 35),
(164, NULL, 'CSS/img_flora/Arbusti/arbusto4.jpg', NULL, 'Estate', 'Arbusto', NULL, NULL, 'Houston Meadow-rue', '3m', NULL, NULL, 5),
(165, 'CSS/img_flora/Alberi/albero6.jpg', NULL, NULL, 'Primavera', 'Albero', 'Rosaceae', 'Adenostoma fasciculatum Hook. & Arn. var. obtusifolium S. Watson', NULL, NULL, NULL, NULL, 14),
(166, 'CSS/img_flora/Alberi/albero6.jpg', NULL, NULL, 'Inverno', 'Albero', 'Rhizocarpaceae', 'Rhizocarpon Ramond ex DC.', NULL, NULL, NULL, NULL, 1),
(167, NULL, 'CSS/img_flora/Arbusti/arbusto3.jpg', NULL, 'Estate', 'Arbusto', NULL, NULL, 'Texasfan', '5m', NULL, NULL, 22),
(168, 'CSS/img_flora/Alberi/albero6.jpg', NULL, NULL, 'Estate', 'Albero', 'Apiaceae', 'Thaspium Nutt.', NULL, NULL, NULL, NULL, 37),
(169, 'CSS/img_flora/Alberi/albero3.jpg', NULL, NULL, 'Autunno', 'Albero', 'Piperaceae', 'Peperomia eekana C. DC.', NULL, NULL, NULL, NULL, 50),
(170, NULL, NULL, 'CSS/img_flora/PianteErbacee/PiantaErbacea5.jpg', 'Primavera', 'Pianta erbacea', NULL, NULL, NULL, NULL, 'Crataegus maligna Sarg. (pro sp.)', 'Yellow', 49),
(171, NULL, 'CSS/img_flora/Arbusti/arbusto3.jpg', NULL, 'Estate', 'Arbusto', NULL, NULL, 'Matted Lichen', '1m', NULL, NULL, 26),
(172, NULL, NULL, 'CSS/img_flora/PianteErbacee/PiantaErbacea4.jpg', 'Inverno', 'Pianta erbacea', NULL, NULL, NULL, NULL, 'Hazardia squarrosa (Hook. & Arn.) Greene var. squarrosa', 'Mauv', 8),
(173, 'CSS/img_flora/Alberi/albero7.jpg', NULL, NULL, 'Estate', 'Albero', 'Scrophulariaceae', 'Diplacus fasciculatus (Pennell) McMinn', NULL, NULL, NULL, NULL, 35),
(175, NULL, NULL, 'CSS/img_flora/PianteErbacee/PiantaErbacea2.jpg', 'Autunno', 'Pianta erbacea', NULL, NULL, NULL, NULL, 'Combretum hereroense Schinz', 'Orange', 26),
(176, NULL, 'CSS/img_flora/Arbusti/arbusto7.jpg', NULL, 'Estate', 'Arbusto', NULL, NULL, 'Slender Sowthistle', '3m', NULL, NULL, 3),
(178, NULL, 'CSS/img_flora/Arbusti/arbusto7.jpg', NULL, 'Autunno', 'Arbusto', NULL, NULL, 'Falsegold Groundsel', '1m', NULL, NULL, 38),
(179, NULL, NULL, 'CSS/img_flora/PianteErbacee/PiantaErbacea4.jpg', 'Primavera', 'Pianta erbacea', NULL, NULL, NULL, NULL, 'Pritchardia hardyi Rock', 'Blue', 42),
(180, NULL, 'CSS/img_flora/Arbusti/arbusto5.jpg', NULL, 'Inverno', 'Arbusto', NULL, NULL, 'Aquilon', '5m', NULL, NULL, 38),
(181, NULL, NULL, 'CSS/img_flora/PianteErbacee/PiantaErbacea3.jpg', 'Inverno', 'Pianta erbacea', NULL, NULL, NULL, NULL, 'Cologania pulchella Kunth', 'Aquamarine', 26),
(182, NULL, NULL, 'CSS/img_flora/PianteErbacee/PiantaErbacea8.jpg', 'Estate', 'Pianta erbacea', NULL, NULL, NULL, NULL, 'Acanthomintha lanceolata Curran', 'Maroon', 38),
(184, NULL, 'CSS/img_flora/Arbusti/arbusto1.jpg', NULL, 'Estate', 'Arbusto', NULL, NULL, 'English Lavender', '3m', NULL, NULL, 48),
(185, NULL, 'CSS/img_flora/Arbusti/arbusto7.jpg', NULL, 'Primavera', 'Arbusto', NULL, NULL, 'Spoonleaf Rockcress', '2m', NULL, NULL, 15),
(186, 'CSS/img_flora/Alberi/albero6.jpg', NULL, NULL, 'Inverno', 'Albero', 'Menyanthaceae', 'Nephrophyllidium crista-galli (Menzies ex Hook.) Gilg', NULL, NULL, NULL, NULL, 36),
(187, NULL, 'CSS/img_flora/Arbusti/arbusto4.jpg', NULL, 'Estate', 'Arbusto', NULL, NULL, 'Diplotomma Lichen', '1m', NULL, NULL, 47),
(189, NULL, 'CSS/img_flora/Arbusti/arbusto5.jpg', NULL, 'Estate', 'Arbusto', NULL, NULL, 'Slashleaf Slipplejack', '4m', NULL, NULL, 11),
(191, NULL, 'CSS/img_flora/Arbusti/arbusto2.jpg', NULL, 'Inverno', 'Arbusto', NULL, NULL, 'Quill Beaksedge', '2m', NULL, NULL, 36),
(193, NULL, NULL, 'CSS/img_flora/PianteErbacee/PiantaErbacea1.jpg', 'Estate', 'Pianta erbacea', NULL, NULL, NULL, NULL, 'Jarava Ruiz & Pav.', 'Pink', 10),
(194, NULL, 'CSS/img_flora/Arbusti/arbusto2.jpg', NULL, 'Inverno', 'Arbusto', NULL, NULL, 'False Brome', '2m', NULL, NULL, 36),
(195, 'CSS/img_flora/Alberi/albero2.jpg', NULL, NULL, 'Inverno', 'Albero', 'Lamiaceae', 'Teucrium botrys L.', NULL, NULL, NULL, NULL, 49),
(196, NULL, 'CSS/img_flora/Arbusti/arbusto3.jpg', NULL, 'Autunno', 'Arbusto', NULL, NULL, 'Guatemalan Bird Of Paradise', '4m', NULL, NULL, 45),
(197, 'CSS/img_flora/Alberi/albero1.jpg', NULL, NULL, 'Estate', 'Albero', 'Poaceae', 'Panicum obtusum Kunth', NULL, NULL, NULL, NULL, 15),
(198, NULL, NULL, 'CSS/img_flora/PianteErbacee/PiantaErbacea10.jpg', 'Primavera', 'Pianta erbacea', NULL, NULL, NULL, NULL, 'Sagraea umbrosa (Sw.) DC.', 'Indigo', 6),
(199, NULL, 'CSS/img_flora/Arbusti/arbusto1.jpg', NULL, 'Estate', 'Arbusto', NULL, NULL, 'Franciscan Manzanita', '3m', NULL, NULL, 31),
(201, 'CSS/img_flora/Alberi/albero1.jpg', NULL, NULL, 'Estate', 'Albero', 'Roccellaceae', 'Dirina Fr.', NULL, NULL, NULL, NULL, 12),
(202, 'CSS/img_flora/Alberi/albero1.jpg', NULL, NULL, 'Primavera', 'Albero', 'Scrophulariaceae', 'Pedicularis lanceolata Michx.', NULL, NULL, NULL, NULL, 38),
(203, NULL, NULL, 'CSS/img_flora/PianteErbacee/PiantaErbacea10.jpg', 'Autunno', 'Pianta erbacea', NULL, NULL, NULL, NULL, 'Asplenium bradleyi D.C. Eaton', 'Orange', 38),
(204, NULL, 'CSS/img_flora/Arbusti/arbusto3.jpg', NULL, 'Autunno', 'Arbusto', NULL, NULL, 'Small Indian Breadroot', '5m', NULL, NULL, 30),
(205, NULL, 'CSS/img_flora/Arbusti/arbusto3.jpg', NULL, 'Primavera', 'Arbusto', NULL, NULL, 'Common Knotweed', '1m', NULL, NULL, 34),
(206, 'CSS/img_flora/Alberi/albero6.jpg', NULL, NULL, 'Autunno', 'Albero', 'Orchidaceae', 'Spiranthes porrifolia Lindl.', NULL, NULL, NULL, NULL, 7),
(207, NULL, NULL, 'CSS/img_flora/PianteErbacee/PiantaErbacea4.jpg', 'Primavera', 'Pianta erbacea', NULL, NULL, NULL, NULL, 'Andreaeobryum Steere & B.M. Murray', 'Indigo', 29),
(208, NULL, 'CSS/img_flora/Arbusti/arbusto1.jpg', NULL, 'Estate', 'Arbusto', NULL, NULL, 'Ridgestem False Foxglove', '2m', NULL, NULL, 16),
(209, NULL, NULL, 'CSS/img_flora/PianteErbacee/PiantaErbacea8.jpg', 'Primavera', 'Pianta erbacea', NULL, NULL, NULL, NULL, 'Allionia incarnata L.', 'Maroon', 41),
(210, NULL, NULL, 'CSS/img_flora/PianteErbacee/PiantaErbacea7.jpg', 'Primavera', 'Pianta erbacea', NULL, NULL, NULL, NULL, 'Sphagnum majus (Russow) C.E.O. Jensen', 'Aquamarine', 8),
(211, NULL, NULL, 'CSS/img_flora/PianteErbacee/PiantaErbacea4.jpg', 'Estate', 'Pianta erbacea', NULL, NULL, NULL, NULL, 'Erythronium citrinum S. Watson', 'Purple', 22),
(212, NULL, 'CSS/img_flora/Arbusti/arbusto1.jpg', NULL, 'Inverno', 'Arbusto', NULL, NULL, 'Armenian Poppy', '3m', NULL, NULL, 33),
(213, 'CSS/img_flora/Alberi/albero1.jpg', NULL, NULL, 'Inverno', 'Albero', 'Sphagnaceae', 'Sphagnum jensenii H. Lindb.', NULL, NULL, NULL, NULL, 9),
(214, 'CSS/img_flora/Alberi/albero1.jpg', NULL, NULL, 'Estate', 'Albero', 'Fabaceae', 'Lupinus agardhianus A. Heller', NULL, NULL, NULL, NULL, 11),
(215, 'CSS/img_flora/Alberi/albero5.jpg', NULL, NULL, 'Autunno', 'Albero', 'Grossulariaceae', 'Ribes americanum Mill.', NULL, NULL, NULL, NULL, 26),
(216, NULL, 'CSS/img_flora/Arbusti/arbusto1.jpg', NULL, 'Primavera', 'Arbusto', NULL, NULL, 'Loiseleuria', '2m', NULL, NULL, 11),
(217, NULL, NULL, 'CSS/img_flora/PianteErbacee/PiantaErbacea3.jpg', 'Primavera', 'Pianta erbacea', NULL, NULL, NULL, NULL, 'Calystegia sepium (L.) R. Br. ssp. erratica Brummitt', 'Goldenrod', 47),
(218, 'CSS/img_flora/Alberi/albero4.jpg', NULL, NULL, 'Primavera', 'Albero', 'Hydrophyllaceae', 'Phacelia eisenii Brandegee', NULL, NULL, NULL, NULL, 48),
(219, 'CSS/img_flora/Alberi/albero7.jpg', NULL, NULL, 'Estate', 'Albero', 'Iridaceae', 'Iris L.', NULL, NULL, NULL, NULL, 15),
(220, NULL, 'CSS/img_flora/Arbusti/arbusto1.jpg', NULL, 'Autunno', 'Arbusto', NULL, NULL, 'Rim Lichen', '1m', NULL, NULL, 40),
(221, NULL, NULL, 'CSS/img_flora/PianteErbacee/PiantaErbacea1.jpg', 'Estate', 'Pianta erbacea', NULL, NULL, NULL, NULL, 'Mansoa DC.', 'Puce', 42),
(222, NULL, 'CSS/img_flora/Arbusti/arbusto1.jpg', NULL, 'Primavera', 'Arbusto', NULL, NULL, 'Punctelia', '4m', NULL, NULL, 42),
(223, 'CSS/img_flora/Alberi/albero6.jpg', NULL, NULL, 'Estate', 'Albero', 'Moraceae', 'Artocarpus rigidus Blume', NULL, NULL, NULL, NULL, 15),
(225, NULL, 'CSS/img_flora/Arbusti/arbusto1.jpg', NULL, 'Primavera', 'Arbusto', NULL, NULL, 'Disk Lichen', '1m', NULL, NULL, 42),
(226, NULL, NULL, 'CSS/img_flora/PianteErbacee/PiantaErbacea3.jpg', 'Primavera', 'Pianta erbacea', NULL, NULL, NULL, NULL, 'Juncus oxymeris Engelm.', 'Yellow', 8),
(227, NULL, NULL, 'CSS/img_flora/PianteErbacee/PiantaErbacea1.jpg', 'Estate', 'Pianta erbacea', NULL, NULL, NULL, NULL, 'Tonella tenella (Benth.) A. Heller', 'Puce', 5),
(228, 'CSS/img_flora/Alberi/albero3.jpg', NULL, NULL, 'Primavera', 'Albero', 'Oxalidaceae', 'Oxalis eggersii Urb.', NULL, NULL, NULL, NULL, 5),
(229, 'CSS/img_flora/Alberi/albero6.jpg', NULL, NULL, 'Inverno', 'Albero', 'Dryopteridaceae', 'Elaphoglossum petiolatum (Sw.) Urb.', NULL, NULL, NULL, NULL, 13),
(230, NULL, 'CSS/img_flora/Arbusti/arbusto5.jpg', NULL, 'Primavera', 'Arbusto', NULL, NULL, 'Austrian Draba', '1m', NULL, NULL, 37),
(231, 'CSS/img_flora/Alberi/albero7.jpg', NULL, NULL, 'Inverno', 'Albero', 'Asteraceae', 'Hieracium canadense Michx.', NULL, NULL, NULL, NULL, 26),
(232, 'CSS/img_flora/Alberi/albero4.jpg', NULL, NULL, 'Inverno', 'Albero', 'Asteraceae', 'Machaeranthera bigelovii (A. Gray) Greene var. bigelovii', NULL, NULL, NULL, NULL, 36),
(233, NULL, 'CSS/img_flora/Arbusti/arbusto6.jpg', NULL, 'Inverno', 'Arbusto', NULL, NULL, 'Privetleaf Schiedea', '2m', NULL, NULL, 49),
(234, NULL, 'CSS/img_flora/Arbusti/arbusto3.jpg', NULL, 'Autunno', 'Arbusto', NULL, NULL, 'Barn Vetch', '3m', NULL, NULL, 35),
(235, NULL, NULL, 'CSS/img_flora/PianteErbacee/PiantaErbacea10.jpg', 'Estate', 'Pianta erbacea', NULL, NULL, NULL, NULL, 'Cetrelia chicitae (W.L. Culb.) W.L. Culb. & C.F. Culb.', 'Yellow', 17),
(236, NULL, NULL, 'CSS/img_flora/PianteErbacee/PiantaErbacea4.jpg', 'Inverno', 'Pianta erbacea', NULL, NULL, NULL, NULL, 'Galium hilendiae Dempster & Ehrend.', 'Green', 45),
(237, NULL, 'CSS/img_flora/Arbusti/arbusto2.jpg', NULL, 'Inverno', 'Arbusto', NULL, NULL, 'Monterey Spineflower', '5m', NULL, NULL, 12),
(238, 'CSS/img_flora/Alberi/albero1.jpg', NULL, NULL, 'Inverno', 'Albero', 'Rubiaceae', 'Diodia virginiana L. var. attenuata Fernald', NULL, NULL, NULL, NULL, 37),
(239, NULL, NULL, 'CSS/img_flora/PianteErbacee/PiantaErbacea3.jpg', 'Inverno', 'Pianta erbacea', NULL, NULL, NULL, NULL, 'Oxalis frutescens L. ssp. angustifolia (Kunth) Lourteig', 'Goldenrod', 6),
(240, NULL, 'CSS/img_flora/Arbusti/arbusto3.jpg', NULL, 'Primavera', 'Arbusto', NULL, NULL, 'Pineland Chaffhead', '4m', NULL, NULL, 10),
(243, 'CSS/img_flora/Alberi/albero4.jpg', NULL, NULL, 'Inverno', 'Albero', 'Fabaceae', 'Astragalus bernardinus M.E. Jones', NULL, NULL, NULL, NULL, 6),
(244, NULL, 'CSS/img_flora/Arbusti/arbusto3.jpg', NULL, 'Inverno', 'Arbusto', NULL, NULL, 'Cephalanthera', '4m', NULL, NULL, 36),
(245, NULL, 'CSS/img_flora/Arbusti/arbusto7.jpg', NULL, 'Autunno', 'Arbusto', NULL, NULL, 'Cryphaea Moss', '4m', NULL, NULL, 43),
(246, NULL, 'CSS/img_flora/Arbusti/arbusto2.jpg', NULL, 'Estate', 'Arbusto', NULL, NULL, 'Littlepod False Flax', '3m', NULL, NULL, 33),
(247, NULL, 'CSS/img_flora/Arbusti/arbusto5.jpg', NULL, 'Autunno', 'Arbusto', NULL, NULL, 'Leadwood', '2m', NULL, NULL, 30),
(248, NULL, 'CSS/img_flora/Arbusti/arbusto6.jpg', NULL, 'Autunno', 'Arbusto', NULL, NULL, 'British Columbia Wildginger', '1m', NULL, NULL, 14),
(249, 'CSS/img_flora/Alberi/albero6.jpg', NULL, NULL, 'Estate', 'Albero', 'Asteraceae', 'Perityle gilensis (M.E. Jones) J.F. Macbr. var. gilensis', NULL, NULL, NULL, NULL, 25),
(250, NULL, NULL, 'CSS/img_flora/PianteErbacee/PiantaErbacea8.jpg', 'Inverno', 'Pianta erbacea', NULL, NULL, NULL, NULL, 'Euphorbia floridana Chapm.', 'Indigo', 25),
(251, 'CSS/img_flora/Alberi/albero7.jpg', NULL, NULL, 'Autunno', 'Albero', 'Brassicaceae', 'Draba jaegeri Munz & I.M. Johnst.', NULL, NULL, NULL, NULL, 37),
(252, 'CSS/img_flora/Alberi/albero5.jpg', NULL, NULL, 'Estate', 'Albero', 'Fabaceae', 'Lupinus texensis Hook.', NULL, NULL, NULL, NULL, 24),
(253, NULL, 'CSS/img_flora/Arbusti/arbusto7.jpg', NULL, 'Primavera', 'Arbusto', NULL, NULL, 'Turpentine Wavewing', '1m', NULL, NULL, 22),
(254, 'CSS/img_flora/Alberi/albero6.jpg', NULL, NULL, 'Autunno', 'Albero', 'Lichinaceae', 'Pyrenopsis haemalella (Nyl.) Blomb. & Forss.', NULL, NULL, NULL, NULL, 15),
(255, 'CSS/img_flora/Alberi/albero5.jpg', NULL, NULL, 'Inverno', 'Albero', 'Lamiaceae', 'Scutellaria parvula Michx. var. australis Fassett', NULL, NULL, NULL, NULL, 11),
(256, NULL, NULL, 'CSS/img_flora/PianteErbacee/PiantaErbacea1.jpg', 'Autunno', 'Pianta erbacea', NULL, NULL, NULL, NULL, 'Podostemum ceratophyllum Michx.', 'Yellow', 2),
(257, NULL, NULL, 'CSS/img_flora/PianteErbacee/PiantaErbacea1.jpg', 'Autunno', 'Pianta erbacea', NULL, NULL, NULL, NULL, 'Eriogonum heermannii Durand & Hilg. var. humilius (S. Stokes) Reveal', 'Khaki', 17),
(258, NULL, NULL, 'CSS/img_flora/PianteErbacee/PiantaErbacea8.jpg', 'Primavera', 'Pianta erbacea', NULL, NULL, NULL, NULL, 'Simmondsia chinensis (Link) C.K. Schneid.', 'Turquoise', 1),
(259, 'CSS/img_flora/Alberi/albero7.jpg', NULL, NULL, 'Primavera', 'Albero', 'Fabaceae', 'Astragalus lentiginosus Douglas ex Hook. var. higginsii S.L. Welsh & Thorne', NULL, NULL, NULL, NULL, 41),
(260, NULL, 'CSS/img_flora/Arbusti/arbusto4.jpg', NULL, 'Autunno', 'Arbusto', NULL, NULL, 'Lanceleaf Springbeauty', '3m', NULL, NULL, 41),
(261, NULL, 'CSS/img_flora/Arbusti/arbusto1.jpg', NULL, 'Primavera', 'Arbusto', NULL, NULL, 'Streamside Bryum Moss', '1m', NULL, NULL, 11),
(262, NULL, 'CSS/img_flora/Arbusti/arbusto1.jpg', NULL, 'Inverno', 'Arbusto', NULL, NULL, 'Texas Snowbell', '5m', NULL, NULL, 16),
(263, NULL, NULL, 'CSS/img_flora/PianteErbacee/PiantaErbacea4.jpg', 'Inverno', 'Pianta erbacea', NULL, NULL, NULL, NULL, 'Astragalus humistratus A. Gray var. hosackiae (Greene) M.E. Jones', 'Teal', 21),
(264, 'CSS/img_flora/Alberi/albero7.jpg', NULL, NULL, 'Autunno', 'Albero', 'Anemiaceae', 'Anemia mexicana Klotzsch', NULL, NULL, NULL, NULL, 14),
(265, NULL, 'CSS/img_flora/Arbusti/arbusto1.jpg', NULL, 'Inverno', 'Arbusto', NULL, NULL, 'Cushion Buckwheat', '4m', NULL, NULL, 21),
(266, 'CSS/img_flora/Alberi/albero7.jpg', NULL, NULL, 'Inverno', 'Albero', 'Caprifoliaceae', 'Viburnum tinus L.', NULL, NULL, NULL, NULL, 26),
(267, NULL, NULL, 'CSS/img_flora/PianteErbacee/PiantaErbacea10.jpg', 'Inverno', 'Pianta erbacea', NULL, NULL, NULL, NULL, 'Physalis minima L.', 'Yellow', 9),
(268, NULL, 'CSS/img_flora/Arbusti/arbusto2.jpg', NULL, 'Primavera', 'Arbusto', NULL, NULL, 'Panamint Springparsley', '3m', NULL, NULL, 23),
(269, NULL, NULL, 'CSS/img_flora/PianteErbacee/PiantaErbacea6.jpg', 'Estate', 'Pianta erbacea', NULL, NULL, NULL, NULL, 'Rhynchospora macra (C.B. Clarke ex Britton) Small', 'Red', 30),
(270, NULL, NULL, 'CSS/img_flora/PianteErbacee/PiantaErbacea3.jpg', 'Inverno', 'Pianta erbacea', NULL, NULL, NULL, NULL, 'Dichanthelium cynodon (Reichardt) C.A. Clark & Gould', 'Violet', 44),
(271, NULL, 'CSS/img_flora/Arbusti/arbusto7.jpg', NULL, 'Estate', 'Arbusto', NULL, NULL, 'Laxflower', '1m', NULL, NULL, 47),
(272, NULL, NULL, 'CSS/img_flora/PianteErbacee/PiantaErbacea10.jpg', 'Primavera', 'Pianta erbacea', NULL, NULL, NULL, NULL, 'Grewia L.', 'Yellow', 24),
(274, NULL, NULL, 'CSS/img_flora/PianteErbacee/PiantaErbacea1.jpg', 'Estate', 'Pianta erbacea', NULL, NULL, NULL, NULL, 'Ageratum littorale A. Gray', 'Orange', 37),
(275, NULL, NULL, 'CSS/img_flora/PianteErbacee/PiantaErbacea9.jpg', 'Inverno', 'Pianta erbacea', NULL, NULL, NULL, NULL, 'Lupinus crassus Payson', 'Turquoise', 22),
(276, 'CSS/img_flora/Alberi/albero2.jpg', NULL, NULL, 'Primavera', 'Albero', 'Asclepiadaceae', 'Funastrum cynanchoides (Decne.) Schltr. ssp. heterophyllum (Engelm. ex Torr.) Kartesz', NULL, NULL, NULL, NULL, 1),
(277, NULL, 'CSS/img_flora/Arbusti/arbusto6.jpg', NULL, 'Autunno', 'Arbusto', NULL, NULL, 'Smallflower Gymnosteris', '3m', NULL, NULL, 8),
(280, 'CSS/img_flora/Alberi/albero6.jpg', NULL, NULL, 'Autunno', 'Albero', 'Rosaceae', 'Rubus hypolasius Fernald', NULL, NULL, NULL, NULL, 40),
(281, 'CSS/img_flora/Alberi/albero3.jpg', NULL, NULL, 'Estate', 'Albero', 'Onagraceae', 'Oenothera longissima Rydb.', NULL, NULL, NULL, NULL, 41),
(283, NULL, NULL, 'CSS/img_flora/PianteErbacee/PiantaErbacea9.jpg', 'Autunno', 'Pianta erbacea', NULL, NULL, NULL, NULL, 'Cardamine concatenata (Michx.) Sw.', 'Purple', 23),
(284, NULL, 'CSS/img_flora/Arbusti/arbusto5.jpg', NULL, 'Inverno', 'Arbusto', NULL, NULL, 'Valley Saltbush', '3m', NULL, NULL, 38),
(285, 'CSS/img_flora/Alberi/albero1.jpg', NULL, NULL, 'Estate', 'Albero', 'Orchidaceae', 'Eurystyles ananassocomos (Rchb. f.) Schltr.', NULL, NULL, NULL, NULL, 35),
(286, NULL, 'CSS/img_flora/Arbusti/arbusto3.jpg', NULL, 'Primavera', 'Arbusto', NULL, NULL, 'Loa Milkvetch', '2m', NULL, NULL, 47),
(287, 'CSS/img_flora/Alberi/albero3.jpg', NULL, NULL, 'Primavera', 'Albero', 'Erythroxylaceae', 'Erythroxylum urbanii O.E. Schulz', NULL, NULL, NULL, NULL, 15),
(288, 'CSS/img_flora/Alberi/albero3.jpg', NULL, NULL, 'Estate', 'Albero', 'Asteraceae', 'Eurybia merita (A. Nelson) G.L. Nesom', NULL, NULL, NULL, NULL, 30),
(289, NULL, 'CSS/img_flora/Arbusti/arbusto3.jpg', NULL, 'Autunno', 'Arbusto', NULL, NULL, 'Bur Oak', '5m', NULL, NULL, 17),
(290, 'CSS/img_flora/Alberi/albero3.jpg', NULL, NULL, 'Primavera', 'Albero', 'Asteraceae', 'Bidens bipinnata L.', NULL, NULL, NULL, NULL, 50),
(291, NULL, NULL, 'CSS/img_flora/PianteErbacee/PiantaErbacea6.jpg', 'Primavera', 'Pianta erbacea', NULL, NULL, NULL, NULL, 'Microseris nutans (Hook.) Sch. Bip.', 'Blue', 36),
(292, 'CSS/img_flora/Alberi/albero1.jpg', NULL, NULL, 'Primavera', 'Albero', 'Poaceae', 'Neostapfia Burtt Davy', NULL, NULL, NULL, NULL, 2),
(293, NULL, 'CSS/img_flora/Arbusti/arbusto5.jpg', NULL, 'Inverno', 'Arbusto', NULL, NULL, 'Tundragrass', '2m', NULL, NULL, 14),
(294, NULL, 'CSS/img_flora/Arbusti/arbusto6.jpg', NULL, 'Primavera', 'Arbusto', NULL, NULL, 'Carolina Primrose-willow', '5m', NULL, NULL, 11),
(295, 'CSS/img_flora/Alberi/albero1.jpg', NULL, NULL, 'Autunno', 'Albero', 'Scrophulariaceae', 'Synthyris pinnatifida S. Watson', NULL, NULL, NULL, NULL, 17),
(296, NULL, NULL, 'CSS/img_flora/PianteErbacee/PiantaErbacea2.jpg', 'Inverno', 'Pianta erbacea', NULL, NULL, NULL, NULL, 'Lupinus pusillus Pursh ssp. pusillus', 'Orange', 37),
(297, 'CSS/img_flora/Alberi/albero1.jpg', NULL, NULL, 'Inverno', 'Albero', 'Splachnaceae', 'Splachnum vasculosum Hedw. var. heterophyllum (Drumm.) Brass.', NULL, NULL, NULL, NULL, 35),
(298, 'CSS/img_flora/Alberi/albero7.jpg', NULL, NULL, 'Autunno', 'Albero', 'Asteraceae', 'Hieracium schultzii Fr.', NULL, NULL, NULL, NULL, 48),
(299, NULL, NULL, 'CSS/img_flora/PianteErbacee/PiantaErbacea9.jpg', 'Primavera', 'Pianta erbacea', NULL, NULL, NULL, NULL, 'Paraleptodontium Long', 'Purple', 49),
(300, 'CSS/img_flora/Alberi/albero3.jpg', NULL, NULL, 'Primavera', 'Albero', 'Fabaceae', 'Tephrosia Pers.', NULL, NULL, NULL, NULL, 37),
(301, NULL, 'CSS/img_flora/Arbusti/arbusto6.jpg', NULL, 'Inverno', 'Arbusto', NULL, NULL, 'Whiterim Yucca', '4m', NULL, NULL, 6),
(302, 'CSS/img_flora/Alberi/albero1.jpg', NULL, NULL, 'Inverno', 'Albero', 'Lamiaceae', 'Monarda fistulosa L.', NULL, NULL, NULL, NULL, 34),
(305, NULL, NULL, 'CSS/img_flora/PianteErbacee/PiantaErbacea9.jpg', 'Estate', 'Pianta erbacea', NULL, NULL, NULL, NULL, 'Solanum burbankii Bitter', 'Orange', 3),
(306, NULL, NULL, 'CSS/img_flora/PianteErbacee/PiantaErbacea6.jpg', 'Estate', 'Pianta erbacea', NULL, NULL, NULL, NULL, 'Helenium flexuosum Raf.', 'Maroon', 3),
(307, 'CSS/img_flora/Alberi/albero7.jpg', NULL, NULL, 'Inverno', 'Albero', 'Fabaceae', 'Thermopsis gracilis Howell var. ovata (B.L. Rob. ex Piper) M. Mendenhall', NULL, NULL, NULL, NULL, 34),
(308, NULL, NULL, 'CSS/img_flora/PianteErbacee/PiantaErbacea4.jpg', 'Estate', 'Pianta erbacea', NULL, NULL, NULL, NULL, 'Cyclachaena Fresen.', 'Goldenrod', 8),
(309, 'CSS/img_flora/Alberi/albero7.jpg', NULL, NULL, 'Estate', 'Albero', 'Asteraceae', 'Cirsium nuttallii DC.', NULL, NULL, NULL, NULL, 47),
(310, 'CSS/img_flora/Alberi/albero5.jpg', NULL, NULL, 'Primavera', 'Albero', 'Rosaceae', 'Spiraea subcanescens Rydb. (pro sp.)', NULL, NULL, NULL, NULL, 31),
(311, NULL, 'CSS/img_flora/Arbusti/arbusto1.jpg', NULL, 'Autunno', 'Arbusto', NULL, NULL, 'Showy Dawnflower', '1m', NULL, NULL, 2),
(313, NULL, NULL, 'CSS/img_flora/PianteErbacee/PiantaErbacea5.jpg', 'Primavera', 'Pianta erbacea', NULL, NULL, NULL, NULL, 'Plumeria alba L.', 'Red', 14),
(314, NULL, NULL, 'CSS/img_flora/PianteErbacee/PiantaErbacea4.jpg', 'Autunno', 'Pianta erbacea', NULL, NULL, NULL, NULL, 'Laportea interrupta (L.) Chew', 'Pink', 13),
(315, 'CSS/img_flora/Alberi/albero6.jpg', NULL, NULL, 'Inverno', 'Albero', 'Rubiaceae', 'Coffea canephora Pierre ex Froehner', NULL, NULL, NULL, NULL, 8),
(316, NULL, NULL, 'CSS/img_flora/PianteErbacee/PiantaErbacea10.jpg', 'Autunno', 'Pianta erbacea', NULL, NULL, NULL, NULL, 'Salix scouleriana Barratt ex Hook.', 'Goldenrod', 12),
(317, 'CSS/img_flora/Alberi/albero3.jpg', NULL, NULL, 'Estate', 'Albero', 'Arthoniaceae', 'Arthonia cupressina Tuck.', NULL, NULL, NULL, NULL, 43),
(319, 'CSS/img_flora/Alberi/albero5.jpg', NULL, NULL, 'Estate', 'Albero', 'Parmeliaceae', 'Neofuscelia chiricahuensis (R. Anderson & W.A. Weber) Essl.', NULL, NULL, NULL, NULL, 15),
(320, NULL, NULL, 'CSS/img_flora/PianteErbacee/PiantaErbacea6.jpg', 'Primavera', 'Pianta erbacea', NULL, NULL, NULL, NULL, 'Malus coronaria (L.) Mill.', 'Maroon', 6),
(321, NULL, 'CSS/img_flora/Arbusti/arbusto1.jpg', NULL, 'Autunno', 'Arbusto', NULL, NULL, 'Dwarf Spikemoss', '3m', NULL, NULL, 46),
(322, NULL, NULL, 'CSS/img_flora/PianteErbacee/PiantaErbacea3.jpg', 'Estate', 'Pianta erbacea', NULL, NULL, NULL, NULL, 'Eurybia wasatchensis (M.E. Jones) G.L. Nesom', 'Red', 26),
(323, 'CSS/img_flora/Alberi/albero5.jpg', NULL, NULL, 'Estate', 'Albero', 'Potamogetonaceae', 'Potamogeton foliosus Raf. ssp. fibrillosus (Fernald) Haynes & C.B. Hellquist', NULL, NULL, NULL, NULL, 43),
(324, NULL, NULL, 'CSS/img_flora/PianteErbacee/PiantaErbacea9.jpg', 'Primavera', 'Pianta erbacea', NULL, NULL, NULL, NULL, 'Parochetus communis Buch.-Ham. ex D. Don', 'Khaki', 42),
(325, NULL, NULL, 'CSS/img_flora/PianteErbacee/PiantaErbacea8.jpg', 'Primavera', 'Pianta erbacea', NULL, NULL, NULL, NULL, 'Krameria lanceolata Torr.', 'Pink', 8),
(326, NULL, NULL, 'CSS/img_flora/PianteErbacee/PiantaErbacea3.jpg', 'Inverno', 'Pianta erbacea', NULL, NULL, NULL, NULL, 'Urochloa plantaginea (Link) R. Webster', 'Crimson', 5),
(327, NULL, 'CSS/img_flora/Arbusti/arbusto3.jpg', NULL, 'Autunno', 'Arbusto', NULL, NULL, 'Green Sotol', '4m', NULL, NULL, 30),
(328, NULL, NULL, 'CSS/img_flora/PianteErbacee/PiantaErbacea10.jpg', 'Estate', 'Pianta erbacea', NULL, NULL, NULL, NULL, 'Bixa L.', 'Goldenrod', 29),
(329, 'CSS/img_flora/Alberi/albero5.jpg', NULL, NULL, 'Primavera', 'Albero', 'Physciaceae', 'Buellia jugorum (Arnold) Arnold', NULL, NULL, NULL, NULL, 22),
(330, NULL, NULL, 'CSS/img_flora/PianteErbacee/PiantaErbacea10.jpg', 'Inverno', 'Pianta erbacea', NULL, NULL, NULL, NULL, 'Sophora tomentosa L. var. occidentalis (L.) Isely', 'Violet', 16),
(331, 'CSS/img_flora/Alberi/albero5.jpg', NULL, NULL, 'Estate', 'Albero', 'Caryophyllaceae', 'Paronychia wilkinsonii S. Watson', NULL, NULL, NULL, NULL, 25),
(332, 'CSS/img_flora/Alberi/albero2.jpg', NULL, NULL, 'Primavera', 'Albero', 'Rosaceae', 'Geum aurantiacum Fr.', NULL, NULL, NULL, NULL, 25),
(333, NULL, 'CSS/img_flora/Arbusti/arbusto7.jpg', NULL, 'Autunno', 'Arbusto', NULL, NULL, 'Plain Gentian', '1m', NULL, NULL, 22),
(334, 'CSS/img_flora/Alberi/albero6.jpg', NULL, NULL, 'Estate', 'Albero', 'Lichinaceae', 'Ephebe solida Bornet', NULL, NULL, NULL, NULL, 5),
(336, NULL, NULL, 'CSS/img_flora/PianteErbacee/PiantaErbacea5.jpg', 'Estate', 'Pianta erbacea', NULL, NULL, NULL, NULL, 'Echinochloa pyramidalis (Lam.) Hitchc. & Chase', 'Puce', 47),
(338, 'CSS/img_flora/Alberi/albero3.jpg', NULL, NULL, 'Estate', 'Albero', 'Polypodiaceae', 'Polypodium saximontanum Windham', NULL, NULL, NULL, NULL, 7),
(339, NULL, 'CSS/img_flora/Arbusti/arbusto5.jpg', NULL, 'Autunno', 'Arbusto', NULL, NULL, 'Dot Lichen', '4m', NULL, NULL, 18),
(340, NULL, NULL, 'CSS/img_flora/PianteErbacee/PiantaErbacea10.jpg', 'Primavera', 'Pianta erbacea', NULL, NULL, NULL, NULL, 'Piper amalago L.', 'Maroon', 25),
(341, 'CSS/img_flora/Alberi/albero6.jpg', NULL, NULL, 'Estate', 'Albero', 'Brassicaceae', 'Erysimum menziesii (Hook.) Wettst. ssp. concinnum (Eastw.) R.A. Price', NULL, NULL, NULL, NULL, 47),
(342, NULL, NULL, 'CSS/img_flora/PianteErbacee/PiantaErbacea1.jpg', 'Autunno', 'Pianta erbacea', NULL, NULL, NULL, NULL, 'Sicyos L.', 'Teal', 27),
(343, 'CSS/img_flora/Alberi/albero5.jpg', NULL, NULL, 'Inverno', 'Albero', 'Asteraceae', 'Rudbeckia laciniata L. var. digitata (Mill.) Fiori', NULL, NULL, NULL, NULL, 42),
(344, 'CSS/img_flora/Alberi/albero6.jpg', NULL, NULL, 'Primavera', 'Albero', 'Asteraceae', 'Erigeron lonchophyllus Hook.', NULL, NULL, NULL, NULL, 30),
(345, NULL, NULL, 'CSS/img_flora/PianteErbacee/PiantaErbacea8.jpg', 'Autunno', 'Pianta erbacea', NULL, NULL, NULL, NULL, 'Plumeria L.', 'Orange', 18),
(346, NULL, 'CSS/img_flora/Arbusti/arbusto3.jpg', NULL, 'Inverno', 'Arbusto', NULL, NULL, 'Spikerush', '4m', NULL, NULL, 30),
(347, NULL, NULL, 'CSS/img_flora/PianteErbacee/PiantaErbacea6.jpg', 'Autunno', 'Pianta erbacea', NULL, NULL, NULL, NULL, 'Endocarpon Hedwig', 'Maroon', 18),
(348, NULL, NULL, 'CSS/img_flora/PianteErbacee/PiantaErbacea1.jpg', 'Estate', 'Pianta erbacea', NULL, NULL, NULL, NULL, 'Cardamine californica (Nutt.) Greene var. cardiophylla (Greene) Rollins', 'Red', 44),
(349, NULL, NULL, 'CSS/img_flora/PianteErbacee/PiantaErbacea2.jpg', 'Primavera', 'Pianta erbacea', NULL, NULL, NULL, NULL, 'Symphytum uplandicum Nyman (pro sp.)', 'Maroon', 15),
(350, NULL, NULL, 'CSS/img_flora/PianteErbacee/PiantaErbacea2.jpg', 'Primavera', 'Pianta erbacea', NULL, NULL, NULL, NULL, 'Acacia elata A. Cunn. ex Benth.', 'Pink', 42),
(351, 'CSS/img_flora/Alberi/albero5.jpg', NULL, NULL, 'Estate', 'Albero', 'Acanthaceae', 'Stenandrium barbatum Torr. & A. Gray', NULL, NULL, NULL, NULL, 10),
(353, NULL, 'CSS/img_flora/Arbusti/arbusto4.jpg', NULL, 'Autunno', 'Arbusto', NULL, NULL, 'Dicranella Moss', '2m', NULL, NULL, 24),
(354, NULL, NULL, 'CSS/img_flora/PianteErbacee/PiantaErbacea10.jpg', 'Autunno', 'Pianta erbacea', NULL, NULL, NULL, NULL, 'Linanthus demissus (A. Gray) Greene', 'Goldenrod', 30);
INSERT INTO `flora` (`IdFlora`, `path_immagine_albero`, `path_immagine_arbusto`, `path_immagine_PiantaErbacea`, `Stagione_fioritura`, `Categoria`, `GenereAlbero`, `TipoFoglie`, `SpecieArbusto`, `DimensioneArbusto`, `ClassificazionePianteErbacee`, `ColorePianteErbacee`, `fk_IdParco`) VALUES
(355, NULL, 'CSS/img_flora/Arbusti/arbusto1.jpg', NULL, 'Estate', 'Arbusto', NULL, NULL, 'Giant Forget-me-not', '2m', NULL, NULL, 12),
(357, NULL, 'CSS/img_flora/Arbusti/arbusto7.jpg', NULL, 'Inverno', 'Arbusto', NULL, NULL, 'Arrowleaf Tearthumb', '5m', NULL, NULL, 16),
(358, NULL, NULL, 'CSS/img_flora/PianteErbacee/PiantaErbacea4.jpg', 'Estate', 'Pianta erbacea', NULL, NULL, NULL, NULL, 'Pyrrocoma liatriformis Greene', 'Purple', 30),
(359, 'CSS/img_flora/Alberi/albero4.jpg', NULL, NULL, 'Estate', 'Albero', 'Asteraceae', 'Stephanomeria exigua Nutt. ssp. macrocarpa Gottlieb', NULL, NULL, NULL, NULL, 3),
(360, 'CSS/img_flora/Alberi/albero6.jpg', NULL, NULL, 'Autunno', 'Albero', 'Bryaceae', 'Bryum capillare Hedw. var. barbatum (C.E.O. Jensen) Podp.', NULL, NULL, NULL, NULL, 2),
(361, NULL, 'CSS/img_flora/Arbusti/arbusto5.jpg', NULL, 'Primavera', 'Arbusto', NULL, NULL, 'Wenatchee Desertparsley', '5m', NULL, NULL, 6),
(362, NULL, 'CSS/img_flora/Arbusti/arbusto7.jpg', NULL, 'Autunno', 'Arbusto', NULL, NULL, 'Arctic Marsh Sedge', '3m', NULL, NULL, 37),
(363, 'CSS/img_flora/Alberi/albero6.jpg', NULL, NULL, 'Autunno', 'Albero', 'Verrucariaceae', 'Dermatocarpon Eschw.', NULL, NULL, NULL, NULL, 37),
(364, NULL, NULL, 'CSS/img_flora/PianteErbacee/PiantaErbacea1.jpg', 'Estate', 'Pianta erbacea', NULL, NULL, NULL, NULL, 'Anthurium palmatum (L.) G. Don', 'Blue', 26),
(365, NULL, NULL, 'CSS/img_flora/PianteErbacee/PiantaErbacea10.jpg', 'Autunno', 'Pianta erbacea', NULL, NULL, NULL, NULL, 'Venturiella Mll. Hal.', 'Blue', 4),
(366, 'CSS/img_flora/Alberi/albero4.jpg', NULL, NULL, 'Autunno', 'Albero', 'Liliaceae', 'Calochortus westonii Eastw.', NULL, NULL, NULL, NULL, 6),
(367, NULL, 'CSS/img_flora/Arbusti/arbusto3.jpg', NULL, 'Estate', 'Arbusto', NULL, NULL, 'Jateorhiza', '5m', NULL, NULL, 32),
(368, 'CSS/img_flora/Alberi/albero3.jpg', NULL, NULL, 'Autunno', 'Albero', 'Chenopodiaceae', 'Chenopodium incanum (S. Watson) A. Heller', NULL, NULL, NULL, NULL, 12),
(369, NULL, 'CSS/img_flora/Arbusti/arbusto7.jpg', NULL, 'Estate', 'Arbusto', NULL, NULL, 'Zion Buckwheat', '2m', NULL, NULL, 33),
(370, NULL, 'CSS/img_flora/Arbusti/arbusto5.jpg', NULL, 'Autunno', 'Arbusto', NULL, NULL, 'Ophrys', '3m', NULL, NULL, 48),
(371, 'CSS/img_flora/Alberi/albero3.jpg', NULL, NULL, 'Inverno', 'Albero', 'Thelotremataceae', 'Thelotrema platycarpum Tuck.', NULL, NULL, NULL, NULL, 36),
(372, 'CSS/img_flora/Alberi/albero7.jpg', NULL, NULL, 'Autunno', 'Albero', 'Hippocrateaceae', 'Hippocratea L.', NULL, NULL, NULL, NULL, 16),
(373, 'CSS/img_flora/Alberi/albero4.jpg', NULL, NULL, 'Primavera', 'Albero', 'Salicaceae', 'Salix laurentiana Fernald (pro sp.)', NULL, NULL, NULL, NULL, 41),
(375, NULL, NULL, 'CSS/img_flora/PianteErbacee/PiantaErbacea4.jpg', 'Autunno', 'Pianta erbacea', NULL, NULL, NULL, NULL, 'Herniaria L.', 'Purple', 41),
(376, 'CSS/img_flora/Alberi/albero5.jpg', NULL, NULL, 'Estate', 'Albero', 'Lythraceae', 'Lythrum ovalifolium Koehne', NULL, NULL, NULL, NULL, 11),
(377, NULL, NULL, 'CSS/img_flora/PianteErbacee/PiantaErbacea1.jpg', 'Autunno', 'Pianta erbacea', NULL, NULL, NULL, NULL, 'Symphyotrichum puniceum (L.) . Lve & D. Lve var. puniceum', 'Yellow', 46),
(378, 'CSS/img_flora/Alberi/albero1.jpg', NULL, NULL, 'Primavera', 'Albero', 'Cymodoceaceae', 'Cymodocea filiformis (Ktz.) Correll', NULL, NULL, NULL, NULL, 3),
(380, NULL, NULL, 'CSS/img_flora/PianteErbacee/PiantaErbacea3.jpg', 'Autunno', 'Pianta erbacea', NULL, NULL, NULL, NULL, 'Rhododendron carolinianum Rehder', 'Turquoise', 14),
(381, NULL, 'CSS/img_flora/Arbusti/arbusto1.jpg', NULL, 'Primavera', 'Arbusto', NULL, NULL, 'Alabama Blazing Star', '4m', NULL, NULL, 20),
(382, NULL, 'CSS/img_flora/Arbusti/arbusto7.jpg', NULL, 'Autunno', 'Arbusto', NULL, NULL, 'Green Caskfruit', '2m', NULL, NULL, 27),
(383, NULL, NULL, 'CSS/img_flora/PianteErbacee/PiantaErbacea2.jpg', 'Estate', 'Pianta erbacea', NULL, NULL, NULL, NULL, 'Sibara viereckii (O.E. Schultz) Rollins', 'Crimson', 4),
(384, 'CSS/img_flora/Alberi/albero5.jpg', NULL, NULL, 'Estate', 'Albero', 'Lecideaceae', 'Lecidea ementiens Nyl.', NULL, NULL, NULL, NULL, 37),
(385, 'CSS/img_flora/Alberi/albero5.jpg', NULL, NULL, 'Autunno', 'Albero', 'Cyperaceae', 'Scleria purdiei C.B. Clarke [excluded]', NULL, NULL, NULL, NULL, 24),
(386, 'CSS/img_flora/Alberi/albero2.jpg', NULL, NULL, 'Estate', 'Albero', 'Leskeaceae', 'Pseudoleskea julacea (Besch. & Cardot) H.A. Crum, Steere & L.E. Anderson', NULL, NULL, NULL, NULL, 34),
(387, NULL, 'CSS/img_flora/Arbusti/arbusto7.jpg', NULL, 'Autunno', 'Arbusto', NULL, NULL, 'Broomsedge Bluestem', '5m', NULL, NULL, 40),
(388, NULL, NULL, 'CSS/img_flora/PianteErbacee/PiantaErbacea1.jpg', 'Inverno', 'Pianta erbacea', NULL, NULL, NULL, NULL, 'Malva sylvestris L.', 'Crimson', 37),
(389, 'CSS/img_flora/Alberi/albero7.jpg', NULL, NULL, 'Autunno', 'Albero', 'Portulacaceae', 'Lewisia whiteae Purdy', NULL, NULL, NULL, NULL, 29),
(390, NULL, NULL, 'CSS/img_flora/PianteErbacee/PiantaErbacea8.jpg', 'Estate', 'Pianta erbacea', NULL, NULL, NULL, NULL, 'Platygyrium Schimp.', 'Orange', 21),
(392, NULL, NULL, 'CSS/img_flora/PianteErbacee/PiantaErbacea4.jpg', 'Estate', 'Pianta erbacea', NULL, NULL, NULL, NULL, 'Lecidea tessellata Flrke var. caesia (Anzi) Arnold', 'Goldenrod', 23),
(393, 'CSS/img_flora/Alberi/albero5.jpg', NULL, NULL, 'Primavera', 'Albero', 'Lecanoraceae', 'Miriquidica intrudens (H. Magn.) Hertel & Rambold', NULL, NULL, NULL, NULL, 36),
(394, 'CSS/img_flora/Alberi/albero1.jpg', NULL, NULL, 'Inverno', 'Albero', 'Fabaceae', 'Parkia R. Br.', NULL, NULL, NULL, NULL, 12),
(395, NULL, NULL, 'CSS/img_flora/PianteErbacee/PiantaErbacea3.jpg', 'Inverno', 'Pianta erbacea', NULL, NULL, NULL, NULL, 'Caloplaca intermedia (de Lesd.) Zahlbr.', 'Mauv', 43),
(396, NULL, NULL, 'CSS/img_flora/PianteErbacee/PiantaErbacea2.jpg', 'Primavera', 'Pianta erbacea', NULL, NULL, NULL, NULL, 'Lepidium ramosissimum A. Nelson var. bourgeauanum (Thell.) Rollins', 'Goldenrod', 46),
(397, NULL, NULL, 'CSS/img_flora/PianteErbacee/PiantaErbacea9.jpg', 'Inverno', 'Pianta erbacea', NULL, NULL, NULL, NULL, 'Rhynchospora odorata C. Wright ex Griseb.', 'Yellow', 17),
(398, NULL, 'CSS/img_flora/Arbusti/arbusto7.jpg', NULL, 'Inverno', 'Arbusto', NULL, NULL, 'Phaeorrhiza Lichen', '5m', NULL, NULL, 44),
(399, NULL, NULL, 'CSS/img_flora/PianteErbacee/PiantaErbacea5.jpg', 'Primavera', 'Pianta erbacea', NULL, NULL, NULL, NULL, 'Pteridium aquilinum (L.) Kuhn var. pubescens Underw.', 'Blue', 45),
(400, NULL, NULL, 'CSS/img_flora/PianteErbacee/PiantaErbacea1.jpg', 'Estate', 'Pianta erbacea', NULL, NULL, NULL, NULL, 'Notholaena californica D.C. Eaton', 'Red', 15),
(401, 'CSS/img_flora/Alberi/albero7.jpg', NULL, NULL, 'Inverno', 'Albero', 'Limnanthaceae', 'Limnanthes pumila Howell', NULL, NULL, NULL, NULL, 41),
(402, NULL, 'CSS/img_flora/Arbusti/arbusto4.jpg', NULL, 'Inverno', 'Arbusto', NULL, NULL, 'Strigose Beard Lichen', '2m', NULL, NULL, 14),
(403, 'CSS/img_flora/Alberi/albero7.jpg', NULL, NULL, 'Primavera', 'Albero', 'Asteraceae', 'Bidens alba (L.) DC.', NULL, NULL, NULL, NULL, 22),
(404, NULL, 'CSS/img_flora/Arbusti/arbusto3.jpg', NULL, 'Autunno', 'Arbusto', NULL, NULL, 'Seashore Dropseed', '1m', NULL, NULL, 50),
(405, NULL, 'CSS/img_flora/Arbusti/arbusto7.jpg', NULL, 'Primavera', 'Arbusto', NULL, NULL, 'Gracilariopsis', '1m', NULL, NULL, 50),
(407, 'CSS/img_flora/Alberi/albero7.jpg', NULL, NULL, 'Estate', 'Albero', 'Helodiaceae', 'Helodium blandowii (F. Weber & D. Mohr) Warnst.', NULL, NULL, NULL, NULL, 18),
(408, NULL, 'CSS/img_flora/Arbusti/arbusto1.jpg', NULL, 'Inverno', 'Arbusto', NULL, NULL, 'Lovegrass', '5m', NULL, NULL, 36),
(409, NULL, NULL, 'CSS/img_flora/PianteErbacee/PiantaErbacea8.jpg', 'Primavera', 'Pianta erbacea', NULL, NULL, NULL, NULL, 'Lolium temulentum L. ssp. temulentum', 'Indigo', 15),
(410, NULL, NULL, 'CSS/img_flora/PianteErbacee/PiantaErbacea9.jpg', 'Primavera', 'Pianta erbacea', NULL, NULL, NULL, NULL, 'Syngonium podophyllum Schott', 'Blue', 20),
(411, NULL, NULL, 'CSS/img_flora/PianteErbacee/PiantaErbacea6.jpg', 'Inverno', 'Pianta erbacea', NULL, NULL, NULL, NULL, 'Sphaeralcea fendleri A. Gray ssp. venusta Kearney', 'Mauv', 17),
(412, NULL, NULL, 'CSS/img_flora/PianteErbacee/PiantaErbacea5.jpg', 'Primavera', 'Pianta erbacea', NULL, NULL, NULL, NULL, 'Monardella hypoleuca A. Gray ssp. lanata (Abrams) Munz', 'Khaki', 14),
(413, 'CSS/img_flora/Alberi/albero7.jpg', NULL, NULL, 'Estate', 'Albero', 'Rosaceae', 'Prinsepia sinensis (Oliv.) Oliv. ex Bean', NULL, NULL, NULL, NULL, 11),
(414, 'CSS/img_flora/Alberi/albero5.jpg', NULL, NULL, 'Primavera', 'Albero', 'Asteraceae', 'Carphephorus paniculatus (J.F. Gmel.) Herb.', NULL, NULL, NULL, NULL, 30),
(415, NULL, 'CSS/img_flora/Arbusti/arbusto3.jpg', NULL, 'Autunno', 'Arbusto', NULL, NULL, 'Slender Flatsedge', '3m', NULL, NULL, 37),
(416, NULL, NULL, 'CSS/img_flora/PianteErbacee/PiantaErbacea6.jpg', 'Estate', 'Pianta erbacea', NULL, NULL, NULL, NULL, 'Desmodium humifusum (Muhl. ex Bigelow) Beck', 'Fuscia', 27),
(417, 'CSS/img_flora/Alberi/albero5.jpg', NULL, NULL, 'Autunno', 'Albero', 'Brassicaceae', 'Streptanthus breweri A. Gray', NULL, NULL, NULL, NULL, 24),
(418, NULL, NULL, 'CSS/img_flora/PianteErbacee/PiantaErbacea3.jpg', 'Autunno', 'Pianta erbacea', NULL, NULL, NULL, NULL, 'Monolopia lanceolata Nutt.', 'Puce', 2),
(419, NULL, NULL, 'CSS/img_flora/PianteErbacee/PiantaErbacea3.jpg', 'Autunno', 'Pianta erbacea', NULL, NULL, NULL, NULL, 'Ipomopsis Michx.', 'Blue', 2),
(420, 'CSS/img_flora/Alberi/albero1.jpg', NULL, NULL, 'Estate', 'Albero', 'Juncaceae', 'Juncus arcticus Willd. ssp. alaskanus Hultn', NULL, NULL, NULL, NULL, 14),
(422, NULL, NULL, 'CSS/img_flora/PianteErbacee/PiantaErbacea5.jpg', 'Primavera', 'Pianta erbacea', NULL, NULL, NULL, NULL, 'Quercus rubra L.', 'Green', 6),
(423, NULL, NULL, 'CSS/img_flora/PianteErbacee/PiantaErbacea5.jpg', 'Inverno', 'Pianta erbacea', NULL, NULL, NULL, NULL, 'Oxytropis campestris (L.) DC. var. chartacea (Fassett) Barneby', 'Aquamarine', 50),
(424, 'CSS/img_flora/Alberi/albero5.jpg', NULL, NULL, 'Estate', 'Albero', 'Asteraceae', 'Isocoma menziesii (Hook. & Arn.) G.L. Nesom', NULL, NULL, NULL, NULL, 34),
(425, 'CSS/img_flora/Alberi/albero4.jpg', NULL, NULL, 'Autunno', 'Albero', 'Betulaceae', 'Alnus oblongifolia Torr.', NULL, NULL, NULL, NULL, 18),
(426, NULL, 'CSS/img_flora/Arbusti/arbusto5.jpg', NULL, 'Estate', 'Arbusto', NULL, NULL, 'Maui Nehe', '5m', NULL, NULL, 30),
(428, NULL, NULL, 'CSS/img_flora/PianteErbacee/PiantaErbacea2.jpg', 'Autunno', 'Pianta erbacea', NULL, NULL, NULL, NULL, 'Bouteloua curtipendula (Michx.) Torr.', 'Maroon', 20),
(429, 'CSS/img_flora/Alberi/albero3.jpg', NULL, NULL, 'Primavera', 'Albero', 'Bignoniaceae', 'Distictis lactiflora (Vahl) DC.', NULL, NULL, NULL, NULL, 24),
(430, NULL, 'CSS/img_flora/Arbusti/arbusto1.jpg', NULL, 'Primavera', 'Arbusto', NULL, NULL, 'Fatpork', '4m', NULL, NULL, 18),
(431, NULL, 'CSS/img_flora/Arbusti/arbusto6.jpg', NULL, 'Estate', 'Arbusto', NULL, NULL, 'Wild Sisal', '2m', NULL, NULL, 5),
(432, NULL, 'CSS/img_flora/Arbusti/arbusto4.jpg', NULL, 'Primavera', 'Arbusto', NULL, NULL, 'Florida Wild Indigo', '1m', NULL, NULL, 16),
(433, NULL, NULL, 'CSS/img_flora/PianteErbacee/PiantaErbacea6.jpg', 'Primavera', 'Pianta erbacea', NULL, NULL, NULL, NULL, 'Bromus diandrus Roth', 'Purple', 9),
(434, 'CSS/img_flora/Alberi/albero1.jpg', NULL, NULL, 'Primavera', 'Albero', 'Opegraphaceae', 'Opegrapha calcarea Turner ex Sm. & Sowerby', NULL, NULL, NULL, NULL, 14),
(436, 'CSS/img_flora/Alberi/albero5.jpg', NULL, NULL, 'Estate', 'Albero', 'Myrtaceae', 'Eucalyptus perriniana F. Muell. ex Rodway', NULL, NULL, NULL, NULL, 43),
(437, NULL, NULL, 'CSS/img_flora/PianteErbacee/PiantaErbacea2.jpg', 'Inverno', 'Pianta erbacea', NULL, NULL, NULL, NULL, 'Capsicum baccatum L. var. baccatum', 'Red', 38),
(438, NULL, NULL, 'CSS/img_flora/PianteErbacee/PiantaErbacea7.jpg', 'Estate', 'Pianta erbacea', NULL, NULL, NULL, NULL, 'Parochetus communis Buch.-Ham. ex D. Don', 'Purple', 7),
(439, NULL, 'CSS/img_flora/Arbusti/arbusto7.jpg', NULL, 'Autunno', 'Arbusto', NULL, NULL, 'Edging Lobelia', '2m', NULL, NULL, 44),
(441, 'CSS/img_flora/Alberi/albero1.jpg', NULL, NULL, 'Estate', 'Albero', 'Poaceae', 'Puccinellia distans (Jacq.) Parl. ssp. hauptiana (Trin. ex Krecz.) W.E. Hughes', NULL, NULL, NULL, NULL, 10),
(442, NULL, 'CSS/img_flora/Arbusti/arbusto7.jpg', NULL, 'Estate', 'Arbusto', NULL, NULL, 'Esslingeriana Lichen', '4m', NULL, NULL, 31),
(443, NULL, NULL, 'CSS/img_flora/PianteErbacee/PiantaErbacea8.jpg', 'Autunno', 'Pianta erbacea', NULL, NULL, NULL, NULL, 'Eupatorium rotundifolium L. var. ovatum (Bigelow) Torr.', 'Green', 46),
(445, NULL, NULL, 'CSS/img_flora/PianteErbacee/PiantaErbacea6.jpg', 'Autunno', 'Pianta erbacea', NULL, NULL, NULL, NULL, 'Psychotria hawaiiensis (A. Gray) Fosberg var. scoriacea (Rock) Fosberg', 'Mauv', 4),
(447, 'CSS/img_flora/Alberi/albero1.jpg', NULL, NULL, 'Inverno', 'Albero', 'Lamiaceae', 'Monarda bradburiana Beck', NULL, NULL, NULL, NULL, 47),
(448, NULL, 'CSS/img_flora/Arbusti/arbusto3.jpg', NULL, 'Autunno', 'Arbusto', NULL, NULL, 'American Waterwort', '5m', NULL, NULL, 47),
(449, 'CSS/img_flora/Alberi/albero6.jpg', NULL, NULL, 'Inverno', 'Albero', 'Fabaceae', 'Oxytropis lambertii Pursh', NULL, NULL, NULL, NULL, 12),
(450, NULL, 'CSS/img_flora/Arbusti/arbusto3.jpg', NULL, 'Inverno', 'Arbusto', NULL, NULL, 'Speckled Alder', '4m', NULL, NULL, 26),
(451, NULL, 'CSS/img_flora/Arbusti/arbusto1.jpg', NULL, 'Autunno', 'Arbusto', NULL, NULL, 'Giant Taro', '5m', NULL, NULL, 43),
(453, 'CSS/img_flora/Alberi/albero7.jpg', NULL, NULL, 'Inverno', 'Albero', 'Nyctaginaceae', 'Mirabilis austrotexana B.L. Turner', NULL, NULL, NULL, NULL, 7),
(455, NULL, NULL, 'CSS/img_flora/PianteErbacee/PiantaErbacea9.jpg', 'Autunno', 'Pianta erbacea', NULL, NULL, NULL, NULL, 'Calystegia macrostegia (Greene) Brummitt ssp. amplissima Brummitt', 'Teal', 45),
(456, NULL, NULL, 'CSS/img_flora/PianteErbacee/PiantaErbacea9.jpg', 'Autunno', 'Pianta erbacea', NULL, NULL, NULL, NULL, 'Drosera linearis Goldie', 'Puce', 40),
(457, NULL, NULL, 'CSS/img_flora/PianteErbacee/PiantaErbacea9.jpg', 'Autunno', 'Pianta erbacea', NULL, NULL, NULL, NULL, 'Penstemon leonardii Rydb. var. patricus (N.H. Holmgren) Neese', 'Purple', 38),
(458, 'CSS/img_flora/Alberi/albero3.jpg', NULL, NULL, 'Inverno', 'Albero', 'Pedaliaceae', 'Proboscidea parviflora (Wooton) Wooton & Standl. ssp. parviflora var. hohokamiana Bretting', NULL, NULL, NULL, NULL, 45),
(459, NULL, 'CSS/img_flora/Arbusti/arbusto7.jpg', NULL, 'Inverno', 'Arbusto', NULL, NULL, 'Grimmia Dry Rock Moss', '2m', NULL, NULL, 49),
(460, 'CSS/img_flora/Alberi/albero6.jpg', NULL, NULL, 'Autunno', 'Albero', 'Asteraceae', 'Townsendia microcephala Dorn', NULL, NULL, NULL, NULL, 50),
(461, NULL, 'CSS/img_flora/Arbusti/arbusto4.jpg', NULL, 'Estate', 'Arbusto', NULL, NULL, 'Broadleaf Bluebells', '1m', NULL, NULL, 10),
(462, NULL, 'CSS/img_flora/Arbusti/arbusto5.jpg', NULL, 'Autunno', 'Arbusto', NULL, NULL, 'Cypresshead Groundcherry', '3m', NULL, NULL, 26),
(463, 'CSS/img_flora/Alberi/albero2.jpg', NULL, NULL, 'Estate', 'Albero', 'Poaceae', 'Achnatherum parishii (Vasey) Barkworth var. parishii', NULL, NULL, NULL, NULL, 33),
(464, NULL, 'CSS/img_flora/Arbusti/arbusto1.jpg', NULL, 'Autunno', 'Arbusto', NULL, NULL, 'Santa Cruz Island Suncup', '2m', NULL, NULL, 11),
(465, NULL, NULL, 'CSS/img_flora/PianteErbacee/PiantaErbacea5.jpg', 'Autunno', 'Pianta erbacea', NULL, NULL, NULL, NULL, 'Paspalum rupestre Trin.', 'Aquamarine', 27),
(466, NULL, NULL, 'CSS/img_flora/PianteErbacee/PiantaErbacea8.jpg', 'Primavera', 'Pianta erbacea', NULL, NULL, NULL, NULL, 'Marshallia graminifolia (Walter) Small', 'Yellow', 33),
(467, 'CSS/img_flora/Alberi/albero5.jpg', NULL, NULL, 'Inverno', 'Albero', 'Cercidiphyllaceae', 'Cercidiphyllum japonicum Siebold & Zucc.', NULL, NULL, NULL, NULL, 48),
(468, 'CSS/img_flora/Alberi/albero4.jpg', NULL, NULL, 'Primavera', 'Albero', 'Myrtaceae', 'Eucalyptus megacarpa F. Muell.', NULL, NULL, NULL, NULL, 37),
(469, 'CSS/img_flora/Alberi/albero3.jpg', NULL, NULL, 'Primavera', 'Albero', 'Fabaceae', 'Lupinus saxosus Howell var. saxosus', NULL, NULL, NULL, NULL, 49),
(470, NULL, 'CSS/img_flora/Arbusti/arbusto2.jpg', NULL, 'Primavera', 'Arbusto', NULL, NULL, 'Pacific Ninebark', '1m', NULL, NULL, 27),
(471, 'CSS/img_flora/Alberi/albero5.jpg', NULL, NULL, 'Estate', 'Albero', 'Violaceae', 'Viola helenae Forbes & Lydgate', NULL, NULL, NULL, NULL, 45),
(472, 'CSS/img_flora/Alberi/albero1.jpg', NULL, NULL, 'Inverno', 'Albero', 'Isoetaceae', 'Isoetes acadiensis Kott', NULL, NULL, NULL, NULL, 41),
(473, 'CSS/img_flora/Alberi/albero5.jpg', NULL, NULL, 'Estate', 'Albero', 'Asteraceae', 'Hesperevax sparsiflora (A. Gray) Greene var. brevifolia (A. Gray) Morefield', NULL, NULL, NULL, NULL, 21),
(474, NULL, NULL, 'CSS/img_flora/PianteErbacee/PiantaErbacea1.jpg', 'Estate', 'Pianta erbacea', NULL, NULL, NULL, NULL, 'Ipomoea coccinea L.', 'Green', 9),
(475, NULL, NULL, 'CSS/img_flora/PianteErbacee/PiantaErbacea7.jpg', 'Estate', 'Pianta erbacea', NULL, NULL, NULL, NULL, 'Hemerocallis middendorffii Trautv. & C.A. Mey.', 'Crimson', 21),
(477, 'CSS/img_flora/Alberi/albero6.jpg', NULL, NULL, 'Autunno', 'Albero', 'Polemoniaceae', 'Phlox paniculata L.', NULL, NULL, NULL, NULL, 48),
(479, 'CSS/img_flora/Alberi/albero7.jpg', NULL, NULL, 'Autunno', 'Albero', 'Magnoliaceae', 'Magnolia acuminata (L.) L.', NULL, NULL, NULL, NULL, 47),
(480, NULL, 'CSS/img_flora/Arbusti/arbusto5.jpg', NULL, 'Autunno', 'Arbusto', NULL, NULL, 'Neolamarckia', '3m', NULL, NULL, 29),
(482, NULL, NULL, 'CSS/img_flora/PianteErbacee/PiantaErbacea8.jpg', 'Autunno', 'Pianta erbacea', NULL, NULL, NULL, NULL, 'Genista monspessulana (L.) L.A.S. Johnson', 'Purple', 15),
(483, 'CSS/img_flora/Alberi/albero2.jpg', NULL, NULL, 'Autunno', 'Albero', 'Rosaceae', 'Prunus murrayana Palmer', NULL, NULL, NULL, NULL, 40),
(484, NULL, 'CSS/img_flora/Arbusti/arbusto3.jpg', NULL, 'Autunno', 'Arbusto', NULL, NULL, 'Santa Catalina Indian Paintbrush', '3m', NULL, NULL, 29),
(485, 'CSS/img_flora/Alberi/albero5.jpg', NULL, NULL, 'Inverno', 'Albero', 'Brassicaceae', 'Arabis puberula Nutt.', NULL, NULL, NULL, NULL, 15),
(486, NULL, 'CSS/img_flora/Arbusti/arbusto1.jpg', NULL, 'Inverno', 'Arbusto', NULL, NULL, 'Chaparral Pea', '3m', NULL, NULL, 46),
(487, 'CSS/img_flora/Alberi/albero6.jpg', NULL, NULL, 'Autunno', 'Albero', 'Scrophulariaceae', 'Stemodia schottii Holz.', NULL, NULL, NULL, NULL, 37),
(488, 'CSS/img_flora/Alberi/albero4.jpg', NULL, NULL, 'Primavera', 'Albero', 'Vitaceae', 'Ampelopsis aconitifolia Bunge', NULL, NULL, NULL, NULL, 15),
(489, NULL, 'CSS/img_flora/Arbusti/arbusto4.jpg', NULL, 'Primavera', 'Arbusto', NULL, NULL, 'Pink Funnel Lily', '1m', NULL, NULL, 5),
(490, NULL, NULL, 'CSS/img_flora/PianteErbacee/PiantaErbacea3.jpg', 'Inverno', 'Pianta erbacea', NULL, NULL, NULL, NULL, 'Astragalus praelongus Sheldon var. ellisiae (Rydb.) Barneby', 'Purple', 3),
(491, NULL, NULL, 'CSS/img_flora/PianteErbacee/PiantaErbacea7.jpg', 'Estate', 'Pianta erbacea', NULL, NULL, NULL, NULL, 'Polygonum cuspidatum Siebold & Zucc.', 'Aquamarine', 17),
(492, NULL, 'CSS/img_flora/Arbusti/arbusto1.jpg', NULL, 'Autunno', 'Arbusto', NULL, NULL, 'Cretanweed', '5m', NULL, NULL, 21),
(493, NULL, NULL, 'CSS/img_flora/PianteErbacee/PiantaErbacea9.jpg', 'Autunno', 'Pianta erbacea', NULL, NULL, NULL, NULL, 'Stenorrhynchos Rich. ex Spreng.', 'Teal', 46),
(494, NULL, NULL, 'CSS/img_flora/PianteErbacee/PiantaErbacea3.jpg', 'Estate', 'Pianta erbacea', NULL, NULL, NULL, NULL, 'Carex polymorpha Muhl.', 'Blue', 37),
(495, NULL, 'CSS/img_flora/Arbusti/arbusto1.jpg', NULL, 'Estate', 'Arbusto', NULL, NULL, 'Early Wattle', '2m', NULL, NULL, 3),
(496, NULL, 'CSS/img_flora/Arbusti/arbusto4.jpg', NULL, 'Inverno', 'Arbusto', NULL, NULL, 'San Francisco River Leatherpetal', '3m', NULL, NULL, 27),
(498, 'CSS/img_flora/Alberi/albero7.jpg', NULL, NULL, 'Inverno', 'Albero', 'Cyperaceae', 'Carex loliacea L.', NULL, NULL, NULL, NULL, 30),
(499, NULL, NULL, 'CSS/img_flora/PianteErbacee/PiantaErbacea1.jpg', 'Estate', 'Pianta erbacea', NULL, NULL, NULL, NULL, 'Quercus moreha Kellogg (pro sp.)', 'Aquamarine', 20),
(500, 'CSS/img_flora/Alberi/albero2.jpg', NULL, NULL, 'Estate', 'Albero', 'Apocynaceae', 'Trachelospermum difforme (Walter) A. Gray', NULL, NULL, NULL, NULL, 17),
(501, NULL, NULL, 'CSS/img_flora/PianteErbacee/PiantaErbacea10.jpg', 'Inverno', 'Pianta erbacea', NULL, NULL, NULL, NULL, 'Pleuropogon hooverianus (L.D. Benson) J.T. Howell', 'Turquoise', 1),
(502, 'CSS/img_flora/Alberi/albero5.jpg', NULL, NULL, 'Primavera', 'Albero', 'Orchidaceae', 'Aplectrum hyemale (Muhl. ex Willd.) Torr.', NULL, NULL, NULL, NULL, 48),
(504, NULL, NULL, 'CSS/img_flora/PianteErbacee/PiantaErbacea5.jpg', 'Autunno', 'Pianta erbacea', NULL, NULL, NULL, NULL, 'Rubus meracus L.H. Bailey', 'Teal', 10),
(505, NULL, 'CSS/img_flora/Arbusti/arbusto4.jpg', NULL, 'Primavera', 'Arbusto', NULL, NULL, 'Sulphur Lichen', '3m', NULL, NULL, 48),
(506, NULL, 'CSS/img_flora/Arbusti/arbusto1.jpg', NULL, 'Inverno', 'Arbusto', NULL, NULL, 'Bent Alligator-flag', '5m', NULL, NULL, 27),
(507, 'CSS/img_flora/Alberi/albero6.jpg', NULL, NULL, 'Primavera', 'Albero', 'Sapindaceae', 'Litchi Sonn.', NULL, NULL, NULL, NULL, 15),
(508, 'CSS/img_flora/Alberi/albero7.jpg', NULL, NULL, 'Estate', 'Albero', 'Asteraceae', 'Inula L.', NULL, NULL, NULL, NULL, 6),
(509, NULL, 'CSS/img_flora/Arbusti/arbusto4.jpg', NULL, 'Autunno', 'Arbusto', NULL, NULL, 'Trichilia', '2m', NULL, NULL, 11),
(510, NULL, NULL, 'CSS/img_flora/PianteErbacee/PiantaErbacea2.jpg', 'Autunno', 'Pianta erbacea', NULL, NULL, NULL, NULL, 'Viola esculenta Elliott (pro sp.)', 'Violet', 35),
(511, 'CSS/img_flora/Alberi/albero2.jpg', NULL, NULL, 'Primavera', 'Albero', 'Rosaceae', 'Potentilla glandulosa Lindl. ssp. micropetala (Rydb.) D.D. Keck', NULL, NULL, NULL, NULL, 38),
(512, NULL, NULL, 'CSS/img_flora/PianteErbacee/PiantaErbacea10.jpg', 'Primavera', 'Pianta erbacea', NULL, NULL, NULL, NULL, 'Callirhoe involucrata (Torr. & A. Gray) A. Gray var. involucrata', 'Aquamarine', 24),
(513, NULL, 'CSS/img_flora/Arbusti/arbusto5.jpg', NULL, 'Inverno', 'Arbusto', NULL, NULL, 'Macrothelypteris', '1m', NULL, NULL, 26),
(515, NULL, NULL, 'CSS/img_flora/PianteErbacee/PiantaErbacea7.jpg', 'Autunno', 'Pianta erbacea', NULL, NULL, NULL, NULL, 'Penstemon harringtonii Penl.', 'Purple', 44),
(516, 'CSS/img_flora/Alberi/albero7.jpg', NULL, NULL, 'Inverno', 'Albero', 'Brassicaceae', 'Smelowskia ovalis M.E. Jones', NULL, NULL, NULL, NULL, 48),
(517, NULL, 'CSS/img_flora/Arbusti/arbusto4.jpg', NULL, 'Autunno', 'Arbusto', NULL, NULL, 'Spotted Asian Poppy', '4m', NULL, NULL, 6),
(518, 'CSS/img_flora/Alberi/albero7.jpg', NULL, NULL, 'Inverno', 'Albero', 'Liliaceae', 'Trillium ovatum Pursh ssp. oettingeri Munz & Thorne', NULL, NULL, NULL, NULL, 11),
(519, NULL, NULL, 'CSS/img_flora/PianteErbacee/PiantaErbacea8.jpg', 'Autunno', 'Pianta erbacea', NULL, NULL, NULL, NULL, 'Lithospermum calycosum (J.F. Macbr.) I.M. Johnst.', 'Maroon', 46),
(520, NULL, 'CSS/img_flora/Arbusti/arbusto7.jpg', NULL, 'Estate', 'Arbusto', NULL, NULL, 'Tropical Burnweed', '1m', NULL, NULL, 29),
(521, 'CSS/img_flora/Alberi/albero7.jpg', NULL, NULL, 'Estate', 'Albero', 'Asteraceae', 'Gamochaeta Weddell', NULL, NULL, NULL, NULL, 2),
(522, 'CSS/img_flora/Alberi/albero5.jpg', NULL, NULL, 'Estate', 'Albero', 'Poaceae', 'Poa fendleriana (Steud.) Vasey ssp. longiligula (Scribn. & T.A. Williams) Soreng', NULL, NULL, NULL, NULL, 26),
(523, NULL, NULL, 'CSS/img_flora/PianteErbacee/PiantaErbacea5.jpg', 'Estate', 'Pianta erbacea', NULL, NULL, NULL, NULL, 'Aristida californica Thurb. ex S. Watson var. glabrata Vasey', 'Blue', 15),
(524, NULL, 'CSS/img_flora/Arbusti/arbusto2.jpg', NULL, 'Autunno', 'Arbusto', NULL, NULL, 'Creamflower Rockcress', '5m', NULL, NULL, 34),
(525, NULL, NULL, 'CSS/img_flora/PianteErbacee/PiantaErbacea4.jpg', 'Estate', 'Pianta erbacea', NULL, NULL, NULL, NULL, 'Rosa nutkana C. Presl var. muriculata (Greene) G.N. Jones', 'Teal', 13),
(527, 'CSS/img_flora/Alberi/albero4.jpg', NULL, NULL, 'Autunno', 'Albero', 'Physciaceae', 'Rinodina brouardii de Lesd.', NULL, NULL, NULL, NULL, 40),
(528, 'CSS/img_flora/Alberi/albero2.jpg', NULL, NULL, 'Estate', 'Albero', 'Fabaceae', 'Astragalus pinonis M.E. Jones', NULL, NULL, NULL, NULL, 23),
(530, 'CSS/img_flora/Alberi/albero7.jpg', NULL, NULL, 'Autunno', 'Albero', 'Aspleniaceae', 'Asplenium adiantum-nigrum L.', NULL, NULL, NULL, NULL, 22),
(531, 'CSS/img_flora/Alberi/albero3.jpg', NULL, NULL, 'Estate', 'Albero', 'Polemoniaceae', 'Phlox latifolia Michx.', NULL, NULL, NULL, NULL, 18),
(532, NULL, 'CSS/img_flora/Arbusti/arbusto5.jpg', NULL, 'Estate', 'Arbusto', NULL, NULL, 'Eucladium Moss', '1m', NULL, NULL, 34),
(533, NULL, 'CSS/img_flora/Arbusti/arbusto1.jpg', NULL, 'Inverno', 'Arbusto', NULL, NULL, 'Hairy Clustervine', '2m', NULL, NULL, 16),
(534, NULL, NULL, 'CSS/img_flora/PianteErbacee/PiantaErbacea2.jpg', 'Autunno', 'Pianta erbacea', NULL, NULL, NULL, NULL, 'Lomatium ravenii Mathias & Constance', 'Teal', 36),
(535, 'CSS/img_flora/Alberi/albero1.jpg', NULL, NULL, 'Primavera', 'Albero', 'Fabaceae', 'Astragalus lentiginosus Douglas ex Hook. var. trumbullensis S.L. Welsh & N.D. Atwood', NULL, NULL, NULL, NULL, 14),
(536, NULL, 'CSS/img_flora/Arbusti/arbusto7.jpg', NULL, 'Autunno', 'Arbusto', NULL, NULL, 'Horsehair Lichen', '3m', NULL, NULL, 4),
(537, NULL, 'CSS/img_flora/Arbusti/arbusto1.jpg', NULL, 'Estate', 'Arbusto', NULL, NULL, 'Cercidospora Lichen', '3m', NULL, NULL, 27),
(538, NULL, 'CSS/img_flora/Arbusti/arbusto5.jpg', NULL, 'Autunno', 'Arbusto', NULL, NULL, 'Southern Blueberry', '3m', NULL, NULL, 10),
(539, NULL, NULL, 'CSS/img_flora/PianteErbacee/PiantaErbacea9.jpg', 'Inverno', 'Pianta erbacea', NULL, NULL, NULL, NULL, 'Adiantum tetraphyllum Humb. & Bonpl. ex Willd.', 'Goldenrod', 50),
(540, NULL, NULL, 'CSS/img_flora/PianteErbacee/PiantaErbacea4.jpg', 'Autunno', 'Pianta erbacea', NULL, NULL, NULL, NULL, 'Malpighia fucata Ker Gawl.', 'Yellow', 33),
(541, NULL, 'CSS/img_flora/Arbusti/arbusto7.jpg', NULL, 'Inverno', 'Arbusto', NULL, NULL, 'Rosemary', '1m', NULL, NULL, 42),
(542, 'CSS/img_flora/Alberi/albero2.jpg', NULL, NULL, 'Inverno', 'Albero', 'Rosaceae', 'Cotoneaster simonsii Baker', NULL, NULL, NULL, NULL, 11),
(545, NULL, NULL, 'CSS/img_flora/PianteErbacee/PiantaErbacea3.jpg', 'Estate', 'Pianta erbacea', NULL, NULL, NULL, NULL, 'Lastreopsis Ching', 'Khaki', 41),
(546, NULL, 'CSS/img_flora/Arbusti/arbusto5.jpg', NULL, 'Inverno', 'Arbusto', NULL, NULL, 'Asiatic Tearthumb', '1m', NULL, NULL, 29),
(547, NULL, 'CSS/img_flora/Arbusti/arbusto4.jpg', NULL, 'Autunno', 'Arbusto', NULL, NULL, 'Nutmeg Hickory', '3m', NULL, NULL, 32),
(548, 'CSS/img_flora/Alberi/albero7.jpg', NULL, NULL, 'Primavera', 'Albero', 'Cladoniaceae', 'Cladonia gracilis (L.) Willd. ssp. gracilis', NULL, NULL, NULL, NULL, 16),
(549, NULL, NULL, 'CSS/img_flora/PianteErbacee/PiantaErbacea2.jpg', 'Estate', 'Pianta erbacea', NULL, NULL, NULL, NULL, 'Campylostelium Bruch & Schimp.', 'Green', 49),
(550, 'CSS/img_flora/Alberi/albero6.jpg', NULL, NULL, 'Estate', 'Albero', 'Cyatheaceae', 'Cyathea australis (R. Br.) Domin', NULL, NULL, NULL, NULL, 23),
(551, NULL, NULL, 'CSS/img_flora/PianteErbacee/PiantaErbacea3.jpg', 'Inverno', 'Pianta erbacea', NULL, NULL, NULL, NULL, 'Clematis viticella L.', 'Pink', 33),
(552, 'CSS/img_flora/Alberi/albero1.jpg', NULL, NULL, 'Inverno', 'Albero', 'Bacidiaceae', 'Bacidia beckhausii Krb.', NULL, NULL, NULL, NULL, 37),
(553, 'CSS/img_flora/Alberi/albero3.jpg', NULL, NULL, 'Estate', 'Albero', 'Passifloraceae', 'Passiflora racemosa Brot.', NULL, NULL, NULL, NULL, 7),
(554, NULL, 'CSS/img_flora/Arbusti/arbusto5.jpg', NULL, 'Primavera', 'Arbusto', NULL, NULL, 'Eared Coneflower', '1m', NULL, NULL, 12),
(555, 'CSS/img_flora/Alberi/albero2.jpg', NULL, NULL, 'Primavera', 'Albero', 'Buxbaumiaceae', 'Buxbaumia Hedw.', NULL, NULL, NULL, NULL, 15),
(556, 'CSS/img_flora/Alberi/albero6.jpg', NULL, NULL, 'Inverno', 'Albero', 'Rosaceae', 'Acaena pinnatifida Ruiz & Pav.', NULL, NULL, NULL, NULL, 44),
(557, NULL, 'CSS/img_flora/Arbusti/arbusto3.jpg', NULL, 'Inverno', 'Arbusto', NULL, NULL, 'Sitka Shield Lichen', '2m', NULL, NULL, 48),
(558, 'CSS/img_flora/Alberi/albero1.jpg', NULL, NULL, 'Autunno', 'Albero', 'Porpidiaceae', 'Immersaria Rambold & Pietschmann', NULL, NULL, NULL, NULL, 4),
(559, NULL, 'CSS/img_flora/Arbusti/arbusto1.jpg', NULL, 'Estate', 'Arbusto', NULL, NULL, 'Kolea Lau Nui', '3m', NULL, NULL, 43),
(561, 'CSS/img_flora/Alberi/albero3.jpg', NULL, NULL, 'Inverno', 'Albero', 'Asteraceae', 'Erigeron scotteri B. Boivin', NULL, NULL, NULL, NULL, 1),
(562, 'CSS/img_flora/Alberi/albero2.jpg', NULL, NULL, 'Primavera', 'Albero', 'Chenopodiaceae', 'Atriplex klebergorum M.C. Johnst.', NULL, NULL, NULL, NULL, 17),
(563, NULL, NULL, 'CSS/img_flora/PianteErbacee/PiantaErbacea4.jpg', 'Inverno', 'Pianta erbacea', NULL, NULL, NULL, NULL, 'Cabomba caroliniana A. Gray', 'Aquamarine', 38),
(565, NULL, 'CSS/img_flora/Arbusti/arbusto6.jpg', NULL, 'Inverno', 'Arbusto', NULL, NULL, 'Beargrass', '3m', NULL, NULL, 14),
(566, NULL, NULL, 'CSS/img_flora/PianteErbacee/PiantaErbacea5.jpg', 'Inverno', 'Pianta erbacea', NULL, NULL, NULL, NULL, 'Xyris brevifolia Michx.', 'Orange', 42),
(567, 'CSS/img_flora/Alberi/albero3.jpg', NULL, NULL, 'Estate', 'Albero', 'Solanaceae', 'Physalis hederifolia A. Gray var. comata (Rydb.) Waterf.', NULL, NULL, NULL, NULL, 23),
(568, NULL, 'CSS/img_flora/Arbusti/arbusto1.jpg', NULL, 'Autunno', 'Arbusto', NULL, NULL, 'Tall Bugbane', '1m', NULL, NULL, 31),
(569, NULL, NULL, 'CSS/img_flora/PianteErbacee/PiantaErbacea7.jpg', 'Estate', 'Pianta erbacea', NULL, NULL, NULL, NULL, 'Linanthus orcuttii (Parry & A. Gray) Jeps.', 'Green', 2),
(570, NULL, 'CSS/img_flora/Arbusti/arbusto6.jpg', NULL, 'Autunno', 'Arbusto', NULL, NULL, 'Camphor Daisy', '4m', NULL, NULL, 35),
(571, NULL, NULL, 'CSS/img_flora/PianteErbacee/PiantaErbacea10.jpg', 'Primavera', 'Pianta erbacea', NULL, NULL, NULL, NULL, 'Scolosanthus Vahl', 'Green', 17),
(572, NULL, 'CSS/img_flora/Arbusti/arbusto3.jpg', NULL, 'Autunno', 'Arbusto', NULL, NULL, 'Treasureflower', '2m', NULL, NULL, 32),
(573, NULL, 'CSS/img_flora/Arbusti/arbusto7.jpg', NULL, 'Primavera', 'Arbusto', NULL, NULL, 'Green Gentian', '5m', NULL, NULL, 16),
(574, NULL, 'CSS/img_flora/Arbusti/arbusto6.jpg', NULL, 'Inverno', 'Arbusto', NULL, NULL, 'Pachira', '1m', NULL, NULL, 32),
(575, NULL, 'CSS/img_flora/Arbusti/arbusto6.jpg', NULL, 'Estate', 'Arbusto', NULL, NULL, 'White Ramping Fumitory', '5m', NULL, NULL, 27),
(577, NULL, 'CSS/img_flora/Arbusti/arbusto6.jpg', NULL, 'Estate', 'Arbusto', NULL, NULL, 'Common Sweetleaf', '2m', NULL, NULL, 21),
(579, 'CSS/img_flora/Alberi/albero2.jpg', NULL, NULL, 'Autunno', 'Albero', 'Violaceae', 'Viola porteriana Pollard (pro sp.)', NULL, NULL, NULL, NULL, 6),
(580, 'CSS/img_flora/Alberi/albero2.jpg', NULL, NULL, 'Autunno', 'Albero', 'Bryaceae', 'Bryum Hedw.', NULL, NULL, NULL, NULL, 36),
(581, NULL, 'CSS/img_flora/Arbusti/arbusto5.jpg', NULL, 'Primavera', 'Arbusto', NULL, NULL, 'Coastal Mock Vervain', '2m', NULL, NULL, 32),
(582, 'CSS/img_flora/Alberi/albero2.jpg', NULL, NULL, 'Autunno', 'Albero', 'Asteraceae', 'Deinandra increscens (H.M. Hall ex D.D. Keck) B.G. Baldw. ssp. increscens', NULL, NULL, NULL, NULL, 32),
(583, NULL, NULL, 'CSS/img_flora/PianteErbacee/PiantaErbacea10.jpg', 'Estate', 'Pianta erbacea', NULL, NULL, NULL, NULL, 'Cardamine californica (Nutt.) Greene var. cardiophylla (Greene) Rollins', 'Khaki', 16),
(584, NULL, 'CSS/img_flora/Arbusti/arbusto4.jpg', NULL, 'Inverno', 'Arbusto', NULL, NULL, 'Seaside Sandmat', '5m', NULL, NULL, 24),
(585, NULL, NULL, 'CSS/img_flora/PianteErbacee/PiantaErbacea5.jpg', 'Inverno', 'Pianta erbacea', NULL, NULL, NULL, NULL, 'Orthothecium rufescens (Brid.) Schimp.', 'Khaki', 18),
(586, NULL, 'CSS/img_flora/Arbusti/arbusto2.jpg', NULL, 'Inverno', 'Arbusto', NULL, NULL, 'Calibrachoa', '1m', NULL, NULL, 49),
(588, 'CSS/img_flora/Alberi/albero3.jpg', NULL, NULL, 'Estate', 'Albero', 'Malpighiaceae', 'Callaeum macropterum (DC.) D.M. Johnson, nom. inq.', NULL, NULL, NULL, NULL, 48),
(589, NULL, NULL, 'CSS/img_flora/PianteErbacee/PiantaErbacea10.jpg', 'Primavera', 'Pianta erbacea', NULL, NULL, NULL, NULL, 'Chloris subdolichostachya Mll. Berol. (pro sp.)', 'Red', 21),
(590, 'CSS/img_flora/Alberi/albero3.jpg', NULL, NULL, 'Estate', 'Albero', 'Asteraceae', 'Cirsium hookerianum Nutt.', NULL, NULL, NULL, NULL, 18),
(591, NULL, 'CSS/img_flora/Arbusti/arbusto6.jpg', NULL, 'Autunno', 'Arbusto', NULL, NULL, 'Benitoa', '2m', NULL, NULL, 32),
(592, 'CSS/img_flora/Alberi/albero1.jpg', NULL, NULL, 'Inverno', 'Albero', 'Asteraceae', 'Dichaetophora campestris A. Gray', NULL, NULL, NULL, NULL, 3),
(593, 'CSS/img_flora/Alberi/albero5.jpg', NULL, NULL, 'Primavera', 'Albero', 'Lamiaceae', 'Hedeoma hispida Pursh', NULL, NULL, NULL, NULL, 4),
(594, 'CSS/img_flora/Alberi/albero3.jpg', NULL, NULL, 'Inverno', 'Albero', 'Polygonaceae', 'Rumex salicifolius Weinm. var. angustivalvis Danser', NULL, NULL, NULL, NULL, 27),
(595, 'CSS/img_flora/Alberi/albero7.jpg', NULL, NULL, 'Autunno', 'Albero', 'Euphorbiaceae', 'Antidesma pulvinatum Hillebr.', NULL, NULL, NULL, NULL, 9),
(596, NULL, 'CSS/img_flora/Arbusti/arbusto3.jpg', NULL, 'Primavera', 'Arbusto', NULL, NULL, 'Juniper Biscuitroot', '1m', NULL, NULL, 10),
(597, NULL, 'CSS/img_flora/Arbusti/arbusto4.jpg', NULL, 'Estate', 'Arbusto', NULL, NULL, 'Tunnel Springs Mountain Bladderpod', '4m', NULL, NULL, 14),
(598, NULL, NULL, 'CSS/img_flora/PianteErbacee/PiantaErbacea3.jpg', 'Estate', 'Pianta erbacea', NULL, NULL, NULL, NULL, 'Asplenium erosum L.', 'Pink', 16),
(599, NULL, 'CSS/img_flora/Arbusti/arbusto3.jpg', NULL, 'Inverno', 'Arbusto', NULL, NULL, 'Dwarf Polypody', '3m', NULL, NULL, 21),
(600, NULL, 'CSS/img_flora/Arbusti/arbusto6.jpg', NULL, 'Autunno', 'Arbusto', NULL, NULL, 'Georgia Beaksedge', '3m', NULL, NULL, 44),
(601, NULL, 'CSS/img_flora/Arbusti/arbusto2.jpg', NULL, 'Estate', 'Arbusto', NULL, NULL, 'Showy Milkwort', '3m', NULL, NULL, 9),
(602, NULL, NULL, 'CSS/img_flora/PianteErbacee/PiantaErbacea3.jpg', 'Autunno', 'Pianta erbacea', NULL, NULL, NULL, NULL, 'Cryptantha spiculifera (Piper) Payson', 'Orange', 8),
(603, NULL, NULL, 'CSS/img_flora/PianteErbacee/PiantaErbacea8.jpg', 'Estate', 'Pianta erbacea', NULL, NULL, NULL, NULL, 'Korthalsella cylindrica (v. Tiegh.) Engl.', 'Indigo', 4),
(604, 'CSS/img_flora/Alberi/albero2.jpg', NULL, NULL, 'Autunno', 'Albero', 'Poaceae', 'Deschampsia brevifolia R. Br.', NULL, NULL, NULL, NULL, 49),
(605, 'CSS/img_flora/Alberi/albero4.jpg', NULL, NULL, 'Estate', 'Albero', 'Lamiaceae', 'Collinsonia tuberosa Michx.', NULL, NULL, NULL, NULL, 12),
(606, 'CSS/img_flora/Alberi/albero4.jpg', NULL, NULL, 'Inverno', 'Albero', 'Amaranthaceae', 'Alternanthera paronychioides A. St.-Hil. var. amazonica Huber', NULL, NULL, NULL, NULL, 9),
(607, 'CSS/img_flora/Alberi/albero1.jpg', NULL, NULL, 'Inverno', 'Albero', 'Orthotrichaceae', 'Orthotrichum epapillosum E. Lawton & F.J. Herm.', NULL, NULL, NULL, NULL, 13),
(608, NULL, NULL, 'CSS/img_flora/PianteErbacee/PiantaErbacea1.jpg', 'Inverno', 'Pianta erbacea', NULL, NULL, NULL, NULL, 'Astragalus miser Douglas ex Hook.', 'Teal', 3),
(609, 'CSS/img_flora/Alberi/albero3.jpg', NULL, NULL, 'Inverno', 'Albero', 'Chenopodiaceae', 'Suaeda suffrutescens S. Watson var. detonsa I.M. Johnst.', NULL, NULL, NULL, NULL, 31),
(610, NULL, NULL, 'CSS/img_flora/PianteErbacee/PiantaErbacea7.jpg', 'Estate', 'Pianta erbacea', NULL, NULL, NULL, NULL, 'Astragalus douglasii (Torr. & A. Gray) A. Gray var. parishii (A. Gray) M.E. Jones', 'Green', 22),
(611, 'CSS/img_flora/Alberi/albero1.jpg', NULL, NULL, 'Estate', 'Albero', 'Cyperaceae', 'Carex laxiculmis Schwein. var. copulata (L.H. Bailey) Fernald', NULL, NULL, NULL, NULL, 21),
(612, NULL, 'CSS/img_flora/Arbusti/arbusto4.jpg', NULL, 'Inverno', 'Arbusto', NULL, NULL, 'Poeltinula Lichen', '3m', NULL, NULL, 13),
(613, 'CSS/img_flora/Alberi/albero1.jpg', NULL, NULL, 'Autunno', 'Albero', 'Polygonaceae', 'Polygonum punctatum Elliott var. confertiflorum (Meisn.) Fassett', NULL, NULL, NULL, NULL, 25),
(614, NULL, NULL, 'CSS/img_flora/PianteErbacee/PiantaErbacea9.jpg', 'Inverno', 'Pianta erbacea', NULL, NULL, NULL, NULL, 'Lupinus densiflorus Benth. var. palustris (Kellogg) C.P. Sm.', 'Puce', 1),
(615, NULL, 'CSS/img_flora/Arbusti/arbusto1.jpg', NULL, 'Estate', 'Arbusto', NULL, NULL, 'Girdlepod', '1m', NULL, NULL, 12),
(616, 'CSS/img_flora/Alberi/albero4.jpg', NULL, NULL, 'Inverno', 'Albero', 'Orthotrichaceae', 'Orthotrichum speciosum Nees var. speciosum', NULL, NULL, NULL, NULL, 8),
(617, 'CSS/img_flora/Alberi/albero2.jpg', NULL, NULL, 'Inverno', 'Albero', 'Piperaceae', 'Peperomia latifolia Miq.', NULL, NULL, NULL, NULL, 49),
(618, NULL, NULL, 'CSS/img_flora/PianteErbacee/PiantaErbacea10.jpg', 'Estate', 'Pianta erbacea', NULL, NULL, NULL, NULL, 'Darmera peltata (Torr. ex Benth.) Voss', 'Mauv', 26),
(619, NULL, 'CSS/img_flora/Arbusti/arbusto3.jpg', NULL, 'Autunno', 'Arbusto', NULL, NULL, 'Thinleaf Pea', '2m', NULL, NULL, 20),
(620, NULL, 'CSS/img_flora/Arbusti/arbusto2.jpg', NULL, 'Estate', 'Arbusto', NULL, NULL, 'Arctic Sweet Coltsfoot', '1m', NULL, NULL, 40),
(622, NULL, NULL, 'CSS/img_flora/PianteErbacee/PiantaErbacea6.jpg', 'Estate', 'Pianta erbacea', NULL, NULL, NULL, NULL, 'Cladonia gracilis (L.) Willd. ssp. gracilis', 'Aquamarine', 11),
(623, NULL, NULL, 'CSS/img_flora/PianteErbacee/PiantaErbacea1.jpg', 'Inverno', 'Pianta erbacea', NULL, NULL, NULL, NULL, 'Chenopodium salinum Standl.', 'Crimson', 35),
(624, 'CSS/img_flora/Alberi/albero2.jpg', NULL, NULL, 'Estate', 'Albero', 'Acanthaceae', 'Stenandrium dulce (Cav.) Nees var. floridanum A. Gray', NULL, NULL, NULL, NULL, 44),
(625, 'CSS/img_flora/Alberi/albero5.jpg', NULL, NULL, 'Inverno', 'Albero', 'Gentianaceae', 'Gentianella auriculata (Pall.) J.M. Gillett', NULL, NULL, NULL, NULL, 6),
(626, 'CSS/img_flora/Alberi/albero2.jpg', NULL, NULL, 'Autunno', 'Albero', 'Chenopodiaceae', 'Proatriplex pleiantha (W.A. Weber) Stutz & G.L. Chu', NULL, NULL, NULL, NULL, 7),
(627, NULL, NULL, 'CSS/img_flora/PianteErbacee/PiantaErbacea10.jpg', 'Primavera', 'Pianta erbacea', NULL, NULL, NULL, NULL, 'Alisma gramineum Lej.', 'Crimson', 11),
(628, 'CSS/img_flora/Alberi/albero2.jpg', NULL, NULL, 'Autunno', 'Albero', 'Ericaceae', 'Erica canaliculata Andrews', NULL, NULL, NULL, NULL, 23),
(629, NULL, NULL, 'CSS/img_flora/PianteErbacee/PiantaErbacea5.jpg', 'Estate', 'Pianta erbacea', NULL, NULL, NULL, NULL, 'Usnea deformis Mot.', 'Violet', 26),
(630, 'CSS/img_flora/Alberi/albero3.jpg', NULL, NULL, 'Autunno', 'Albero', 'Poaceae', 'Calamagrostis sesquiflora (Trin.) Tzvelev', NULL, NULL, NULL, NULL, 11),
(632, NULL, 'CSS/img_flora/Arbusti/arbusto7.jpg', NULL, 'Autunno', 'Arbusto', NULL, NULL, 'Lily', '4m', NULL, NULL, 21),
(633, 'CSS/img_flora/Alberi/albero1.jpg', NULL, NULL, 'Primavera', 'Albero', 'Melastomataceae', 'Clidemia D. Don', NULL, NULL, NULL, NULL, 33),
(634, NULL, NULL, 'CSS/img_flora/PianteErbacee/PiantaErbacea3.jpg', 'Estate', 'Pianta erbacea', NULL, NULL, NULL, NULL, 'Linnaea borealis L. ssp. borealis', 'Aquamarine', 42),
(635, NULL, NULL, 'CSS/img_flora/PianteErbacee/PiantaErbacea1.jpg', 'Estate', 'Pianta erbacea', NULL, NULL, NULL, NULL, 'Astrolepis sinuata (Lag. ex Sw.) Benham & Windham ssp. mexicana Benham', 'Orange', 34),
(636, NULL, NULL, 'CSS/img_flora/PianteErbacee/PiantaErbacea6.jpg', 'Inverno', 'Pianta erbacea', NULL, NULL, NULL, NULL, 'Calochortus simulans (Hoover) Munz', 'Violet', 21),
(637, NULL, NULL, 'CSS/img_flora/PianteErbacee/PiantaErbacea2.jpg', 'Inverno', 'Pianta erbacea', NULL, NULL, NULL, NULL, 'Rubus fecundus L.H. Bailey', 'Yellow', 17),
(638, NULL, 'CSS/img_flora/Arbusti/arbusto7.jpg', NULL, 'Primavera', 'Arbusto', NULL, NULL, 'Shaggyfruit Pepperweed', '2m', NULL, NULL, 23),
(640, 'CSS/img_flora/Alberi/albero3.jpg', NULL, NULL, 'Primavera', 'Albero', 'Euphorbiaceae', 'Croton dioicus Cav.', NULL, NULL, NULL, NULL, 47),
(641, NULL, NULL, 'CSS/img_flora/PianteErbacee/PiantaErbacea1.jpg', 'Inverno', 'Pianta erbacea', NULL, NULL, NULL, NULL, 'Tragia smallii Shinners', 'Puce', 43),
(642, 'CSS/img_flora/Alberi/albero1.jpg', NULL, NULL, 'Autunno', 'Albero', 'Fabaceae', 'Faidherbia A. Chev.', NULL, NULL, NULL, NULL, 47),
(643, 'CSS/img_flora/Alberi/albero3.jpg', NULL, NULL, 'Inverno', 'Albero', 'Polygonaceae', 'Eriogonum cronquistii Reveal', NULL, NULL, NULL, NULL, 31),
(644, 'CSS/img_flora/Alberi/albero6.jpg', NULL, NULL, 'Estate', 'Albero', 'Rubiaceae', 'Psychotria hawaiiensis (A. Gray) Fosberg var. hillebrandii (Rock) Fosberg', NULL, NULL, NULL, NULL, 48),
(645, 'CSS/img_flora/Alberi/albero6.jpg', NULL, NULL, 'Inverno', 'Albero', 'Myrtaceae', 'Eucalyptus salmonophloia F. Muell.', NULL, NULL, NULL, NULL, 44),
(646, NULL, 'CSS/img_flora/Arbusti/arbusto3.jpg', NULL, 'Autunno', 'Arbusto', NULL, NULL, 'Slippery Elm', '3m', NULL, NULL, 38),
(647, NULL, NULL, 'CSS/img_flora/PianteErbacee/PiantaErbacea1.jpg', 'Estate', 'Pianta erbacea', NULL, NULL, NULL, NULL, 'Drosera capensis L.', 'Fuscia', 26),
(648, 'CSS/img_flora/Alberi/albero2.jpg', NULL, NULL, 'Estate', 'Albero', 'Polygonaceae', 'Eriogonum pyrolifolium Hook. var. coryphaeum Torr. & A. Gray', NULL, NULL, NULL, NULL, 34),
(649, 'CSS/img_flora/Alberi/albero4.jpg', NULL, NULL, 'Estate', 'Albero', 'Potamogetonaceae', 'Potamogeton faxonii Morong (pro sp.)', NULL, NULL, NULL, NULL, 26),
(650, NULL, 'CSS/img_flora/Arbusti/arbusto3.jpg', NULL, 'Inverno', 'Arbusto', NULL, NULL, 'Ciliate Hedwigia Moss', '3m', NULL, NULL, 10),
(651, NULL, NULL, 'CSS/img_flora/PianteErbacee/PiantaErbacea6.jpg', 'Autunno', 'Pianta erbacea', NULL, NULL, NULL, NULL, 'Vernonia angustifolia Michx. ssp. angustifolia', 'Violet', 41),
(652, 'CSS/img_flora/Alberi/albero6.jpg', NULL, NULL, 'Inverno', 'Albero', 'Apiaceae', 'Lomatium mohavense (J.M. Coult. & Rose) J.M. Coult. & Rose ssp. longilobum W.L. Theobald', NULL, NULL, NULL, NULL, 4),
(653, NULL, 'CSS/img_flora/Arbusti/arbusto1.jpg', NULL, 'Primavera', 'Arbusto', NULL, NULL, 'Kern Buckwheat', '4m', NULL, NULL, 48),
(654, NULL, NULL, 'CSS/img_flora/PianteErbacee/PiantaErbacea7.jpg', 'Primavera', 'Pianta erbacea', NULL, NULL, NULL, NULL, 'Fuscidea lowensis (H. Magn.) R. Anderson & Hertel', 'Yellow', 8),
(655, 'CSS/img_flora/Alberi/albero1.jpg', NULL, NULL, 'Primavera', 'Albero', 'Polemoniaceae', 'Navarretia hamata Greene ssp. parviloba Day', NULL, NULL, NULL, NULL, 5),
(656, NULL, NULL, 'CSS/img_flora/PianteErbacee/PiantaErbacea7.jpg', 'Inverno', 'Pianta erbacea', NULL, NULL, NULL, NULL, 'Antitrichia curtipendula (Hedw.) Brid.', 'Green', 37),
(657, NULL, 'CSS/img_flora/Arbusti/arbusto4.jpg', NULL, 'Estate', 'Arbusto', NULL, NULL, 'Ptychomitrium Moss', '1m', NULL, NULL, 50),
(658, 'CSS/img_flora/Alberi/albero5.jpg', NULL, NULL, 'Primavera', 'Albero', 'Caprifoliaceae', 'Weigela florida (Bunge) A. DC.', NULL, NULL, NULL, NULL, 3),
(659, 'CSS/img_flora/Alberi/albero7.jpg', NULL, NULL, 'Estate', 'Albero', 'Polemoniaceae', 'Ipomopsis pumila (Nutt.) V.E. Grant', NULL, NULL, NULL, NULL, 5),
(660, NULL, NULL, 'CSS/img_flora/PianteErbacee/PiantaErbacea3.jpg', 'Primavera', 'Pianta erbacea', NULL, NULL, NULL, NULL, 'Melampodium strigosum Stuessy', 'Turquoise', 17),
(661, NULL, 'CSS/img_flora/Arbusti/arbusto4.jpg', NULL, 'Inverno', 'Arbusto', NULL, NULL, 'Leskea Moss', '4m', NULL, NULL, 14),
(662, 'CSS/img_flora/Alberi/albero6.jpg', NULL, NULL, 'Estate', 'Albero', 'Asteraceae', 'Brickellia amplexicaulis B.L. Rob. var. amplexicaulis', NULL, NULL, NULL, NULL, 12),
(663, NULL, NULL, 'CSS/img_flora/PianteErbacee/PiantaErbacea8.jpg', 'Inverno', 'Pianta erbacea', NULL, NULL, NULL, NULL, 'Cryptantha glomeriflora Greene', 'Khaki', 9),
(665, 'CSS/img_flora/Alberi/albero4.jpg', NULL, NULL, 'Estate', 'Albero', 'Asteraceae', 'Stevia salicifolia Cav.', NULL, NULL, NULL, NULL, 29),
(666, 'CSS/img_flora/Alberi/albero4.jpg', NULL, NULL, 'Primavera', 'Albero', 'Gesneriaceae', 'Cyrtandra honolulensis Wawra (pro sp.)', NULL, NULL, NULL, NULL, 47),
(667, 'CSS/img_flora/Alberi/albero5.jpg', NULL, NULL, 'Inverno', 'Albero', 'Malvaceae', 'Sidalcea malachroides (Hook. & Arn.) A. Gray', NULL, NULL, NULL, NULL, 40),
(668, NULL, 'CSS/img_flora/Arbusti/arbusto1.jpg', NULL, 'Inverno', 'Arbusto', NULL, NULL, 'Flavopunctelia Lichen', '1m', NULL, NULL, 41),
(669, NULL, 'CSS/img_flora/Arbusti/arbusto1.jpg', NULL, 'Autunno', 'Arbusto', NULL, NULL, 'Amygdalaria Lichen', '5m', NULL, NULL, 31),
(671, 'CSS/img_flora/Alberi/albero4.jpg', NULL, NULL, 'Inverno', 'Albero', 'Pinaceae', 'Picea abies (L.) Karst.', NULL, NULL, NULL, NULL, 45),
(672, NULL, 'CSS/img_flora/Arbusti/arbusto3.jpg', NULL, 'Estate', 'Arbusto', NULL, NULL, 'California Ayenia', '4m', NULL, NULL, 7),
(673, NULL, NULL, 'CSS/img_flora/PianteErbacee/PiantaErbacea1.jpg', 'Primavera', 'Pianta erbacea', NULL, NULL, NULL, NULL, 'Setaria magna Griseb.', 'Purple', 11),
(674, NULL, NULL, 'CSS/img_flora/PianteErbacee/PiantaErbacea3.jpg', 'Autunno', 'Pianta erbacea', NULL, NULL, NULL, NULL, 'Streptanthus cordatus Nutt. var. piutensis J.T. Howell', 'Green', 26),
(675, NULL, 'CSS/img_flora/Arbusti/arbusto5.jpg', NULL, 'Inverno', 'Arbusto', NULL, NULL, 'Green Pitcherplant', '4m', NULL, NULL, 31),
(676, NULL, NULL, 'CSS/img_flora/PianteErbacee/PiantaErbacea2.jpg', 'Primavera', 'Pianta erbacea', NULL, NULL, NULL, NULL, 'Perideridia americana (Nutt. ex DC.) Rchb.', 'Teal', 47),
(677, NULL, 'CSS/img_flora/Arbusti/arbusto3.jpg', NULL, 'Primavera', 'Arbusto', NULL, NULL, 'Spleenwort Cyanea', '1m', NULL, NULL, 25),
(679, NULL, 'CSS/img_flora/Arbusti/arbusto5.jpg', NULL, 'Inverno', 'Arbusto', NULL, NULL, 'Snow Lichen', '4m', NULL, NULL, 15),
(680, 'CSS/img_flora/Alberi/albero4.jpg', NULL, NULL, 'Inverno', 'Albero', 'Fabaceae', 'Trifolium dedeckerae J.M. Gillett', NULL, NULL, NULL, NULL, 3),
(681, NULL, 'CSS/img_flora/Arbusti/arbusto4.jpg', NULL, 'Primavera', 'Arbusto', NULL, NULL, 'Seabean', '5m', NULL, NULL, 21),
(683, NULL, 'CSS/img_flora/Arbusti/arbusto3.jpg', NULL, 'Estate', 'Arbusto', NULL, NULL, 'Chinese Yellowcress', '5m', NULL, NULL, 44),
(684, 'CSS/img_flora/Alberi/albero6.jpg', NULL, NULL, 'Autunno', 'Albero', 'Asteraceae', 'Tanacetum corymbosum (L.) Sch. Bip.', NULL, NULL, NULL, NULL, 22),
(685, 'CSS/img_flora/Alberi/albero7.jpg', NULL, NULL, 'Autunno', 'Albero', 'Asteraceae', 'Flaveria floridana J.R. Johnst.', NULL, NULL, NULL, NULL, 13),
(686, NULL, NULL, 'CSS/img_flora/PianteErbacee/PiantaErbacea1.jpg', 'Estate', 'Pianta erbacea', NULL, NULL, NULL, NULL, 'Grammitis Sw.', 'Green', 18),
(687, 'CSS/img_flora/Alberi/albero5.jpg', NULL, NULL, 'Inverno', 'Albero', 'Rubiaceae', 'Psychotria hexandra H. Mann ssp. hexandra var. hirta Wawra', NULL, NULL, NULL, NULL, 42),
(688, 'CSS/img_flora/Alberi/albero6.jpg', NULL, NULL, 'Primavera', 'Albero', 'Juncaceae', 'Juncus tiehmii Ertter', NULL, NULL, NULL, NULL, 10),
(689, NULL, 'CSS/img_flora/Arbusti/arbusto4.jpg', NULL, 'Inverno', 'Arbusto', NULL, NULL, 'Longleaf Brickellbush', '2m', NULL, NULL, 41),
(690, NULL, 'CSS/img_flora/Arbusti/arbusto7.jpg', NULL, 'Inverno', 'Arbusto', NULL, NULL, 'Roundhead Prairie Clover', '5m', NULL, NULL, 48),
(691, NULL, 'CSS/img_flora/Arbusti/arbusto5.jpg', NULL, 'Estate', 'Arbusto', NULL, NULL, 'Phymatosaurus', '2m', NULL, NULL, 7),
(692, NULL, 'CSS/img_flora/Arbusti/arbusto7.jpg', NULL, 'Estate', 'Arbusto', NULL, NULL, 'European Seaheath', '2m', NULL, NULL, 29),
(693, NULL, NULL, 'CSS/img_flora/PianteErbacee/PiantaErbacea9.jpg', 'Inverno', 'Pianta erbacea', NULL, NULL, NULL, NULL, 'Cyanea hirtella (H. Mann) Hillebr.', 'Teal', 23),
(695, NULL, 'CSS/img_flora/Arbusti/arbusto4.jpg', NULL, 'Estate', 'Arbusto', NULL, NULL, 'Yellow Moosedung Moss', '5m', NULL, NULL, 46),
(696, NULL, 'CSS/img_flora/Arbusti/arbusto7.jpg', NULL, 'Primavera', 'Arbusto', NULL, NULL, 'Cascade Mountain Ash', '3m', NULL, NULL, 15),
(697, NULL, 'CSS/img_flora/Arbusti/arbusto4.jpg', NULL, 'Primavera', 'Arbusto', NULL, NULL, 'Cassava', '4m', NULL, NULL, 10),
(698, NULL, 'CSS/img_flora/Arbusti/arbusto1.jpg', NULL, 'Estate', 'Arbusto', NULL, NULL, 'Cornel-leaf Whitetop', '2m', NULL, NULL, 3),
(699, NULL, 'CSS/img_flora/Arbusti/arbusto4.jpg', NULL, 'Estate', 'Arbusto', NULL, NULL, 'Jagua', '1m', NULL, NULL, 9),
(700, NULL, NULL, 'CSS/img_flora/PianteErbacee/PiantaErbacea4.jpg', 'Estate', 'Pianta erbacea', NULL, NULL, NULL, NULL, 'Castilleja angustifolia (Nutt.) G. Don', 'Aquamarine', 14),
(701, NULL, NULL, 'CSS/img_flora/PianteErbacee/PiantaErbacea1.jpg', 'Primavera', 'Pianta erbacea', NULL, NULL, NULL, NULL, 'Xanthoparmelia nigropsomifera (T. Nash) Egan', 'Maroon', 34),
(702, NULL, NULL, 'CSS/img_flora/PianteErbacee/PiantaErbacea6.jpg', 'Primavera', 'Pianta erbacea', NULL, NULL, NULL, NULL, 'Arrabidaea DC.', 'Red', 31),
(703, 'CSS/img_flora/Alberi/albero6.jpg', NULL, NULL, 'Primavera', 'Albero', 'Brassicaceae', 'Rorippa barbareifolia (DC.) Kitagawa', NULL, NULL, NULL, NULL, 38),
(705, NULL, 'CSS/img_flora/Arbusti/arbusto6.jpg', NULL, 'Primavera', 'Arbusto', NULL, NULL, 'Mt. Diablo Milkvetch', '1m', NULL, NULL, 40),
(706, NULL, NULL, 'CSS/img_flora/PianteErbacee/PiantaErbacea5.jpg', 'Primavera', 'Pianta erbacea', NULL, NULL, NULL, NULL, 'Lipocarpha occidentalis (A. Gray) G. Tucker', 'Fuscia', 44),
(707, NULL, 'CSS/img_flora/Arbusti/arbusto2.jpg', NULL, 'Autunno', 'Arbusto', NULL, NULL, 'Birdbill Dayflower', '3m', NULL, NULL, 38),
(708, NULL, NULL, 'CSS/img_flora/PianteErbacee/PiantaErbacea2.jpg', 'Primavera', 'Pianta erbacea', NULL, NULL, NULL, NULL, 'Cyanea kahiliensis (H. St. John) Lammers', 'Crimson', 48),
(709, NULL, 'CSS/img_flora/Arbusti/arbusto4.jpg', NULL, 'Primavera', 'Arbusto', NULL, NULL, 'Prairie Broomweed', '4m', NULL, NULL, 5),
(710, NULL, 'CSS/img_flora/Arbusti/arbusto6.jpg', NULL, 'Autunno', 'Arbusto', NULL, NULL, 'Sea Apple', '2m', NULL, NULL, 6),
(711, 'CSS/img_flora/Alberi/albero2.jpg', NULL, NULL, 'Inverno', 'Albero', 'Asteraceae', 'Ericameria nauseosa (Pall. ex Pursh) G.L. Nesom & Baird ssp. consimilis (Greene) G.L. Nesom & Baird', NULL, NULL, NULL, NULL, 32),
(712, NULL, NULL, 'CSS/img_flora/PianteErbacee/PiantaErbacea2.jpg', 'Primavera', 'Pianta erbacea', NULL, NULL, NULL, NULL, 'Schistidium apocarpum (Hedw.) Bruch & Schimp.', 'Red', 15);
INSERT INTO `flora` (`IdFlora`, `path_immagine_albero`, `path_immagine_arbusto`, `path_immagine_PiantaErbacea`, `Stagione_fioritura`, `Categoria`, `GenereAlbero`, `TipoFoglie`, `SpecieArbusto`, `DimensioneArbusto`, `ClassificazionePianteErbacee`, `ColorePianteErbacee`, `fk_IdParco`) VALUES
(715, 'CSS/img_flora/Alberi/albero5.jpg', NULL, NULL, 'Estate', 'Albero', 'Solanaceae', 'Solanum incanum L.', NULL, NULL, NULL, NULL, 22),
(716, NULL, 'CSS/img_flora/Arbusti/arbusto1.jpg', NULL, 'Estate', 'Arbusto', NULL, NULL, 'Maui Plantain', '2m', NULL, NULL, 40),
(717, NULL, NULL, 'CSS/img_flora/PianteErbacee/PiantaErbacea8.jpg', 'Inverno', 'Pianta erbacea', NULL, NULL, NULL, NULL, 'Boerhavia megaptera Standl.', 'Pink', 8),
(718, NULL, 'CSS/img_flora/Arbusti/arbusto6.jpg', NULL, 'Primavera', 'Arbusto', NULL, NULL, 'Candyleaf', '2m', NULL, NULL, 14),
(720, 'CSS/img_flora/Alberi/albero1.jpg', NULL, NULL, 'Estate', 'Albero', 'Poaceae', 'Cenchrus L.', NULL, NULL, NULL, NULL, 9),
(721, 'CSS/img_flora/Alberi/albero1.jpg', NULL, NULL, 'Inverno', 'Albero', 'Polemoniaceae', 'Phlox glaberrima L. ssp. triflora (Michx.) Wherry', NULL, NULL, NULL, NULL, 18),
(722, NULL, 'CSS/img_flora/Arbusti/arbusto1.jpg', NULL, 'Primavera', 'Arbusto', NULL, NULL, 'Pillpod Sandmat', '2m', NULL, NULL, 24),
(723, NULL, NULL, 'CSS/img_flora/PianteErbacee/PiantaErbacea2.jpg', 'Estate', 'Pianta erbacea', NULL, NULL, NULL, NULL, 'Comarum L.', 'Green', 4),
(724, 'CSS/img_flora/Alberi/albero2.jpg', NULL, NULL, 'Inverno', 'Albero', 'Poaceae', 'Cymbopogon schoenanthus (L.) Spreng. [excluded]', NULL, NULL, NULL, NULL, 44),
(725, NULL, 'CSS/img_flora/Arbusti/arbusto4.jpg', NULL, 'Inverno', 'Arbusto', NULL, NULL, 'Fierce Spaniard', '3m', NULL, NULL, 4),
(726, NULL, 'CSS/img_flora/Arbusti/arbusto5.jpg', NULL, 'Primavera', 'Arbusto', NULL, NULL, 'Crocynia Lichen', '5m', NULL, NULL, 3),
(727, 'CSS/img_flora/Alberi/albero6.jpg', NULL, NULL, 'Primavera', 'Albero', 'Musaceae', 'Musa balbisiana Colla', NULL, NULL, NULL, NULL, 10),
(729, NULL, NULL, 'CSS/img_flora/PianteErbacee/PiantaErbacea2.jpg', 'Inverno', 'Pianta erbacea', NULL, NULL, NULL, NULL, 'Iris munzii R.C. Foster', 'Violet', 13),
(730, 'CSS/img_flora/Alberi/albero7.jpg', NULL, NULL, 'Estate', 'Albero', 'Fabaceae', 'Astragalus curvicarpus (A. Heller) J.F. Macbr. var. brachycodon (Barneby) Barneby', NULL, NULL, NULL, NULL, 3),
(731, NULL, 'CSS/img_flora/Arbusti/arbusto3.jpg', NULL, 'Autunno', 'Arbusto', NULL, NULL, 'Granite Buckwheat', '3m', NULL, NULL, 46),
(732, 'CSS/img_flora/Alberi/albero6.jpg', NULL, NULL, 'Inverno', 'Albero', 'Arecaceae', 'Acrocomia totai Mart.', NULL, NULL, NULL, NULL, 12),
(733, 'CSS/img_flora/Alberi/albero3.jpg', NULL, NULL, 'Inverno', 'Albero', 'Lecanoraceae', 'Psorinia Gotth. Schneid.', NULL, NULL, NULL, NULL, 12),
(734, NULL, NULL, 'CSS/img_flora/PianteErbacee/PiantaErbacea10.jpg', 'Primavera', 'Pianta erbacea', NULL, NULL, NULL, NULL, 'Grusonia schottii (Engelm.) H. Rob.', 'Teal', 31),
(735, NULL, NULL, 'CSS/img_flora/PianteErbacee/PiantaErbacea10.jpg', 'Estate', 'Pianta erbacea', NULL, NULL, NULL, NULL, 'Galactia canescens Benth.', 'Blue', 21),
(736, NULL, 'CSS/img_flora/Arbusti/arbusto7.jpg', NULL, 'Inverno', 'Arbusto', NULL, NULL, 'Philodendron', '3m', NULL, NULL, 26),
(737, NULL, 'CSS/img_flora/Arbusti/arbusto6.jpg', NULL, 'Estate', 'Arbusto', NULL, NULL, 'Miterwort', '4m', NULL, NULL, 41),
(738, NULL, NULL, 'CSS/img_flora/PianteErbacee/PiantaErbacea9.jpg', 'Estate', 'Pianta erbacea', NULL, NULL, NULL, NULL, 'Tithonia diversifolia (Hemsl.) A. Gray', 'Red', 20),
(739, 'CSS/img_flora/Alberi/albero3.jpg', NULL, NULL, 'Estate', 'Albero', 'Lecideaceae', 'Lecidea intropallida Fink', NULL, NULL, NULL, NULL, 8),
(741, NULL, NULL, 'CSS/img_flora/PianteErbacee/PiantaErbacea5.jpg', 'Estate', 'Pianta erbacea', NULL, NULL, NULL, NULL, 'Opuntia pusilla (Haw.) Haw.', 'Green', 20),
(742, NULL, NULL, 'CSS/img_flora/PianteErbacee/PiantaErbacea7.jpg', 'Inverno', 'Pianta erbacea', NULL, NULL, NULL, NULL, 'Funaria apiculatopilosa Cardot', 'Purple', 18),
(743, 'CSS/img_flora/Alberi/albero7.jpg', NULL, NULL, 'Autunno', 'Albero', 'Cyperaceae', 'Carex capitata L.', NULL, NULL, NULL, NULL, 7),
(744, NULL, 'CSS/img_flora/Arbusti/arbusto1.jpg', NULL, 'Autunno', 'Arbusto', NULL, NULL, 'Longstem Milkwort', '3m', NULL, NULL, 31),
(745, NULL, NULL, 'CSS/img_flora/PianteErbacee/PiantaErbacea6.jpg', 'Primavera', 'Pianta erbacea', NULL, NULL, NULL, NULL, 'Mirabilis multiflora (Torr.) A. Gray var. pubescens S. Watson', 'Orange', 14),
(746, NULL, 'CSS/img_flora/Arbusti/arbusto4.jpg', NULL, 'Autunno', 'Arbusto', NULL, NULL, 'Philodendron', '1m', NULL, NULL, 32),
(748, NULL, 'CSS/img_flora/Arbusti/arbusto2.jpg', NULL, 'Estate', 'Arbusto', NULL, NULL, 'Sarea Lichen', '1m', NULL, NULL, 17),
(749, NULL, 'CSS/img_flora/Arbusti/arbusto4.jpg', NULL, 'Autunno', 'Arbusto', NULL, NULL, 'Tissue Sedge', '5m', NULL, NULL, 37),
(750, 'CSS/img_flora/Alberi/albero3.jpg', NULL, NULL, 'Autunno', 'Albero', 'Ulmaceae', 'Ulmus crassifolia Nutt.', NULL, NULL, NULL, NULL, 32),
(751, 'CSS/img_flora/Alberi/albero5.jpg', NULL, NULL, 'Estate', 'Albero', 'Cyperaceae', 'Carex glaucescens Elliott', NULL, NULL, NULL, NULL, 36),
(752, NULL, 'CSS/img_flora/Arbusti/arbusto4.jpg', NULL, 'Inverno', 'Arbusto', NULL, NULL, 'Cup Lichen', '2m', NULL, NULL, 40),
(754, NULL, NULL, 'CSS/img_flora/PianteErbacee/PiantaErbacea9.jpg', 'Autunno', 'Pianta erbacea', NULL, NULL, NULL, NULL, 'Herzogiella adscendens (Lindb.) Z. Iwats. & Schof.', 'Fuscia', 46),
(755, NULL, NULL, 'CSS/img_flora/PianteErbacee/PiantaErbacea8.jpg', 'Estate', 'Pianta erbacea', NULL, NULL, NULL, NULL, 'Frankenia salina (Molina) I.M. Johnst.', 'Turquoise', 36),
(756, NULL, 'CSS/img_flora/Arbusti/arbusto5.jpg', NULL, 'Inverno', 'Arbusto', NULL, NULL, 'Rescuegrass', '4m', NULL, NULL, 2),
(757, NULL, 'CSS/img_flora/Arbusti/arbusto5.jpg', NULL, 'Estate', 'Arbusto', NULL, NULL, 'Wonderberry', '3m', NULL, NULL, 43),
(758, NULL, 'CSS/img_flora/Arbusti/arbusto3.jpg', NULL, 'Primavera', 'Arbusto', NULL, NULL, 'Twining Snakelily', '3m', NULL, NULL, 50),
(759, NULL, NULL, 'CSS/img_flora/PianteErbacee/PiantaErbacea9.jpg', 'Inverno', 'Pianta erbacea', NULL, NULL, NULL, NULL, 'Lycopodiella alopecuroides (L.) Cranfill', 'Turquoise', 44),
(760, NULL, 'CSS/img_flora/Arbusti/arbusto6.jpg', NULL, 'Estate', 'Arbusto', NULL, NULL, 'Limestone Hedgehyssop', '5m', NULL, NULL, 47),
(763, NULL, NULL, 'CSS/img_flora/PianteErbacee/PiantaErbacea5.jpg', 'Primavera', 'Pianta erbacea', NULL, NULL, NULL, NULL, 'Silene laciniata Cav. ssp. greggii (A. Gray) C.L. Hitchc. & Maguire', 'Crimson', 22),
(764, NULL, NULL, 'CSS/img_flora/PianteErbacee/PiantaErbacea2.jpg', 'Inverno', 'Pianta erbacea', NULL, NULL, NULL, NULL, 'Petractis farlowii (Tuck. ex Nyl.) Vezda', 'Indigo', 45),
(765, NULL, NULL, 'CSS/img_flora/PianteErbacee/PiantaErbacea5.jpg', 'Estate', 'Pianta erbacea', NULL, NULL, NULL, NULL, 'Rubus kennedyanus Fernald', 'Goldenrod', 46),
(766, 'CSS/img_flora/Alberi/albero7.jpg', NULL, NULL, 'Inverno', 'Albero', 'Malvaceae', 'Anisodontea capensis (L.) D.M. Bates', NULL, NULL, NULL, NULL, 10),
(767, 'CSS/img_flora/Alberi/albero4.jpg', NULL, NULL, 'Autunno', 'Albero', 'Fabaceae', 'Caesalpinia bonduc (L.) Roxb.', NULL, NULL, NULL, NULL, 7),
(768, 'CSS/img_flora/Alberi/albero6.jpg', NULL, NULL, 'Primavera', 'Albero', 'Fabaceae', 'Lotononis bainesii Baker', NULL, NULL, NULL, NULL, 22),
(769, NULL, 'CSS/img_flora/Arbusti/arbusto3.jpg', NULL, 'Autunno', 'Arbusto', NULL, NULL, 'Diplotomma Lichen', '2m', NULL, NULL, 47),
(770, NULL, 'CSS/img_flora/Arbusti/arbusto1.jpg', NULL, 'Autunno', 'Arbusto', NULL, NULL, 'Bladder Campion', '4m', NULL, NULL, 30),
(771, 'CSS/img_flora/Alberi/albero4.jpg', NULL, NULL, 'Primavera', 'Albero', 'Asteraceae', 'Tetramolopium humile (A. Gray) Hillebr. ssp. humile', NULL, NULL, NULL, NULL, 34),
(772, 'CSS/img_flora/Alberi/albero1.jpg', NULL, NULL, 'Estate', 'Albero', 'Campanulaceae', 'Parishella A. Gray', NULL, NULL, NULL, NULL, 2),
(773, 'CSS/img_flora/Alberi/albero6.jpg', NULL, NULL, 'Primavera', 'Albero', 'Asteraceae', 'Bidens multiceps Fassett', NULL, NULL, NULL, NULL, 7),
(774, NULL, NULL, 'CSS/img_flora/PianteErbacee/PiantaErbacea7.jpg', 'Inverno', 'Pianta erbacea', NULL, NULL, NULL, NULL, 'Megalastrum subincisa (Willd.) A.R. Sm. & R.C. Moran', 'Crimson', 5),
(775, NULL, NULL, 'CSS/img_flora/PianteErbacee/PiantaErbacea10.jpg', 'Inverno', 'Pianta erbacea', NULL, NULL, NULL, NULL, 'Abutilon hirtum (Lam.) Sweet', 'Teal', 43),
(776, 'CSS/img_flora/Alberi/albero3.jpg', NULL, NULL, 'Primavera', 'Albero', 'Thelypteridaceae', 'Thelypteris reptans (J.F. Gmel.) Morton var. tenera (Fe) Proctor', NULL, NULL, NULL, NULL, 1),
(777, NULL, 'CSS/img_flora/Arbusti/arbusto1.jpg', NULL, 'Autunno', 'Arbusto', NULL, NULL, 'Colombian Rockcap Fern', '4m', NULL, NULL, 15),
(778, 'CSS/img_flora/Alberi/albero2.jpg', NULL, NULL, 'Autunno', 'Albero', 'Liliaceae', 'Calochortus clavatus S. Watson', NULL, NULL, NULL, NULL, 29),
(779, NULL, NULL, 'CSS/img_flora/PianteErbacee/PiantaErbacea9.jpg', 'Inverno', 'Pianta erbacea', NULL, NULL, NULL, NULL, 'Krigia Schreb.', 'Blue', 13),
(780, NULL, NULL, 'CSS/img_flora/PianteErbacee/PiantaErbacea5.jpg', 'Autunno', 'Pianta erbacea', NULL, NULL, NULL, NULL, 'Salix athabascensis Raup', 'Crimson', 18),
(781, NULL, NULL, 'CSS/img_flora/PianteErbacee/PiantaErbacea4.jpg', 'Inverno', 'Pianta erbacea', NULL, NULL, NULL, NULL, 'Psychotria revoluta DC.', 'Blue', 31),
(782, 'CSS/img_flora/Alberi/albero6.jpg', NULL, NULL, 'Estate', 'Albero', 'Gentianaceae', 'Centaurium pulchellum (Sw.) Druce', NULL, NULL, NULL, NULL, 26),
(783, NULL, NULL, 'CSS/img_flora/PianteErbacee/PiantaErbacea2.jpg', 'Autunno', 'Pianta erbacea', NULL, NULL, NULL, NULL, 'Callirhoe triangulata (Leavenworth) A. Gray', 'Pink', 6),
(784, 'CSS/img_flora/Alberi/albero4.jpg', NULL, NULL, 'Inverno', 'Albero', 'Fabaceae', 'Trifolium plumosum Douglas ex Hook. ssp. amplifolium (J.S. Martin) J.M. Gillett', NULL, NULL, NULL, NULL, 1),
(785, NULL, 'CSS/img_flora/Arbusti/arbusto2.jpg', NULL, 'Estate', 'Arbusto', NULL, NULL, 'Diverseleaf Small Limestone Moss', '1m', NULL, NULL, 9),
(786, 'CSS/img_flora/Alberi/albero1.jpg', NULL, NULL, 'Autunno', 'Albero', 'Nyctaginaceae', 'Pisonia aculeata L.', NULL, NULL, NULL, NULL, 21),
(787, 'CSS/img_flora/Alberi/albero5.jpg', NULL, NULL, 'Primavera', 'Albero', 'Fabaceae', 'Lathyrus jepsonii Greene ssp. jepsonii', NULL, NULL, NULL, NULL, 23),
(788, NULL, NULL, 'CSS/img_flora/PianteErbacee/PiantaErbacea7.jpg', 'Autunno', 'Pianta erbacea', NULL, NULL, NULL, NULL, 'Cylindropuntia kelvinensis (V.E. Grant & K.A. Grant) P.V. Heath', 'Aquamarine', 48),
(789, NULL, 'CSS/img_flora/Arbusti/arbusto2.jpg', NULL, 'Inverno', 'Arbusto', NULL, NULL, 'Leiberg Stonecrop', '1m', NULL, NULL, 8),
(790, NULL, 'CSS/img_flora/Arbusti/arbusto7.jpg', NULL, 'Inverno', 'Arbusto', NULL, NULL, 'New England Blackberry', '2m', NULL, NULL, 35),
(792, NULL, NULL, 'CSS/img_flora/PianteErbacee/PiantaErbacea6.jpg', 'Inverno', 'Pianta erbacea', NULL, NULL, NULL, NULL, 'Cephaelis ipecacuanha (Brot.) Tussac', 'Violet', 8),
(793, NULL, NULL, 'CSS/img_flora/PianteErbacee/PiantaErbacea9.jpg', 'Inverno', 'Pianta erbacea', NULL, NULL, NULL, NULL, 'Oedipodium griffithianum (Dicks.) Schwgr.', 'Fuscia', 3),
(795, NULL, NULL, 'CSS/img_flora/PianteErbacee/PiantaErbacea9.jpg', 'Inverno', 'Pianta erbacea', NULL, NULL, NULL, NULL, 'Eleutherococcus Maxim.', 'Pink', 33),
(796, NULL, 'CSS/img_flora/Arbusti/arbusto6.jpg', NULL, 'Primavera', 'Arbusto', NULL, NULL, 'Blue-tulip', '3m', NULL, NULL, 29),
(798, 'CSS/img_flora/Alberi/albero7.jpg', NULL, NULL, 'Inverno', 'Albero', 'Fabaceae', 'Astragalus tener A. Gray var. ferrisiae A. Liston', NULL, NULL, NULL, NULL, 24),
(799, 'CSS/img_flora/Alberi/albero7.jpg', NULL, NULL, 'Inverno', 'Albero', 'Liliaceae', 'Schoenocaulon dubium (Michx.) Small', NULL, NULL, NULL, NULL, 45),
(800, NULL, 'CSS/img_flora/Arbusti/arbusto1.jpg', NULL, 'Estate', 'Arbusto', NULL, NULL, 'Simple-stem Everlasting', '1m', NULL, NULL, 13),
(801, NULL, NULL, 'CSS/img_flora/PianteErbacee/PiantaErbacea10.jpg', 'Primavera', 'Pianta erbacea', NULL, NULL, NULL, NULL, 'Orthilia Raf.', 'Indigo', 15),
(803, NULL, 'CSS/img_flora/Arbusti/arbusto7.jpg', NULL, 'Estate', 'Arbusto', NULL, NULL, 'Silktassel', '3m', NULL, NULL, 16),
(804, NULL, 'CSS/img_flora/Arbusti/arbusto6.jpg', NULL, 'Autunno', 'Arbusto', NULL, NULL, 'Jumping Cholla', '1m', NULL, NULL, 34),
(805, 'CSS/img_flora/Alberi/albero5.jpg', NULL, NULL, 'Estate', 'Albero', 'Asteraceae', 'Adenophyllum wrightii A. Gray', NULL, NULL, NULL, NULL, 1),
(806, NULL, NULL, 'CSS/img_flora/PianteErbacee/PiantaErbacea10.jpg', 'Primavera', 'Pianta erbacea', NULL, NULL, NULL, NULL, 'Carex mertensii Prescott ex Bong.', 'Khaki', 34),
(807, NULL, 'CSS/img_flora/Arbusti/arbusto1.jpg', NULL, 'Autunno', 'Arbusto', NULL, NULL, 'Coastal Sandmat', '5m', NULL, NULL, 38),
(808, NULL, NULL, 'CSS/img_flora/PianteErbacee/PiantaErbacea3.jpg', 'Primavera', 'Pianta erbacea', NULL, NULL, NULL, NULL, 'Eleocharis erythropoda Steud.', 'Goldenrod', 6),
(809, NULL, NULL, 'CSS/img_flora/PianteErbacee/PiantaErbacea10.jpg', 'Autunno', 'Pianta erbacea', NULL, NULL, NULL, NULL, 'Vinca major L.', 'Maroon', 38),
(810, 'CSS/img_flora/Alberi/albero4.jpg', NULL, NULL, 'Estate', 'Albero', 'Sterculiaceae', 'Guazuma Mill.', NULL, NULL, NULL, NULL, 13),
(811, NULL, NULL, 'CSS/img_flora/PianteErbacee/PiantaErbacea7.jpg', 'Estate', 'Pianta erbacea', NULL, NULL, NULL, NULL, 'Achnatherum aridum (M.E. Jones) Barkworth', 'Indigo', 38),
(812, 'CSS/img_flora/Alberi/albero5.jpg', NULL, NULL, 'Estate', 'Albero', 'Scrophulariaceae', 'Castilleja integra A. Gray var. integra', NULL, NULL, NULL, NULL, 27),
(813, 'CSS/img_flora/Alberi/albero6.jpg', NULL, NULL, 'Autunno', 'Albero', 'Fabaceae', 'Lupinus arcticus S. Watson ssp. subalpinus (Piper & B.L. Rob.) D. Dunn', NULL, NULL, NULL, NULL, 18),
(814, 'CSS/img_flora/Alberi/albero6.jpg', NULL, NULL, 'Primavera', 'Albero', 'Apiaceae', 'Tordylium apulum L.', NULL, NULL, NULL, NULL, 10),
(815, NULL, 'CSS/img_flora/Arbusti/arbusto5.jpg', NULL, 'Primavera', 'Arbusto', NULL, NULL, 'Kauai Geranium', '4m', NULL, NULL, 41),
(816, 'CSS/img_flora/Alberi/albero2.jpg', NULL, NULL, 'Inverno', 'Albero', 'Cyperaceae', 'Carex vicaria L.H. Bailey', NULL, NULL, NULL, NULL, 33),
(817, NULL, 'CSS/img_flora/Arbusti/arbusto3.jpg', NULL, 'Autunno', 'Arbusto', NULL, NULL, 'Rose Glorybower', '1m', NULL, NULL, 34),
(818, NULL, NULL, 'CSS/img_flora/PianteErbacee/PiantaErbacea4.jpg', 'Primavera', 'Pianta erbacea', NULL, NULL, NULL, NULL, 'Teliostachya Nees', 'Mauv', 20),
(819, 'CSS/img_flora/Alberi/albero7.jpg', NULL, NULL, 'Primavera', 'Albero', 'Loganiaceae', 'Spigelia texana (Torr. & A. Gray) A. DC.', NULL, NULL, NULL, NULL, 50),
(820, 'CSS/img_flora/Alberi/albero7.jpg', NULL, NULL, 'Primavera', 'Albero', 'Orchidaceae', 'Trichosalpinx dura (Lindl.) Luer', NULL, NULL, NULL, NULL, 24),
(821, NULL, 'CSS/img_flora/Arbusti/arbusto4.jpg', NULL, 'Primavera', 'Arbusto', NULL, NULL, 'Ivyleaf Groundcherry', '1m', NULL, NULL, 18),
(822, NULL, 'CSS/img_flora/Arbusti/arbusto6.jpg', NULL, 'Primavera', 'Arbusto', NULL, NULL, 'Small-leaf Delissea', '3m', NULL, NULL, 41),
(823, NULL, NULL, 'CSS/img_flora/PianteErbacee/PiantaErbacea10.jpg', 'Autunno', 'Pianta erbacea', NULL, NULL, NULL, NULL, 'Lathyrus pusillus Elliott', 'Yellow', 10),
(824, NULL, NULL, 'CSS/img_flora/PianteErbacee/PiantaErbacea8.jpg', 'Estate', 'Pianta erbacea', NULL, NULL, NULL, NULL, 'Myriophyllum alterniflorum DC.', 'Blue', 9),
(826, 'CSS/img_flora/Alberi/albero3.jpg', NULL, NULL, 'Estate', 'Albero', 'Stereocaulaceae', 'Stereocaulon incrustatum Flrke', NULL, NULL, NULL, NULL, 32),
(827, NULL, NULL, 'CSS/img_flora/PianteErbacee/PiantaErbacea5.jpg', 'Autunno', 'Pianta erbacea', NULL, NULL, NULL, NULL, 'Nigella damascena L.', 'Puce', 23),
(829, 'CSS/img_flora/Alberi/albero2.jpg', NULL, NULL, 'Estate', 'Albero', 'Cyperaceae', 'Rhynchospora macrostachya Torr. ex A. Gray', NULL, NULL, NULL, NULL, 48),
(830, NULL, NULL, 'CSS/img_flora/PianteErbacee/PiantaErbacea5.jpg', 'Inverno', 'Pianta erbacea', NULL, NULL, NULL, NULL, 'Dysphania carinata (R. Br.) Mosyakin & Clemants', 'Pink', 6),
(831, NULL, 'CSS/img_flora/Arbusti/arbusto3.jpg', NULL, 'Primavera', 'Arbusto', NULL, NULL, 'Florida Keys Thoroughwort', '2m', NULL, NULL, 24),
(832, 'CSS/img_flora/Alberi/albero6.jpg', NULL, NULL, 'Autunno', 'Albero', 'Apiaceae', 'Tauschia howellii (J.M. Coult. & Rose) J.F. Macbr.', NULL, NULL, NULL, NULL, 29),
(833, NULL, 'CSS/img_flora/Arbusti/arbusto5.jpg', NULL, 'Primavera', 'Arbusto', NULL, NULL, 'Yosemite Lewisia', '1m', NULL, NULL, 36),
(834, NULL, NULL, 'CSS/img_flora/PianteErbacee/PiantaErbacea2.jpg', 'Inverno', 'Pianta erbacea', NULL, NULL, NULL, NULL, 'Tropidocarpum capparideum Greene', 'Purple', 29),
(835, 'CSS/img_flora/Alberi/albero5.jpg', NULL, NULL, 'Primavera', 'Albero', 'Polygonaceae', 'Eriogonum umbellatum Torr. var. aureum (Gandog.) Reveal', NULL, NULL, NULL, NULL, 7),
(836, 'CSS/img_flora/Alberi/albero2.jpg', NULL, NULL, 'Primavera', 'Albero', 'Myrtaceae', 'Eucalyptus macarthurii H. Deane & Maiden', NULL, NULL, NULL, NULL, 15),
(837, NULL, NULL, 'CSS/img_flora/PianteErbacee/PiantaErbacea1.jpg', 'Primavera', 'Pianta erbacea', NULL, NULL, NULL, NULL, 'Pycnanthemum virginianum (L.) T. Dur. & B.D. Jacks. ex B.L. Rob. & Fernald', 'Violet', 15),
(838, NULL, 'CSS/img_flora/Arbusti/arbusto5.jpg', NULL, 'Estate', 'Arbusto', NULL, NULL, 'Plagiothecium Moss', '2m', NULL, NULL, 18),
(839, 'CSS/img_flora/Alberi/albero3.jpg', NULL, NULL, 'Autunno', 'Albero', 'Scrophulariaceae', 'Mimulus evanescens R.J. Meinke', NULL, NULL, NULL, NULL, 41),
(840, NULL, NULL, 'CSS/img_flora/PianteErbacee/PiantaErbacea7.jpg', 'Estate', 'Pianta erbacea', NULL, NULL, NULL, NULL, 'Potamogeton argutulus Hagstr.', 'Green', 43),
(841, NULL, 'CSS/img_flora/Arbusti/arbusto2.jpg', NULL, 'Primavera', 'Arbusto', NULL, NULL, 'Fewflower Spikerush', '1m', NULL, NULL, 47),
(842, 'CSS/img_flora/Alberi/albero6.jpg', NULL, NULL, 'Inverno', 'Albero', 'Fabaceae', 'Parkinsonia microphylla Torr.', NULL, NULL, NULL, NULL, 23),
(843, NULL, NULL, 'CSS/img_flora/PianteErbacee/PiantaErbacea1.jpg', 'Primavera', 'Pianta erbacea', NULL, NULL, NULL, NULL, 'Saxifraga bryophora A. Gray var. tobiasiae J. Grimes & Packard', 'Indigo', 42),
(844, 'CSS/img_flora/Alberi/albero1.jpg', NULL, NULL, 'Estate', 'Albero', 'Fabaceae', 'Astragalus oreganus Nutt.', NULL, NULL, NULL, NULL, 22),
(845, 'CSS/img_flora/Alberi/albero2.jpg', NULL, NULL, 'Inverno', 'Albero', 'Physciaceae', 'Buellia elizae (Tuck.) Tuck.', NULL, NULL, NULL, NULL, 24),
(846, NULL, 'CSS/img_flora/Arbusti/arbusto5.jpg', NULL, 'Estate', 'Arbusto', NULL, NULL, 'Woodystem Speedwell', '1m', NULL, NULL, 44),
(847, NULL, NULL, 'CSS/img_flora/PianteErbacee/PiantaErbacea5.jpg', 'Autunno', 'Pianta erbacea', NULL, NULL, NULL, NULL, 'Hedyotis greenei (A. Gray) W.H. Lewis', 'Yellow', 10),
(848, NULL, NULL, 'CSS/img_flora/PianteErbacee/PiantaErbacea4.jpg', 'Inverno', 'Pianta erbacea', NULL, NULL, NULL, NULL, 'Cardamine carrii B.L. Turner', 'Pink', 17),
(849, 'CSS/img_flora/Alberi/albero5.jpg', NULL, NULL, 'Estate', 'Albero', 'Caryophyllaceae', 'Stellaria ruscifolia Pall. ex Schltdl. ssp. aleutica Hultn', NULL, NULL, NULL, NULL, 40),
(850, 'CSS/img_flora/Alberi/albero5.jpg', NULL, NULL, 'Estate', 'Albero', 'Caryophyllaceae', 'Stellaria media (L.) Vill. ssp. media', NULL, NULL, NULL, NULL, 50),
(852, NULL, NULL, 'CSS/img_flora/PianteErbacee/PiantaErbacea1.jpg', 'Inverno', 'Pianta erbacea', NULL, NULL, NULL, NULL, 'Caesalpinia portoricensis (Britton & P. Wilson) Alain', 'Puce', 23),
(853, 'CSS/img_flora/Alberi/albero5.jpg', NULL, NULL, 'Estate', 'Albero', 'Asteraceae', 'Matricaria occidentalis Greene', NULL, NULL, NULL, NULL, 40),
(854, NULL, 'CSS/img_flora/Arbusti/arbusto5.jpg', NULL, 'Autunno', 'Arbusto', NULL, NULL, 'Beet', '4m', NULL, NULL, 15),
(856, 'CSS/img_flora/Alberi/albero2.jpg', NULL, NULL, 'Primavera', 'Albero', 'Proteaceae', 'Banksia spinulosa Sm.', NULL, NULL, NULL, NULL, 49),
(857, NULL, NULL, 'CSS/img_flora/PianteErbacee/PiantaErbacea3.jpg', 'Autunno', 'Pianta erbacea', NULL, NULL, NULL, NULL, 'Eccremidium floridanum H.A. Crum', 'Goldenrod', 40),
(859, NULL, NULL, 'CSS/img_flora/PianteErbacee/PiantaErbacea2.jpg', 'Primavera', 'Pianta erbacea', NULL, NULL, NULL, NULL, 'Woodsia obtusa (Spreng.) Torr.', 'Crimson', 49),
(860, 'CSS/img_flora/Alberi/albero6.jpg', NULL, NULL, 'Inverno', 'Albero', 'Rhamnaceae', 'Ceanothus gloriosus J.T. Howell var. gloriosus', NULL, NULL, NULL, NULL, 22),
(861, 'CSS/img_flora/Alberi/albero7.jpg', NULL, NULL, 'Primavera', 'Albero', 'Parmeliaceae', 'Usnea monstruosa Vain.', NULL, NULL, NULL, NULL, 6),
(862, NULL, NULL, 'CSS/img_flora/PianteErbacee/PiantaErbacea2.jpg', 'Primavera', 'Pianta erbacea', NULL, NULL, NULL, NULL, 'Brazoria truncata (Benth.) Engelm. & A. Gray', 'Maroon', 8),
(863, NULL, 'CSS/img_flora/Arbusti/arbusto5.jpg', NULL, 'Primavera', 'Arbusto', NULL, NULL, 'Hypnum Moss', '4m', NULL, NULL, 8),
(864, NULL, 'CSS/img_flora/Arbusti/arbusto1.jpg', NULL, 'Autunno', 'Arbusto', NULL, NULL, 'Spring Lessingia', '5m', NULL, NULL, 37),
(865, 'CSS/img_flora/Alberi/albero7.jpg', NULL, NULL, 'Inverno', 'Albero', 'Fabaceae', 'Vicia nigricans Hook. & Arn.', NULL, NULL, NULL, NULL, 49),
(866, 'CSS/img_flora/Alberi/albero7.jpg', NULL, NULL, 'Autunno', 'Albero', 'Droseraceae', 'Drosera capensis L.', NULL, NULL, NULL, NULL, 46),
(867, NULL, NULL, 'CSS/img_flora/PianteErbacee/PiantaErbacea6.jpg', 'Inverno', 'Pianta erbacea', NULL, NULL, NULL, NULL, 'Silene drummondii Hook. var. drummondii', 'Teal', 23),
(868, NULL, NULL, 'CSS/img_flora/PianteErbacee/PiantaErbacea8.jpg', 'Primavera', 'Pianta erbacea', NULL, NULL, NULL, NULL, 'Sphaeralcea wrightii A. Gray', 'Blue', 46),
(869, 'CSS/img_flora/Alberi/albero7.jpg', NULL, NULL, 'Primavera', 'Albero', 'Fabaceae', 'Dalea austrotexana B.L. Turner', NULL, NULL, NULL, NULL, 36),
(870, NULL, NULL, 'CSS/img_flora/PianteErbacee/PiantaErbacea9.jpg', 'Autunno', 'Pianta erbacea', NULL, NULL, NULL, NULL, 'Erythrophleum Afzel. ex R. Br.', 'Turquoise', 27),
(871, NULL, NULL, 'CSS/img_flora/PianteErbacee/PiantaErbacea5.jpg', 'Estate', 'Pianta erbacea', NULL, NULL, NULL, NULL, 'Huperzia lucidula (Michx.) Trevis.', 'Goldenrod', 22),
(872, 'CSS/img_flora/Alberi/albero1.jpg', NULL, NULL, 'Primavera', 'Albero', 'Fabaceae', 'Astragalus piscator Barneby & S.L. Welsh', NULL, NULL, NULL, NULL, 11),
(874, 'CSS/img_flora/Alberi/albero4.jpg', NULL, NULL, 'Estate', 'Albero', 'Asteraceae', 'Castalis tragus (Aiton) Norl.', NULL, NULL, NULL, NULL, 46),
(876, NULL, 'CSS/img_flora/Arbusti/arbusto6.jpg', NULL, 'Inverno', 'Arbusto', NULL, NULL, 'Big Bend Bluebonnet', '4m', NULL, NULL, 6),
(877, NULL, NULL, 'CSS/img_flora/PianteErbacee/PiantaErbacea2.jpg', 'Autunno', 'Pianta erbacea', NULL, NULL, NULL, NULL, 'Cardamine bulbifera (L.) Crantz', 'Green', 30),
(878, 'CSS/img_flora/Alberi/albero5.jpg', NULL, NULL, 'Estate', 'Albero', 'Poaceae', 'Blepharidachne bigelovii (S. Watson) Hack.', NULL, NULL, NULL, NULL, 41),
(879, NULL, NULL, 'CSS/img_flora/PianteErbacee/PiantaErbacea4.jpg', 'Primavera', 'Pianta erbacea', NULL, NULL, NULL, NULL, 'Malus purpurea (A. Barbier) Rehder', 'Maroon', 14),
(880, NULL, 'CSS/img_flora/Arbusti/arbusto3.jpg', NULL, 'Primavera', 'Arbusto', NULL, NULL, 'Ouachita False Indigo', '3m', NULL, NULL, 42),
(881, NULL, NULL, 'CSS/img_flora/PianteErbacee/PiantaErbacea3.jpg', 'Inverno', 'Pianta erbacea', NULL, NULL, NULL, NULL, 'Ptelea trifoliata L. ssp. pallida (Greene) V. Bailey', 'Khaki', 6),
(882, NULL, 'CSS/img_flora/Arbusti/arbusto1.jpg', NULL, 'Inverno', 'Arbusto', NULL, NULL, 'Hollyleaf Ceanothus', '1m', NULL, NULL, 13),
(883, NULL, 'CSS/img_flora/Arbusti/arbusto7.jpg', NULL, 'Primavera', 'Arbusto', NULL, NULL, 'Golden Hala Pepe', '3m', NULL, NULL, 6),
(884, NULL, NULL, 'CSS/img_flora/PianteErbacee/PiantaErbacea8.jpg', 'Primavera', 'Pianta erbacea', NULL, NULL, NULL, NULL, 'Pittosporum terminalioides Planch. ex A. Gray', 'Goldenrod', 40),
(885, NULL, 'CSS/img_flora/Arbusti/arbusto1.jpg', NULL, 'Estate', 'Arbusto', NULL, NULL, 'Hairy Beaksedge', '1m', NULL, NULL, 18),
(886, NULL, 'CSS/img_flora/Arbusti/arbusto7.jpg', NULL, 'Autunno', 'Arbusto', NULL, NULL, 'Johnsongrass', '2m', NULL, NULL, 11),
(887, NULL, NULL, 'CSS/img_flora/PianteErbacee/PiantaErbacea6.jpg', 'Autunno', 'Pianta erbacea', NULL, NULL, NULL, NULL, 'Thuarea involuta (G. Forst.) R. Br. ex Roem. & Schult.', 'Khaki', 4),
(888, 'CSS/img_flora/Alberi/albero7.jpg', NULL, NULL, 'Estate', 'Albero', 'Fabaceae', 'Oxyrhynchus Brandegee', NULL, NULL, NULL, NULL, 15),
(889, 'CSS/img_flora/Alberi/albero5.jpg', NULL, NULL, 'Estate', 'Albero', 'Onagraceae', 'Epilobium billardierianum Ser.', NULL, NULL, NULL, NULL, 5),
(890, NULL, NULL, 'CSS/img_flora/PianteErbacee/PiantaErbacea3.jpg', 'Autunno', 'Pianta erbacea', NULL, NULL, NULL, NULL, 'Calydorea coelestina (W. Bartram) Goldblatt & Henrich', 'Mauv', 23),
(891, NULL, NULL, 'CSS/img_flora/PianteErbacee/PiantaErbacea6.jpg', 'Autunno', 'Pianta erbacea', NULL, NULL, NULL, NULL, 'Osmorhiza claytonii (Michx.) C.B. Clarke', 'Mauv', 13),
(893, NULL, 'CSS/img_flora/Arbusti/arbusto6.jpg', NULL, 'Primavera', 'Arbusto', NULL, NULL, 'Husk Tomato', '1m', NULL, NULL, 5),
(894, NULL, NULL, 'CSS/img_flora/PianteErbacee/PiantaErbacea1.jpg', 'Estate', 'Pianta erbacea', NULL, NULL, NULL, NULL, 'Limnanthes bakeri J.T. Howell', 'Yellow', 10),
(895, NULL, 'CSS/img_flora/Arbusti/arbusto2.jpg', NULL, 'Primavera', 'Arbusto', NULL, NULL, 'Cracked Lichen', '2m', NULL, NULL, 8),
(896, NULL, NULL, 'CSS/img_flora/PianteErbacee/PiantaErbacea5.jpg', 'Inverno', 'Pianta erbacea', NULL, NULL, NULL, NULL, 'Trillium foetidissimum J.D. Freeman', 'Goldenrod', 22),
(897, NULL, NULL, 'CSS/img_flora/PianteErbacee/PiantaErbacea3.jpg', 'Primavera', 'Pianta erbacea', NULL, NULL, NULL, NULL, 'Senecio lugens Richardson', 'Indigo', 5),
(898, NULL, NULL, 'CSS/img_flora/PianteErbacee/PiantaErbacea1.jpg', 'Estate', 'Pianta erbacea', NULL, NULL, NULL, NULL, 'Bromus arvensis L.', 'Yellow', 5),
(899, 'CSS/img_flora/Alberi/albero7.jpg', NULL, NULL, 'Inverno', 'Albero', 'Oxalidaceae', 'Oxalis albicans Kunth ssp. californica (Abrams) Eiten', NULL, NULL, NULL, NULL, 12),
(900, NULL, 'CSS/img_flora/Arbusti/arbusto3.jpg', NULL, 'Autunno', 'Arbusto', NULL, NULL, 'Maryland Meadowbeauty', '1m', NULL, NULL, 11),
(901, NULL, 'CSS/img_flora/Arbusti/arbusto6.jpg', NULL, 'Autunno', 'Arbusto', NULL, NULL, 'Dotted Orchid', '2m', NULL, NULL, 6),
(902, NULL, 'CSS/img_flora/Arbusti/arbusto2.jpg', NULL, 'Autunno', 'Arbusto', NULL, NULL, 'Tropical Beaksedge', '5m', NULL, NULL, 10),
(903, NULL, NULL, 'CSS/img_flora/PianteErbacee/PiantaErbacea2.jpg', 'Autunno', 'Pianta erbacea', NULL, NULL, NULL, NULL, 'Sabatia gentianoides Elliott', 'Purple', 31),
(904, NULL, 'CSS/img_flora/Arbusti/arbusto4.jpg', NULL, 'Inverno', 'Arbusto', NULL, NULL, 'Malheur Cryptantha', '5m', NULL, NULL, 46),
(905, NULL, 'CSS/img_flora/Arbusti/arbusto5.jpg', NULL, 'Primavera', 'Arbusto', NULL, NULL, 'Boxelder', '4m', NULL, NULL, 14),
(906, 'CSS/img_flora/Alberi/albero7.jpg', NULL, NULL, 'Autunno', 'Albero', 'Polemoniaceae', 'Eriastrum pluriflorum (A. Heller) H. Mason ssp. sherman-hoytae (Craig) H. Mason', NULL, NULL, NULL, NULL, 46),
(907, NULL, 'CSS/img_flora/Arbusti/arbusto1.jpg', NULL, 'Autunno', 'Arbusto', NULL, NULL, 'Blueberry', '3m', NULL, NULL, 35),
(908, NULL, NULL, 'CSS/img_flora/PianteErbacee/PiantaErbacea9.jpg', 'Primavera', 'Pianta erbacea', NULL, NULL, NULL, NULL, 'Cerastium arvense L. ssp. strictum (L.) Ugborogho', 'Turquoise', 44),
(910, 'CSS/img_flora/Alberi/albero3.jpg', NULL, NULL, 'Inverno', 'Albero', 'Malvaceae', 'Hoheria A. Cunn.', NULL, NULL, NULL, NULL, 22),
(911, NULL, 'CSS/img_flora/Arbusti/arbusto2.jpg', NULL, 'Primavera', 'Arbusto', NULL, NULL, 'Arctic Catchfly', '3m', NULL, NULL, 20),
(912, 'CSS/img_flora/Alberi/albero7.jpg', NULL, NULL, 'Autunno', 'Albero', 'Apiaceae', 'Lomatium oreganum (J.M. Coult. & Rose) J.M. Coult. & Rose', NULL, NULL, NULL, NULL, 31),
(913, NULL, 'CSS/img_flora/Arbusti/arbusto2.jpg', NULL, 'Autunno', 'Arbusto', NULL, NULL, 'Large Gallberry', '2m', NULL, NULL, 1),
(914, NULL, 'CSS/img_flora/Arbusti/arbusto5.jpg', NULL, 'Primavera', 'Arbusto', NULL, NULL, 'Leafy Lespedeza', '1m', NULL, NULL, 11),
(915, NULL, 'CSS/img_flora/Arbusti/arbusto3.jpg', NULL, 'Estate', 'Arbusto', NULL, NULL, 'Cartilage Lichen', '3m', NULL, NULL, 34),
(917, NULL, NULL, 'CSS/img_flora/PianteErbacee/PiantaErbacea7.jpg', 'Inverno', 'Pianta erbacea', NULL, NULL, NULL, NULL, 'Cirsium canovirens (Rydb.) Petr.', 'Fuscia', 13),
(918, NULL, 'CSS/img_flora/Arbusti/arbusto3.jpg', NULL, 'Inverno', 'Arbusto', NULL, NULL, 'Dwarf Lousewort', '4m', NULL, NULL, 44),
(919, NULL, NULL, 'CSS/img_flora/PianteErbacee/PiantaErbacea2.jpg', 'Estate', 'Pianta erbacea', NULL, NULL, NULL, NULL, 'Rubus defectionis Fernald', 'Yellow', 8),
(920, 'CSS/img_flora/Alberi/albero6.jpg', NULL, NULL, 'Primavera', 'Albero', 'Proteaceae', 'Isopogon dubius (R. Br.) Druce', NULL, NULL, NULL, NULL, 32),
(921, NULL, NULL, 'CSS/img_flora/PianteErbacee/PiantaErbacea2.jpg', 'Autunno', 'Pianta erbacea', NULL, NULL, NULL, NULL, 'Astragalus humistratus A. Gray var. sonorae (A. Gray) M.E. Jones', 'Fuscia', 1),
(923, 'CSS/img_flora/Alberi/albero4.jpg', NULL, NULL, 'Estate', 'Albero', 'Hydrophyllaceae', 'Emmenanthe penduliflora Benth.', NULL, NULL, NULL, NULL, 36),
(924, 'CSS/img_flora/Alberi/albero6.jpg', NULL, NULL, 'Autunno', 'Albero', 'Araceae', 'Peltandra sagittifolia (Michx.) Morong', NULL, NULL, NULL, NULL, 15),
(925, NULL, NULL, 'CSS/img_flora/PianteErbacee/PiantaErbacea3.jpg', 'Autunno', 'Pianta erbacea', NULL, NULL, NULL, NULL, 'Pseudophoenix sargentii H. Wendl. ex Sarg. ssp. saonae (O.F. Cook) Read', 'Fuscia', 27),
(926, 'CSS/img_flora/Alberi/albero2.jpg', NULL, NULL, 'Estate', 'Albero', 'Orchidaceae', 'Oncidium carthaginense (Jacq.) Sw. [excluded]', NULL, NULL, NULL, NULL, 5),
(927, 'CSS/img_flora/Alberi/albero1.jpg', NULL, NULL, 'Estate', 'Albero', 'Cactaceae', 'Stenocereus thurberi (Engelm.) Buxbaum', NULL, NULL, NULL, NULL, 44),
(929, 'CSS/img_flora/Alberi/albero4.jpg', NULL, NULL, 'Primavera', 'Albero', 'Onagraceae', 'Clarkia borealis E. Small ssp. borealis', NULL, NULL, NULL, NULL, 17),
(930, 'CSS/img_flora/Alberi/albero4.jpg', NULL, NULL, 'Estate', 'Albero', 'Asteraceae', 'Lasthenia californica DC. ex Lindl. ssp. californica', NULL, NULL, NULL, NULL, 44),
(931, 'CSS/img_flora/Alberi/albero2.jpg', NULL, NULL, 'Primavera', 'Albero', 'Brassicaceae', 'Streptanthus sparsiflorus Rollins', NULL, NULL, NULL, NULL, 21),
(932, NULL, NULL, 'CSS/img_flora/PianteErbacee/PiantaErbacea2.jpg', 'Inverno', 'Pianta erbacea', NULL, NULL, NULL, NULL, 'Eriogonum nudum Douglas ex Benth. var. murinum Reveal', 'Maroon', 13),
(933, 'CSS/img_flora/Alberi/albero3.jpg', NULL, NULL, 'Inverno', 'Albero', 'Asteraceae', 'Microseris laciniata (Hook.) Sch. Bip.', NULL, NULL, NULL, NULL, 5),
(935, 'CSS/img_flora/Alberi/albero6.jpg', NULL, NULL, 'Inverno', 'Albero', 'Fabaceae', 'Astragalus lindheimeri Engelm. ex A. Gray', NULL, NULL, NULL, NULL, 38),
(936, 'CSS/img_flora/Alberi/albero1.jpg', NULL, NULL, 'Primavera', 'Albero', 'Scrophulariaceae', 'Collinsia torreyi A. Gray var. torreyi', NULL, NULL, NULL, NULL, 16),
(937, NULL, 'CSS/img_flora/Arbusti/arbusto4.jpg', NULL, 'Estate', 'Arbusto', NULL, NULL, 'Limestone Buckwheat', '4m', NULL, NULL, 4),
(938, 'CSS/img_flora/Alberi/albero6.jpg', NULL, NULL, 'Estate', 'Albero', 'Graphidaceae', 'Graphis desquamescens (Fe) Zahlbr.', NULL, NULL, NULL, NULL, 3),
(939, 'CSS/img_flora/Alberi/albero2.jpg', NULL, NULL, 'Inverno', 'Albero', 'Cyperaceae', 'Rhynchospora divergens Chapm. ex M.A. Curtis', NULL, NULL, NULL, NULL, 32),
(940, NULL, NULL, 'CSS/img_flora/PianteErbacee/PiantaErbacea10.jpg', 'Estate', 'Pianta erbacea', NULL, NULL, NULL, NULL, 'Hydrocotyle moschata G. Forst.', 'Purple', 12),
(941, 'CSS/img_flora/Alberi/albero1.jpg', NULL, NULL, 'Primavera', 'Albero', 'Zamiaceae', 'Zamia amblyphyllidia D.W. Stev.', NULL, NULL, NULL, NULL, 34),
(942, 'CSS/img_flora/Alberi/albero7.jpg', NULL, NULL, 'Inverno', 'Albero', 'Boraginaceae', 'Onosmodium bejariense DC. ex A. DC.', NULL, NULL, NULL, NULL, 10),
(943, NULL, NULL, 'CSS/img_flora/PianteErbacee/PiantaErbacea4.jpg', 'Inverno', 'Pianta erbacea', NULL, NULL, NULL, NULL, 'Symphyotrichum tradescantii (L.) G.L. Nesom', 'Puce', 17),
(944, NULL, NULL, 'CSS/img_flora/PianteErbacee/PiantaErbacea1.jpg', 'Autunno', 'Pianta erbacea', NULL, NULL, NULL, NULL, 'Panicum tenuifolium Hook. & Arn.', 'Goldenrod', 7),
(947, NULL, NULL, 'CSS/img_flora/PianteErbacee/PiantaErbacea4.jpg', 'Primavera', 'Pianta erbacea', NULL, NULL, NULL, NULL, 'Rubus montensis L.H. Bailey', 'Red', 45),
(949, 'CSS/img_flora/Alberi/albero3.jpg', NULL, NULL, 'Estate', 'Albero', 'Liliaceae', 'Nolina cismontana Dice', NULL, NULL, NULL, NULL, 24),
(950, 'CSS/img_flora/Alberi/albero3.jpg', NULL, NULL, 'Primavera', 'Albero', 'Fabaceae', 'Mucuna gigantea (Willd.) DC.', NULL, NULL, NULL, NULL, 22),
(951, NULL, 'CSS/img_flora/Arbusti/arbusto1.jpg', NULL, 'Primavera', 'Arbusto', NULL, NULL, 'Sticky Chinese Houses', '1m', NULL, NULL, 2),
(952, 'CSS/img_flora/Alberi/albero2.jpg', NULL, NULL, 'Primavera', 'Albero', 'Poaceae', 'Zizania palustris L.', NULL, NULL, NULL, NULL, 43),
(953, NULL, 'CSS/img_flora/Arbusti/arbusto7.jpg', NULL, 'Primavera', 'Arbusto', NULL, NULL, 'Sandhill Muhly', '4m', NULL, NULL, 34),
(954, NULL, 'CSS/img_flora/Arbusti/arbusto6.jpg', NULL, 'Autunno', 'Arbusto', NULL, NULL, 'Wart Lichen', '5m', NULL, NULL, 31),
(955, NULL, 'CSS/img_flora/Arbusti/arbusto7.jpg', NULL, 'Estate', 'Arbusto', NULL, NULL, 'Wyoming Townsend Daisy', '1m', NULL, NULL, 22),
(956, NULL, 'CSS/img_flora/Arbusti/arbusto6.jpg', NULL, 'Primavera', 'Arbusto', NULL, NULL, 'Parasitic Dactylospora Lichen', '4m', NULL, NULL, 21),
(957, NULL, 'CSS/img_flora/Arbusti/arbusto5.jpg', NULL, 'Inverno', 'Arbusto', NULL, NULL, 'Lecidea Lichen', '4m', NULL, NULL, 35),
(958, 'CSS/img_flora/Alberi/albero2.jpg', NULL, NULL, 'Estate', 'Albero', 'Fabaceae', 'Astragalus episcopus S. Watson var. episcopus', NULL, NULL, NULL, NULL, 12),
(959, NULL, NULL, 'CSS/img_flora/PianteErbacee/PiantaErbacea4.jpg', 'Primavera', 'Pianta erbacea', NULL, NULL, NULL, NULL, 'Phlox viridis E.E. Nelson', 'Aquamarine', 31),
(960, NULL, NULL, 'CSS/img_flora/PianteErbacee/PiantaErbacea2.jpg', 'Autunno', 'Pianta erbacea', NULL, NULL, NULL, NULL, 'Lecanora granulifera (Ach.) Nyl.', 'Teal', 22),
(961, 'CSS/img_flora/Alberi/albero5.jpg', NULL, NULL, 'Primavera', 'Albero', 'Brassicaceae', 'Rorippa curvipes Greene var. truncata (Jeps.) Rollins', NULL, NULL, NULL, NULL, 32),
(962, NULL, 'CSS/img_flora/Arbusti/arbusto6.jpg', NULL, 'Autunno', 'Arbusto', NULL, NULL, 'Small-leaf Bittercress', '5m', NULL, NULL, 27),
(964, NULL, NULL, 'CSS/img_flora/PianteErbacee/PiantaErbacea1.jpg', 'Primavera', 'Pianta erbacea', NULL, NULL, NULL, NULL, 'Phlox andicola E.E. Nelson ssp. andicola', 'Yellow', 47),
(965, NULL, 'CSS/img_flora/Arbusti/arbusto2.jpg', NULL, 'Estate', 'Arbusto', NULL, NULL, 'Ponderosa Pine', '2m', NULL, NULL, 22),
(966, 'CSS/img_flora/Alberi/albero7.jpg', NULL, NULL, 'Autunno', 'Albero', 'Teloschistaceae', 'Caloplaca tominii Savicz', NULL, NULL, NULL, NULL, 8),
(967, NULL, NULL, 'CSS/img_flora/PianteErbacee/PiantaErbacea6.jpg', 'Autunno', 'Pianta erbacea', NULL, NULL, NULL, NULL, 'Heuchera sanguinea Engelm. var. pulchra (Rydb.) Rosend.', 'Indigo', 5),
(968, NULL, NULL, 'CSS/img_flora/PianteErbacee/PiantaErbacea5.jpg', 'Inverno', 'Pianta erbacea', NULL, NULL, NULL, NULL, 'Arnoglossum atriplicifolium (L.) H. Rob.', 'Pink', 25),
(970, 'CSS/img_flora/Alberi/albero2.jpg', NULL, NULL, 'Estate', 'Albero', 'Meesiaceae', 'Meesia Hedw.', NULL, NULL, NULL, NULL, 38),
(971, NULL, NULL, 'CSS/img_flora/PianteErbacee/PiantaErbacea6.jpg', 'Inverno', 'Pianta erbacea', NULL, NULL, NULL, NULL, 'Eranthis hyemalis (L.) Salisb.', 'Puce', 5),
(972, NULL, 'CSS/img_flora/Arbusti/arbusto5.jpg', NULL, 'Primavera', 'Arbusto', NULL, NULL, 'Coastal Phacelia', '2m', NULL, NULL, 44),
(973, 'CSS/img_flora/Alberi/albero3.jpg', NULL, NULL, 'Autunno', 'Albero', 'Fabaceae', 'Anadenanthera peregrina (L.) Speg.', NULL, NULL, NULL, NULL, 24),
(974, NULL, 'CSS/img_flora/Arbusti/arbusto3.jpg', NULL, 'Estate', 'Arbusto', NULL, NULL, 'Yellow Woodland Anemone', '1m', NULL, NULL, 18),
(975, NULL, 'CSS/img_flora/Arbusti/arbusto6.jpg', NULL, 'Estate', 'Arbusto', NULL, NULL, 'African Oil Palm', '5m', NULL, NULL, 32),
(977, NULL, NULL, 'CSS/img_flora/PianteErbacee/PiantaErbacea7.jpg', 'Inverno', 'Pianta erbacea', NULL, NULL, NULL, NULL, 'Carex manhartii Bryson', 'Puce', 6),
(978, NULL, 'CSS/img_flora/Arbusti/arbusto3.jpg', NULL, 'Inverno', 'Arbusto', NULL, NULL, 'Fecund Schadonia Lichen', '5m', NULL, NULL, 15),
(979, NULL, NULL, 'CSS/img_flora/PianteErbacee/PiantaErbacea7.jpg', 'Estate', 'Pianta erbacea', NULL, NULL, NULL, NULL, 'Tetrapanax papyrifer (Hook.) K. Koch', 'Violet', 44),
(980, NULL, NULL, 'CSS/img_flora/PianteErbacee/PiantaErbacea2.jpg', 'Primavera', 'Pianta erbacea', NULL, NULL, NULL, NULL, 'Hedyotis ponapensis Valeton', 'Khaki', 10),
(981, NULL, NULL, 'CSS/img_flora/PianteErbacee/PiantaErbacea10.jpg', 'Inverno', 'Pianta erbacea', NULL, NULL, NULL, NULL, 'Rubus idaeus L.', 'Green', 14),
(982, NULL, 'CSS/img_flora/Arbusti/arbusto3.jpg', NULL, 'Inverno', 'Arbusto', NULL, NULL, 'Velvet Lupine', '5m', NULL, NULL, 15),
(983, 'CSS/img_flora/Alberi/albero7.jpg', NULL, NULL, 'Estate', 'Albero', 'Juncaceae', 'Juncus orthophyllus Coville', NULL, NULL, NULL, NULL, 49),
(984, 'CSS/img_flora/Alberi/albero1.jpg', NULL, NULL, 'Inverno', 'Albero', 'Asteraceae', 'Packera neomexicana (A. Gray) W.A. Weber & . Lve var. mutabilis (Greene) W.A. Weber & . Lve', NULL, NULL, NULL, NULL, 6),
(985, NULL, 'CSS/img_flora/Arbusti/arbusto1.jpg', NULL, 'Estate', 'Arbusto', NULL, NULL, 'Heterophyllium Moss', '1m', NULL, NULL, 4),
(987, NULL, NULL, 'CSS/img_flora/PianteErbacee/PiantaErbacea2.jpg', 'Autunno', 'Pianta erbacea', NULL, NULL, NULL, NULL, 'Lotus dendroideus (Greene) Greene', 'Red', 18),
(988, 'CSS/img_flora/Alberi/albero1.jpg', NULL, NULL, 'Estate', 'Albero', 'Fagaceae', 'Quercus fernaldii Trel.', NULL, NULL, NULL, NULL, 10),
(989, NULL, 'CSS/img_flora/Arbusti/arbusto6.jpg', NULL, 'Autunno', 'Arbusto', NULL, NULL, 'Mexican Crowngrass', '4m', NULL, NULL, 4),
(990, 'CSS/img_flora/Alberi/albero4.jpg', NULL, NULL, 'Primavera', 'Albero', 'Ditrichaceae', 'Saelania glaucescens (Hedw.) Broth.', NULL, NULL, NULL, NULL, 50),
(991, NULL, NULL, 'CSS/img_flora/PianteErbacee/PiantaErbacea6.jpg', 'Inverno', 'Pianta erbacea', NULL, NULL, NULL, NULL, 'Lupinus bicolor Lindl. ssp. umbellatus (Greene) D. Dunn var. trifidus (S. Watson) C.P. Sm.', 'Red', 24),
(993, NULL, NULL, 'CSS/img_flora/PianteErbacee/PiantaErbacea2.jpg', 'Estate', 'Pianta erbacea', NULL, NULL, NULL, NULL, 'Phacelia covillei S. Watson', 'Khaki', 4),
(994, 'CSS/img_flora/Alberi/albero4.jpg', NULL, NULL, 'Inverno', 'Albero', 'Grossulariaceae', 'Ribes hudsonianum Richardson var. petiolare (Douglas) Jancz.', NULL, NULL, NULL, NULL, 18),
(995, NULL, 'CSS/img_flora/Arbusti/arbusto6.jpg', NULL, 'Primavera', 'Arbusto', NULL, NULL, 'Johnny-nip', '4m', NULL, NULL, 18),
(996, NULL, 'CSS/img_flora/Arbusti/arbusto6.jpg', NULL, 'Primavera', 'Arbusto', NULL, NULL, 'Nineawn Pappusgrass', '2m', NULL, NULL, 41),
(997, NULL, NULL, 'CSS/img_flora/PianteErbacee/PiantaErbacea7.jpg', 'Primavera', 'Pianta erbacea', NULL, NULL, NULL, NULL, 'Ramalina lacera (With.) J.R. Laundon', 'Mauv', 21),
(998, NULL, 'CSS/img_flora/Arbusti/arbusto7.jpg', NULL, 'Primavera', 'Arbusto', NULL, NULL, 'Ginseng', '5m', NULL, NULL, 44),
(999, 'CSS/img_flora/Alberi/albero1.jpg', NULL, NULL, 'Primavera', 'Albero', 'Fabaceae', 'Lupinus agardhianus A. Heller', NULL, NULL, NULL, NULL, 34),
(1000, NULL, 'CSS/img_flora/Arbusti/arbusto1.jpg', NULL, 'Primavera', 'Arbusto', NULL, NULL, 'Beautiful Alumroot', '2m', NULL, NULL, 3),
(1009, 'CSS/img_flora/Alberi/foto-16-dic.jpg', NULL, NULL, 'Ses', 'Albero', 'dewfewf', 'edwdewdew', NULL, NULL, NULL, NULL, 74),
(1012, NULL, 'CSS/img_flora/Arbusti/geranio-5.jpg', NULL, 'efwrf', 'Arbusto', NULL, NULL, 'efwff', '23', NULL, NULL, 74),
(1013, NULL, 'CSS/img_flora/Arbusti/arbusto4.jpg', NULL, 'sueups', 'arbusto', NULL, NULL, 'fewf', '33', NULL, NULL, 74),
(1016, NULL, NULL, 'CSS/img_flora/PianteErbacee/piantaerbacea2.jpg', 'rgrev', 'Pianta erbacea', NULL, NULL, NULL, NULL, 'revrve', 'revvre', 74),
(1018, NULL, NULL, 'CSS/img_flora/PianteErbacee/PiantaErbacea7.jpg', 'greegr', 'Pianta erbacea', NULL, NULL, NULL, NULL, 'gergre', 'reggre', 74),
(1021, 'CSS/img_flora/Alberi/albero7.jpg', NULL, NULL, 'hhtr', 'Albero', 'thrhtr', 'htrhtr', NULL, NULL, NULL, NULL, 74),
(1027, NULL, NULL, 'CSS/img_flora/PianteErbacee/hibiscus_O2.jpg', 'prova78111', 'Pianta erbacea', NULL, NULL, NULL, NULL, 'rtvertv', 'rtvtvr', 74),
(1028, 'CSS/img_flora/Alberi/albero3.jpg', NULL, NULL, 'rtve', 'albero', 'pips', 'AAAA', NULL, NULL, NULL, NULL, 74);

-- --------------------------------------------------------

--
-- Struttura della tabella `parco`
--

CREATE TABLE `parco` (
  `IdParco` int(11) NOT NULL,
  `path_immagine` varchar(100) CHARACTER SET utf8 COLLATE utf8_general_ci NOT NULL,
  `Nome` varchar(50) NOT NULL,
  `Luogo` varchar(50) NOT NULL,
  `Latitudine` double NOT NULL,
  `Longitudine` double NOT NULL,
  `Descrizione` text NOT NULL,
  `fk_IdAmministratore` int(11) NOT NULL
) ENGINE=InnoDB DEFAULT CHARSET=utf8;

--
-- Dump dei dati per la tabella `parco`
--

INSERT INTO `parco` (`IdParco`, `path_immagine`, `Nome`, `Luogo`, `Latitudine`, `Longitudine`, `Descrizione`, `fk_IdAmministratore`) VALUES
(1, 'CSS/img_parchi/parco5.jpg', 'Total Sun Protection', 'Zabaykalsk', 36.48, 17.05, 'nullam varius nulla facilisi cras non velit nec nisi vulputate', 1),
(2, 'CSS/img_parchi/parco5.jpg', 'Junior Aspirin Free Rapid Tabs', 'Xihe', 46.08, 11.46, 'sapien quis libero nullam sit amet turpis elementum ligula vehicula consequat morbi a ipsum', 2),
(3, 'CSS/img_parchi/parco10.jpg', 'ASTH', 'Tigpalay', 43.32, 13.81, 'luctus rutrum nulla tellus in sagittis dui vel nisl duis ac nibh fusce lacus purus aliquet at feugiat', 1),
(4, 'CSS/img_parchi/parco4.jpg', 'Xyntha', 'Blora', 41.92, 8.08, 'vulputate justo in blandit ultrices enim lorem ipsum dolor sit amet consectetuer adipiscing elit proin interdum', 1),
(5, 'CSS/img_parchi/parco1.jpg', 'Glycerin', 'Daan', 45.17, 8.81, 'tempor turpis nec euismod scelerisque quam turpis adipiscing lorem vitae mattis nibh ligula turpis nec euismod ', 3),
(6, 'CSS/img_parchi/parco4.jpg', 'Premarin', 'Zapatero', 44.53, 8.97, 'purus eu magna vulputate luctus cum sociis natoque penatibus et magnis dis parturient montes nascetur ridiculus mus vivamus', 2),
(7, 'CSS/img_parchi/parco4.jpg', 'Nitro-Time', 'Lecze', 46.74, 8.16, 'lacus morbi sem mauris laoreet ut rhoncus aliquet pulvinar sed', 1),
(8, 'CSS/img_parchi/parco1.jpg', 'Uricalm', 'Suya', 39.83, 11.58, 'odio condimentum id luctus nec molestie sed justo pellentesque viverra pede ac', 3),
(9, 'CSS/img_parchi/parco3.jpg', 'OHUI Sun Science intensive sunblock cake EX', 'Boa Viagem', 42.94, 10.08, 'pretium iaculis diam erat fermentum justo nec condimentum neque sapien placerat', 2),
(10, 'CSS/img_parchi/parco4.jpg', 'mally Face Defender Foundation BB', 'Sydney', 35.61, 16.69, 'mauris sit amet eros suspendisse accumsan tortor quis turpis sed ante vivamus tortor duis mattis egestas metus', 1),
(11, 'CSS/img_parchi/parco4.jpg', 'Welchol', 'Loakulu', 43.8, 13.28, 'mi nulla ac enim in tempor turpis nec euismod scelerisque quam turpis adipiscing lorem vitae mattis nibh ligula nec', 2),
(12, 'CSS/img_parchi/parco4.jpg', 'Alcohol Free Antiseptic', 'Nongba', 36.08, 9.01, 'nisl duis ac nibh fusce lacus purus aliquet at feugiat non pretium quis lectus suspendisse potenti in', 2),
(13, 'CSS/img_parchi/parco1.jpg', 'Ranitidine Hydrochloride', 'Suva Reka', 35.65, 8.83, 'bibendum felis sed interdum venenatis turpis enim blandit mi in porttitor pede', 1),
(14, 'CSS/img_parchi/parco8.jpg', 'ShopRite Adult Tussin', 'Dagu', 39.03, 15.3, 'venenatis tristique fusce congue diam id ornare imperdiet sapien urna', 2),
(15, 'CSS/img_parchi/parco5.jpg', 'Allergy Relief', 'Phrae', 42.88, 8.51, 'nec nisi vulputate nonummy maecenas tincidunt lacus at velit vivamus vel nulla eget eros', 3),
(16, 'CSS/img_parchi/parco10.jpg', 'Magnesium Citrate', 'So Vicente', 42.05, 9.9, 'eleifend quam a odio in hac habitasse platea dictumst maecenas ut massa quis augue luctus tincidunt', 2),
(17, 'CSS/img_parchi/parco1.jpg', 'Mucus Relief', 'Costa de Rios Frios', 35.53, 13.57, 'orci vehicula condimentum curabitur in libero ut massa volutpat convallis morbi odio odio elementum eu interdum eu tincidunt', 1),
(18, 'CSS/img_parchi/parco5.jpg', 'Hydrocodone Bitartrate And Acetaminophen', 'Courtaboeuf', 46.35, 7.89, 'sit amet consectetuer adipiscing elit proin risus praesent lectus vestibulum quam sapien', 3),
(20, 'CSS/img_parchi/parco8.jpg', 'Diathesis IV', 'Psary', 42.06, 8.12, 'sed lacus morbi sem mauris laoreet ut rhoncus aliquet pulvinar sed nisl nunc rhoncus', 2),
(21, 'CSS/img_parchi/parco7.jpg', 'TRUFFLE EX WRINKLE SLEEPING MASK', 'Tinaco', 42.37, 9.45, 'aliquam sit amet diam in magna bibendum imperdiet nullam orci pede venenatis non sodales sed tincidunt eu felis', 1),
(22, 'CSS/img_parchi/parco3.jpg', 'ciclopirox olamine', 'Changling', 46.61, 12.45, 'orci luctus et ultrices posuere cubilia curae nulla dapibus dolor vel est donec odio justo sollicitudin', 2),
(23, 'CSS/img_parchi/parco9.jpg', 'Petroleum Kit Refill', 'Acand', 37.1, 6.77, 'ultrices posuere cubilia curae donec pharetra magna vestibulum aliquet ultrices erat', 2),
(24, 'CSS/img_parchi/parco3.jpg', 'Lupron Depot', 'Shaheying', 35.5, 8.65, 'odio condimentum id luctus nec molestie sed justo pellentesque viverra pede ac diam cras pellentesque volutpat', 3),
(25, 'CSS/img_parchi/parco8.jpg', 'Proctozone', 'Apostolove', 42.46, 17.87, 'pulvinar nulla pede ullamcorper augue a suscipit nulla elit ac nulla sed vel', 1),
(26, 'CSS/img_parchi/parco1.jpg', 'Coppertone Wet and Clear Kids', 'Chegutu', 35.89, 11.47, 'maecenas pulvinar lobortis est phasellus sit amet erat nulla tempus', 3),
(27, 'CSS/img_parchi/parco4.jpg', 'Duloxetine', 'Shah Alam', 37.87, 10.18, 'nulla sed accumsan felis ut at dolor quis odio consequat varius integer ac leo pellentesque', 3),
(29, 'CSS/img_parchi/parco8.jpg', 'Hemorrhoids', 'Senj', 44.11, 15.96, 'suspendisse potenti nullam porttitor lacus at turpis donec posuere metus vitae ipsum aliquam non mauris morbi', 3),
(30, 'CSS/img_parchi/parco8.jpg', 'hydrocodone bitartrate and acetaminophen', 'Cibalung', 40.83, 16.47, 'magna vestibulum aliquet ultrices erat tortor sollicitudin mi sit amet lobortis sapien sapien non mi integer', 2),
(31, 'CSS/img_parchi/parco6.jpg', 'St. Joseph Chewable Aspirin', 'Little Rock', 45.77, 7.69, 'donec posuere metus vitae ipsum aliquam non mauris morbi non lectus aliquam sit amet diam in magna', 1),
(32, 'CSS/img_parchi/parco10.jpg', 'Melissa Cold Sore Relief', 'Roblin', 40.67, 11.8, 'in lacus curabitur at ipsum ac tellus semper interdum mauris ullamcorper purus', 1),
(33, 'CSS/img_parchi/parco2.jpg', 'Carbamazepine', 'Arjasari', 43.29, 15.05, 'pulvinar sed nisl nunc rhoncus dui vel sem sed sagittis nam congue risus semper porta volutpat quam', 2),
(34, 'CSS/img_parchi/parco3.jpg', 'Cephalexin', 'Puamata', 39.93, 17.68, 'potenti nullam porttitor lacus at turpis donec posuere metus vitae', 3),
(35, 'CSS/img_parchi/parco10.jpg', 'Number Eleven Tree Mixture', 'Si Racha', 41.8, 10.9, 'varius ut blandit non interdum in ante vestibulum ante ipsum primis in', 2),
(36, 'CSS/img_parchi/parco7.jpg', 'TONYMOLY My Sunny Perfecting Sun Block', 'Guadalupe', 40.55, 13.81, 'interdum mauris ullamcorper purus sit amet nulla quisque arcu libero rutrum ac lobortis vel dapibus', 3),
(37, 'CSS/img_parchi/parco7.jpg', 'Indomethacin', 'Perlez', 37.62, 7.49, 'rhoncus mauris enim leo rhoncus sed vestibulum sit amet cursus id turpis integer aliquet massa id lobortis convallis tortor risus', 3),
(38, 'CSS/img_parchi/parco7.jpg', 'Alendronate Sodium', 'Imeni Zhelyabova', 35.97, 11.71, 'id massa id nisl venenatis lacinia aenean sit amet justo morbi ut odio cras mi pede', 1),
(40, 'CSS/img_parchi/parco2.jpg', 'Aplicare Povidone-iodine Triples', 'Jialu', 39.52, 12.66, 'curae nulla dapibus dolor vel est donec odio justo sollicitudin ut', 3),
(41, 'CSS/img_parchi/parco5.jpg', 'Sore Throat headache', 'Banyupoh', 44.28, 17.43, 'primis in faucibus orci luctus et ultrices posuere cubilia curae nulla dapibus dolor vel est donec odio justo sollicitudin ut', 2),
(42, 'CSS/img_parchi/parco7.jpg', 'MegaFresh Antibacterial Deodorant', 'Oefatu', 40.81, 8.56, 'sapien varius ut blandit non interdum in ante vestibulum ante ipsum primis in faucibus', 2),
(43, 'CSS/img_parchi/parco1.jpg', 'Persantine', 'Nankun', 37.58, 17.92, 'eleifend quam a odio in hac habitasse platea dictumst maecenas', 2),
(44, 'CSS/img_parchi/parco7.jpg', 'Neutrogena Clear Pore Acne Treatment', 'Moutsamoudou', 42.25, 9, 'integer a nibh in quis justo maecenas rhoncus aliquam lacus morbi quis tortor id nulla ultrices aliquet maecenas leo', 1),
(45, 'CSS/img_parchi/parco7.jpg', 'Childrens Acetaminophen', 'Takahama', 42.53, 14.1, 'dui proin leo odio porttitor id consequat in consequat ut nulla sed accumsan felis ut at', 1),
(46, 'CSS/img_parchi/parco1.jpg', 'DentiCare Pro-Foam', 'Jaru', 42.84, 11.12, 'fermentum donec ut mauris eget massa tempor convallis nulla neque libero', 3),
(47, 'CSS/img_parchi/parco1.jpg', 'equaline acid reducer', 'Jinkou', 38.6, 16.21, 'amet consectetuer adipiscing elit proin interdum mauris non ligula pellentesque ultrices phasellus id sapien in', 2),
(48, 'CSS/img_parchi/parco4.jpg', 'moxifloxacin hydrochloride', 'Nnewi', 41.28, 12.46, 'sit amet diam in magna bibendum imperdiet nullam orci pede venenatis non sodales sed tincidunt eu felis fusce posuere felis', 1),
(49, 'CSS/img_parchi/parco2.jpg', 'Clindamycin Hydrochloride', 'Laoliangcang', 43.18, 14.98, 'dapibus augue vel accumsan tellus nisi eu orci mauris lacinia sapien quis libero', 3),
(50, 'CSS/img_parchi/parco5.jpg', 'ZINACEF', 'Al Qaf', 44.01, 17.04, 'justo sollicitudin ut suscipit a feugiat et eros vestibulum ac est lacinia nisi venenatis tristique fusce', 2),
(74, 'CSS/img_parchi/trasferimento.jpg', 'Ses', 'Genova', 37, 15, 'jeeeej', 1);

-- --------------------------------------------------------

--
-- Struttura della tabella `responsabile`
--

CREATE TABLE `responsabile` (
  `IdResponsabile` int(11) NOT NULL,
  `Nome` varchar(25) NOT NULL,
  `Cognome` varchar(25) NOT NULL,
  `Email` varchar(100) NOT NULL,
  `Password` varchar(250) CHARACTER SET utf8 COLLATE utf8_general_ci NOT NULL,
  `fk_IdAmministratore` int(11) NOT NULL,
  `fk_IdParco` int(11) NOT NULL
) ENGINE=InnoDB DEFAULT CHARSET=utf8;

--
-- Dump dei dati per la tabella `responsabile`
--

INSERT INTO `responsabile` (`IdResponsabile`, `Nome`, `Cognome`, `Email`, `Password`, `fk_IdAmministratore`, `fk_IdParco`) VALUES
(1, 'Virge', 'Sworder', 'Virge.Sworder@ambiente.com', '$2y$10$5fAR.NJ0QaS/0QULQ9RDZegI4thg6URZD7wa/6AxmlGJzodYto4P6', 1, 1),
(2, 'Sandy', 'Hawick', 'Sandy.Hawick@ambiente.com', '$2y$10$tUgHk7zcrMIzO9Pl.lZiAO8FOjk7DTWzWWIDzVh0NeabhU5fIMSwy', 2, 2),
(3, 'Abelard', 'McPhaden', 'Abelard.McPhaden@ambiente.com', '$2y$10$odcTpsnvGe1znpD1BEFGw.UZ4XRVtVZKMWUw5QrTBKkg0RsRFNWM6', 3, 3),
(4, 'Flint', 'Orrey', 'Flint.Orrey@ambiente.com', '$2y$10$P/j9syvMklpAMhRWofml4.43ba8XMd1WmSsHxNfQJMbPrD6DjADsS', 3, 4),
(5, 'Claudell', 'Bickardike', 'Claudell.Bickardike@ambiente.com', '$2y$10$lntwo4uoE36WFRQ5NHBEu.vP1Hmp0n7yWsue1LITa5fhyJjm9RDJC', 3, 5),
(6, 'Drusilla', 'Stockow', 'Drusilla.Stockow@ambiente.com', '$2y$10$8wwQ3r0eP63Gp324qkFpiOh6aAjAPikRjUQVyjUByQxlf32cCXZKS', 2, 6),
(7, 'Natala', 'Frango', 'Natala.Frango@ambiente.com', '$2y$10$tn5BkDBTdRNWv8sKY.m7Y.KEihlGzYUOxa8Kp1VcPMdQrT3CTpOWy', 3, 7),
(8, 'Fenelia', 'Durek', 'Fenelia.Durek@ambiente.com', '$2y$10$44Rj/c9iJULCmctJ2sqmBuuQBHZafiTed2QwMo7BPK594CO6F685q', 3, 8),
(9, 'Catharina', 'Ayerst', 'Catharina.Ayerst@ambiente.com', '$2y$10$QLcNoeyHH6t18IVh4aFMbONs6D.XsiHzMCL41sOc40VT3lmbzTGGK', 1, 9),
(10, 'Freeman', 'Leadstone', 'Freeman.Leadstone@ambiente.com', '$2y$10$xRRI9KBkQv25LGCCyzKVhO35Dgyfm.Rbj8hDjmLix01eVPutEnFhO', 1, 10),
(11, 'Domini', 'Roglieri', 'Domini.Roglieri@ambiente.com', '$2y$10$Qo/raLfePYpVB6IhlgglGeLuIkv/5Ywux.kI.ipOvdH6mPRzufz5a', 1, 11),
(12, 'Florry', 'Kytter', 'Florry.Kytter@ambiente.com', '$2y$10$m2zFIdmbGjCs8sNRG2hLaO4vV5BKwT09OUPnmMWb.9i91USxn6txq', 1, 12),
(13, 'Lory', 'Amar', 'Lory.Amar@ambiente.com', '$2y$10$G0JBZUvXQf5jIqy6KxXyl.CePXR4AhX8xZJXt9to.DlRisupbOxM.', 2, 13),
(14, 'Karina', 'Morrall', 'Karina.Morrall@ambiente.com', '$2y$10$e38Ph/OzkeGoyHaAuMsXEeX2HzJDKb8AkB/XGJiIvSyidqozazskK', 3, 14),
(15, 'Dion', 'Chartman', 'Dion.Chartman@ambiente.com', '$2y$10$a80j4/.0ETbWkbdQW/a9UOD2WP8fcGJI8ZigFYjQpeQAKCDi66VLu', 2, 15),
(17, 'Roth', 'Harron', 'Roth.Harron@ambiente.com', '$2y$10$aShHFQJ.SHo4O8mRpbcpmut/KlPD3GIyJmIoeuWtIBNPvZ4crha5W', 2, 17),
(18, 'Hastings', 'Blint', 'Hastings.Blint@ambiente.com', '$2y$10$ZxQbdgQ3J6YoMSeei9wIPeoS4P.fPf6urO38ZtwOijqJtokt3ldYq', 2, 18),
(20, 'Charlie', 'Petrolli', 'Charlie.Petrolli@ambiente.com', '$2y$10$B6gcyB7g.Gu8yyrFzUPKeeuYfSro3ssJhkmx0bWI/uEHnURcKb3yG', 1, 20),
(21, 'Howie', 'Smewings', 'Howie.Smewings@ambiente.com', '$2y$10$hCJIztNwkQBEYtDO.3wl7O/.Xj0gorUYBcQgpVxMebuQaPzqvdLXa', 1, 21),
(22, 'Conny', 'Marre', 'Conny.Marre@ambiente.com', '$2y$10$TsOKP5vdQlD7Ci.KsrGFQuF5vGR0cse.gxjCU.H8paClbS14diTF.', 2, 22),
(23, 'Emlen', 'Dwire', 'Emlen.Dwire@ambiente.com', '$2y$10$EbYoaLsiPjm1ToKCLVyRfeQUXRaIWvDAQWUruy0.FtMz4T65FJP1y', 2, 23),
(24, 'Padraig', 'Bushaway', 'Padraig.Bushaway@ambiente.com', '$2y$10$UWjIGZE6q.hFyMCfB.HyNeXe6nhArw3/0mj48dV4vK5K63PXZeXGG', 3, 24),
(25, 'Laetitia', 'Loveless', 'Laetitia.Loveless@ambiente.com', '$2y$10$qXQTmn0phpcA8pbxE7xvbOyZEvEVSW9VInWGCmwW.4pj46syBqCXq', 3, 25),
(26, 'Meier', 'Heiss', 'Meier.Heiss@ambiente.com', '$2y$10$w3b2xw4MWmzBfCKs05T1.Ol5a3AWdbU3YH8rmJ/dsXQW7L4IZPUJq', 3, 26),
(27, 'Sherman', 'Haggus', 'Sherman.Haggus@ambiente.com', '$2y$10$uJFt2hI3rF4m6NC8zZceFeSox8DlWf9pdYXgYL36haBvjmOzXDr.q', 3, 27),
(29, 'Jada', 'Corde', 'Jada.Corde@ambiente.com', '$2y$10$KwYnKsiS2Ypj4RJeE/mVX.sH3irYj.8cYLo4O.YZ58LJQv8OuBg0G', 2, 29),
(30, 'Cornelius', 'Laba', 'Cornelius.Laba@ambiente.com', '$2y$10$53Tex5Yg6jGydJif6w2STO4pStBBnhdUO8aPPwoP/.Y8ShcN8huv6', 3, 30),
(31, 'Roxy', 'Schimon', 'Roxy.Schimon@ambiente.com', '$2y$10$7Pxx3llT4KEkns1OWhVPOO3ON8fvOo0SLQXcaXsPCmBkXtIhyW0O.', 2, 31),
(32, 'Kelcy', 'Adenet', 'Kelcy.Adenet@ambiente.com', '$2y$10$JjtJgPKR5NPMyndgYbxPW.kjhPYtrA6B9aREV.CIzOg.3SAMyYyb.', 3, 32),
(33, 'Shirlee', 'McGiven', 'Shirlee.McGiven@ambiente.com', '$2y$10$6mcayw4aVpJ.s8SVzWIiyusEsdceCmGfwlD7XKNrIpHcr.Z5sGqwC', 3, 33),
(34, 'Kalli', 'Osbourn', 'Kalli.Osbourn@ambiente.com', '$2y$10$bf4CT1ZHBKBlXcTCz7x1ueCW6HXRwRvbG8.T5NwbDtDO4.k7YF70a', 1, 34),
(35, 'Leighton', 'Ksandra', 'Leighton.Ksandra@ambiente.com', '$2y$10$I44lGvABCeGjcbrF8Fux2uOzALMlGwYx2t3wMUG5oDIMJRavcFl72', 2, 35),
(36, 'Wang', 'Wheble', 'Wang.Wheble@ambiente.com', '$2y$10$np0ck2GGi5M3Y8.8P9gNOus1GN/CjmDV/SWN1adCSROzFxt0NWkHO', 1, 36),
(37, 'Leigh', 'Ivanaev', 'Leigh.Ivanaev@ambiente.com', '$2y$10$VTyQ8FJ.XnwCLrNulOyFmuQUIfI0vRCX22jLibcx8ywk7HvvxB8KK', 3, 37),
(38, 'Warner', 'Clift', 'Warner.Clift@ambiente.com', '$2y$10$VmuypUXw/xlF3PXjdb9uaeUzRAD7/r9PCWC/ZUYjDXT8O/TiVtttu', 1, 38),
(40, 'Robert', 'Ebbins', 'Robert.Ebbins@ambiente.com', '$2y$10$Ghl1bsrqkn9MC24OL4QVa.wELkxq/hgnq3s66Ucn9WWV479OagIQy', 1, 40),
(41, 'Taffy', 'Sloey', 'Taffy.Sloey@ambiente.com', '$2y$10$zcW5hwprA/YdZgsrmmMmKuExCm8dhDtwH4y/hwSieUWfE4Lgo.Sl2', 3, 41),
(42, 'Demeter', 'Cruce', 'Demeter.Cruce@ambiente.com', '$2y$10$762x2uCDXoiEOctz5kgG8uxuBvupzpmZn7sM6zMgut7H.xwzKqytq', 1, 42),
(43, 'Claiborn', 'Shekle', 'Claiborn.Shekle@ambiente.com', '$2y$10$C4ALrR.j1Xm/qyGLIC4oQ.zo730g0vBDK43cmg4x0DBwZLPZLyPsW', 1, 43),
(44, 'Marietta', 'Haughan', 'Marietta.Haughan@ambiente.com', '$2y$10$544BgUPGc5jByvDbm4qoH.yGOOsv0Rqw0U/UzoT/PX9sFoORmeh4S', 2, 44),
(45, 'Johan', 'Tibalt', 'Johan.Tibalt@ambiente.com', '$2y$10$heKyIbqgbgLC.fWjpJG48OrTssKa53525ml26EVs/mqA2KD8onAk6', 2, 45),
(46, 'Cos', 'Stickings', 'Cos.Stickings@ambiente.com', '$2y$10$hKAGlQFuFcJMhZkTdEWNT.ydz3A6gytAGryZuEkGoZQ/W8rge2bw2', 1, 46),
(47, 'Bill', 'Castro', 'Bill.Castro@ambiente.com', '$2y$10$4/XvLGKbkld4qI1RBRJuRO6iZwR5EgeoO95OQ7k/qDiKtwsGCLsi.', 3, 47),
(48, 'Myrah', 'Meadows', 'Myrah.Meadows@ambiente.com', '$2y$10$lZkyPKUW5EHYKPCNruCwtuK3tb08a61pX085FfS0cuqGVOQ7cpS1S', 2, 48),
(49, 'Wittie', 'Byford', 'Wittie.Byford@ambiente.com', '$2y$10$M0Dh.W39u1yXKGwIXeeKjO8vzBT/uq0PWuUC/1ChKFcbDipXRa2S.', 1, 49),
(50, 'Linoel', 'Grisard', 'Linoel.Grisard@ambiente.com', '$2y$10$zW2KkXefuCyJyNHnM24IoOJi7ccjPSLVak0YHyDDvR3Cehe8ItIm6', 3, 50),
(57, 'Bob', 'Suips', 'bob.suips@ambiente.it', '$2y$10$DaDmNyBG/henEynSKzKRHOGmrl7xlHlwp8enNv7aYfAMA2Pc1OM9K', 1, 74);

--
-- Indici per le tabelle scaricate
--

--
-- Indici per le tabelle `amministratore`
--
ALTER TABLE `amministratore`
  ADD PRIMARY KEY (`IdAmministratore`);

--
-- Indici per le tabelle `categoria`
--
ALTER TABLE `categoria`
  ADD PRIMARY KEY (`IdCategoria`);

--
-- Indici per le tabelle `fauna`
--
ALTER TABLE `fauna`
  ADD PRIMARY KEY (`IdFauna`),
  ADD KEY `fk_IdCategoria` (`fk_IdCategoria`),
  ADD KEY `fk_IdParco` (`fk_IdParco`);

--
-- Indici per le tabelle `flora`
--
ALTER TABLE `flora`
  ADD PRIMARY KEY (`IdFlora`),
  ADD KEY `fk_IdParco` (`fk_IdParco`);

--
-- Indici per le tabelle `parco`
--
ALTER TABLE `parco`
  ADD PRIMARY KEY (`IdParco`),
  ADD KEY `fk_IdAmministratore` (`fk_IdAmministratore`);

--
-- Indici per le tabelle `responsabile`
--
ALTER TABLE `responsabile`
  ADD PRIMARY KEY (`IdResponsabile`),
  ADD KEY `fk_IdAmministratore` (`fk_IdAmministratore`),
  ADD KEY `fk_IdParco` (`fk_IdParco`);

--
-- AUTO_INCREMENT per le tabelle scaricate
--

--
-- AUTO_INCREMENT per la tabella `amministratore`
--
ALTER TABLE `amministratore`
  MODIFY `IdAmministratore` int(11) NOT NULL AUTO_INCREMENT, AUTO_INCREMENT=4;

--
-- AUTO_INCREMENT per la tabella `categoria`
--
ALTER TABLE `categoria`
  MODIFY `IdCategoria` int(11) NOT NULL AUTO_INCREMENT, AUTO_INCREMENT=497;

--
-- AUTO_INCREMENT per la tabella `fauna`
--
ALTER TABLE `fauna`
  MODIFY `IdFauna` int(11) NOT NULL AUTO_INCREMENT, AUTO_INCREMENT=1915;

--
-- AUTO_INCREMENT per la tabella `flora`
--
ALTER TABLE `flora`
  MODIFY `IdFlora` int(11) NOT NULL AUTO_INCREMENT, AUTO_INCREMENT=1029;

--
-- AUTO_INCREMENT per la tabella `parco`
--
ALTER TABLE `parco`
  MODIFY `IdParco` int(11) NOT NULL AUTO_INCREMENT, AUTO_INCREMENT=157;

--
-- AUTO_INCREMENT per la tabella `responsabile`
--
ALTER TABLE `responsabile`
  MODIFY `IdResponsabile` int(11) NOT NULL AUTO_INCREMENT, AUTO_INCREMENT=58;

--
-- Limiti per le tabelle scaricate
--

--
-- Limiti per la tabella `fauna`
--
ALTER TABLE `fauna`
  ADD CONSTRAINT `fauna_ibfk_1` FOREIGN KEY (`fk_IdCategoria`) REFERENCES `categoria` (`IdCategoria`) ON DELETE RESTRICT ON UPDATE RESTRICT,
  ADD CONSTRAINT `fauna_ibfk_2` FOREIGN KEY (`fk_IdParco`) REFERENCES `parco` (`IdParco`) ON DELETE RESTRICT ON UPDATE RESTRICT;

--
-- Limiti per la tabella `flora`
--
ALTER TABLE `flora`
  ADD CONSTRAINT `flora_ibfk_1` FOREIGN KEY (`fk_IdParco`) REFERENCES `parco` (`IdParco`) ON DELETE RESTRICT ON UPDATE RESTRICT;

--
-- Limiti per la tabella `parco`
--
ALTER TABLE `parco`
  ADD CONSTRAINT `parco_ibfk_1` FOREIGN KEY (`fk_IdAmministratore`) REFERENCES `amministratore` (`IdAmministratore`) ON DELETE RESTRICT ON UPDATE RESTRICT;

--
-- Limiti per la tabella `responsabile`
--
ALTER TABLE `responsabile`
  ADD CONSTRAINT `responsabile_ibfk_1` FOREIGN KEY (`fk_IdAmministratore`) REFERENCES `amministratore` (`IdAmministratore`) ON DELETE RESTRICT ON UPDATE RESTRICT,
  ADD CONSTRAINT `responsabile_ibfk_2` FOREIGN KEY (`fk_IdParco`) REFERENCES `parco` (`IdParco`) ON DELETE RESTRICT ON UPDATE RESTRICT;
COMMIT;

/*!40101 SET CHARACTER_SET_CLIENT=@OLD_CHARACTER_SET_CLIENT */;
/*!40101 SET CHARACTER_SET_RESULTS=@OLD_CHARACTER_SET_RESULTS */;
/*!40101 SET COLLATION_CONNECTION=@OLD_COLLATION_CONNECTION */;
